product_id,product_name,brand_name,category,price,product_tier,catalog_rating,catalog_review_count,loves_count,review_rows,reviewing_customers,avg_review_rating,positive_reviews,neutral_reviews,negative_reviews,positive_review_pct,neutral_review_pct,negative_review_pct,five_star_reviews,four_star_reviews,three_star_reviews,two_star_reviews,one_star_reviews,skin_type_coverage,skin_tone_coverage,review_action_segment
P420652,Lip Sleeping Mask Intense Hydration with Vitamin C,LANEIGE,Skincare,24.0,budget,4.3508,16118,1081315,16138,15853,4.35,13213.0,1066.0,1859.0,81.88,6.61,11.52,11420.0,1793.0,1066.0,879.0,980.0,5,14,Normal Review Profile
P7880,Soy Hydrating Gentle Face Cleanser,fresh,Skincare,39.0,premium,4.3628,8733,282865,8736,8544,4.36,7300.0,596.0,840.0,83.56,6.82,9.62,5852.0,1448.0,596.0,432.0,408.0,5,12,Normal Review Profile
P218700,100 percent Pure Argan Oil,Josie Maran,Skincare,49.0,premium,4.4998,7763,134089,7763,7461,4.5,6851.0,375.0,537.0,88.25,4.83,6.92,5595.0,1256.0,375.0,271.0,266.0,5,10,Loved Product
P248407,Ultra Repair Cream Intense Hydration,First Aid Beauty,Skincare,38.0,premium,4.52,7539,300432,7547,7385,4.52,6617.0,369.0,561.0,87.68,4.89,7.43,5702.0,915.0,369.0,263.0,298.0,5,12,Loved Product
P269122,Alpha Beta Extra Strength Daily Peel Pads,Dr. Dennis Gross Skincare,Skincare,92.0,luxury,4.5455,7412,234295,7414,7378,4.55,6770.0,330.0,314.0,91.31,4.45,4.24,5184.0,1586.0,330.0,129.0,185.0,5,13,Loved Product
P394639,The True Cream Aqua Bomb,belif,Skincare,38.0,premium,4.4841,7292,265050,7294,7287,4.48,6400.0,422.0,472.0,87.74,5.79,6.47,5113.0,1287.0,422.0,253.0,219.0,5,12,Loved Product
P450271,Green Clean Makeup Meltaway Cleansing Balm Limited Edition Jumbo,Farmacy,Skincare,60.0,luxury,4.4958,6158,0,6169,6148,4.5,5336.0,288.0,545.0,86.5,4.67,8.83,4741.0,595.0,288.0,236.0,309.0,5,14,Loved Product
P417238,Green Clean Makeup Removing Cleansing Balm,Farmacy,Skincare,36.0,premium,4.4958,6158,403801,6169,6148,4.5,5336.0,288.0,545.0,86.5,4.67,8.83,4741.0,595.0,288.0,236.0,309.0,5,14,Loved Product
P427421,Protini Polypeptide Firming Refillable Moisturizer,Drunk Elephant,Skincare,68.0,luxury,3.962,6048,411372,6063,6056,3.96,4257.0,603.0,1203.0,70.21,9.95,19.84,3431.0,826.0,603.0,541.0,662.0,5,12,Normal Review Profile
P411387,Superfood Antioxidant Cleanser,Youth To The People,Skincare,39.0,premium,4.2112,5851,404142,5864,5810,4.21,4535.0,552.0,777.0,77.34,9.41,13.25,3719.0,816.0,552.0,394.0,383.0,5,13,Normal Review Profile
P441644,Mini Superfood Antioxidant Cleanser,Youth To The People,Skincare,14.0,budget,4.2121,5841,121678,5854,5803,4.21,4529.0,550.0,775.0,77.37,9.4,13.24,3715.0,814.0,550.0,393.0,382.0,5,12,Normal Review Profile
P427417,Niacinamide 10% + Zinc 1% Oil Control Serum,The Ordinary,Skincare,6.0,budget,4.2439,5778,763168,5795,5788,4.24,4670.0,300.0,825.0,80.59,5.18,14.24,3884.0,786.0,300.0,290.0,535.0,5,14,Normal Review Profile
P309308,Good Genes All-In-One AHA Lactic Acid Treatment,Sunday Riley,Skincare,122.0,luxury,4.3375,5393,262434,5400,5385,4.34,4505.0,231.0,664.0,83.43,4.28,12.3,3773.0,732.0,231.0,272.0,392.0,5,11,Normal Review Profile
P411540,Cicapair Tiger Grass Color Correcting Treatment SPF 30,Dr. Jart+,Skincare,52.0,premium,3.9904,5309,210786,5321,5302,3.99,3804.0,581.0,936.0,71.49,10.92,17.59,2845.0,959.0,581.0,488.0,448.0,5,12,Normal Review Profile
P42204,Rosebud Salve,Rosebud Perfume Co.,Skincare,7.0,budget,4.6463,5199,81724,5200,5047,4.64,4801.0,189.0,210.0,92.33,3.63,4.04,4061.0,740.0,189.0,112.0,98.0,5,11,Loved Product
P471546,Mini Cicapair Tiger Grass Color Correcting Treatment SPF 30,Dr. Jart+,Skincare,21.0,budget,4.0165,5028,74947,5035,5018,4.02,3643.0,544.0,848.0,72.35,10.8,16.84,2725.0,918.0,544.0,442.0,406.0,5,12,Normal Review Profile
P248404,Pure Skin Face Cleanser,First Aid Beauty,Skincare,24.0,budget,4.3738,4727,146805,4729,4660,4.37,3973.0,293.0,463.0,84.01,6.2,9.79,3222.0,751.0,293.0,228.0,235.0,5,10,Normal Review Profile
P423688,Daily Microfoliant Exfoliator,Dermalogica,Skincare,65.0,luxury,4.696,4598,95311,4600,4582,4.7,4330.0,152.0,118.0,94.13,3.3,2.57,3647.0,683.0,152.0,60.0,58.0,5,11,Loved Product
P443352,Mini Daily Microfoliant Exfoliator,Dermalogica,Skincare,18.0,budget,4.696,4598,110141,4600,4582,4.7,4330.0,152.0,118.0,94.13,3.3,2.57,3647.0,683.0,152.0,60.0,58.0,5,11,Loved Product
P421275,Salicylic Acid Acne Healing Dots,Peace Out,Skincare,19.0,budget,4.1779,4560,316297,4576,4569,4.18,3619.0,291.0,666.0,79.09,6.36,14.55,2860.0,759.0,291.0,241.0,425.0,5,13,Normal Review Profile
P297524,Clear Improvement Active Charcoal Mask to Clear Pores,Origins,Skincare,17.0,budget,4.3292,4526,194892,4526,4493,4.33,3817.0,323.0,386.0,84.33,7.14,8.53,2781.0,1036.0,323.0,190.0,196.0,5,11,Normal Review Profile
P394624,The True Cream Moisturizing Bomb,belif,Skincare,38.0,premium,4.5631,4523,151868,4526,4517,4.56,4092.0,215.0,219.0,90.41,4.75,4.84,3318.0,774.0,215.0,104.0,115.0,5,10,Loved Product
P429952,Jet Lag Mask,Summer Fridays,Skincare,49.0,premium,4.0262,4427,245435,4430,4406,4.03,3260.0,341.0,829.0,73.59,7.7,18.71,2633.0,627.0,341.0,310.0,519.0,5,14,Normal Review Profile
P480630,Mini Jet Lag Mask,Summer Fridays,Skincare,26.0,mid,4.0262,4427,2900,4430,4406,4.03,3260.0,341.0,829.0,73.59,7.7,18.71,2633.0,627.0,341.0,310.0,519.0,5,14,Normal Review Profile
P126301,Take The Day Off Cleansing Balm Makeup Remover,CLINIQUE,Skincare,38.0,premium,4.5294,4375,185324,4376,4340,4.53,3846.0,213.0,317.0,87.89,4.87,7.24,3339.0,507.0,213.0,142.0,175.0,5,11,Loved Product
P453816,Mini Take The Day Off Cleansing Balm Makeup Remover,CLINIQUE,Skincare,14.0,budget,4.5294,4375,37388,4376,4340,4.53,3846.0,213.0,317.0,87.89,4.87,7.24,3339.0,507.0,213.0,142.0,175.0,5,11,Loved Product
P456412,Greek Yoghurt Foaming Cream Cleanser,KORRES,Skincare,28.0,mid,4.5667,4186,38097,4186,4177,4.57,3814.0,197.0,175.0,91.11,4.71,4.18,3000.0,814.0,197.0,94.0,81.0,5,13,Loved Product
P418218,The Water Cream Oil-Free Pore Minimizing Moisturizer,Tatcha,Skincare,70.0,luxury,4.0245,4168,373877,4170,4164,4.02,2987.0,437.0,746.0,71.63,10.48,17.89,2424.0,563.0,437.0,349.0,397.0,5,11,Normal Review Profile
P454794,Mini The Water Cream,Tatcha,Skincare,22.0,budget,4.0245,4168,23723,4170,4164,4.02,2987.0,437.0,746.0,71.63,10.48,17.89,2424.0,563.0,437.0,349.0,397.0,5,11,Normal Review Profile
P122900,Dramatically Different Moisturizing Gel,CLINIQUE,Skincare,32.5,mid,4.4383,3977,95864,3978,3914,4.44,3432.0,234.0,312.0,86.27,5.88,7.84,2748.0,684.0,234.0,162.0,150.0,5,10,Loved Product
P409800,Cleansing & Exfoliating Wipes,SEPHORA COLLECTION,Skincare,3.0,budget,4.3383,3837,266116,3837,3835,4.34,3189.0,276.0,372.0,83.11,7.19,9.7,2526.0,663.0,276.0,164.0,208.0,5,13,Normal Review Profile
P427419,Hyaluronic Acid 2% + B5 Hydrating Serum,The Ordinary,Skincare,15.7,budget,4.2133,3788,720504,3800,3797,4.21,3013.0,253.0,534.0,79.29,6.66,14.05,2420.0,593.0,253.0,238.0,296.0,5,14,Normal Review Profile
P443563,Lip Glowy Balm,LANEIGE,Skincare,18.0,budget,4.3923,3722,471406,3742,3679,4.39,3143.0,289.0,310.0,83.99,7.72,8.28,2502.0,641.0,289.0,188.0,122.0,5,14,Normal Review Profile
P460779,Skinlongevity Long Life Herb Anti-Aging Face Serum,bareMinerals,Skincare,65.0,luxury,4.4339,3727,7614,3727,3727,4.43,3332.0,321.0,74.0,89.4,8.61,1.99,2103.0,1229.0,321.0,57.0,17.0,5,10,Loved Product
P12573,Intense Therapy Lip Balm SPF 25,Jack Black,Skincare,10.0,budget,4.6818,3595,123439,3595,3466,4.68,3331.0,130.0,134.0,92.66,3.62,3.73,2923.0,408.0,130.0,60.0,74.0,5,12,Loved Product
P433520,Magic Cream Moisturizer with Hyaluronic Acid,Charlotte Tilbury,Skincare,100.0,luxury,4.4045,3434,111513,3472,3472,4.4,3000.0,245.0,227.0,86.41,7.06,6.54,2198.0,802.0,245.0,123.0,104.0,5,10,Loved Product
P270594,Vitamin Enriched Face Base Priming Moisturizer,Bobbi Brown,Skincare,66.0,luxury,4.6058,3440,171118,3441,3438,4.61,3155.0,143.0,143.0,91.69,4.16,4.16,2579.0,576.0,143.0,78.0,65.0,5,10,Loved Product
P392246,T.L.C. Framboos Glycolic Resurfacing Night Serum,Drunk Elephant,Skincare,90.0,luxury,4.3492,3439,290028,3440,3437,4.35,2862.0,165.0,413.0,83.2,4.8,12.01,2437.0,425.0,165.0,165.0,248.0,5,10,Normal Review Profile
P481817,"Beauty Elixir Prep, Set, Glow Face Mist",Caudalie,Skincare,49.0,premium,4.2396,3405,39840,3408,3310,4.24,2747.0,270.0,391.0,80.6,7.92,11.47,2089.0,658.0,270.0,173.0,218.0,5,13,Normal Review Profile
P467762,Mini Watermelon Glow PHA + BHA Pore-Tight Toner,Glow Recipe,Skincare,15.0,budget,4.3728,3305,111141,3321,3313,4.37,2785.0,243.0,293.0,83.86,7.32,8.82,2201.0,584.0,243.0,147.0,146.0,5,10,Normal Review Profile
P458219,Watermelon Glow PHA + BHA Pore-Tight Toner,Glow Recipe,Skincare,34.0,mid,4.3728,3305,252846,3321,3313,4.37,2785.0,243.0,293.0,83.86,7.32,8.82,2201.0,584.0,243.0,147.0,146.0,5,10,Normal Review Profile
P297516,Checks and Balances Frothy Face Wash,Origins,Skincare,27.0,mid,4.2888,3286,98621,3287,3265,4.29,2675.0,209.0,403.0,81.38,6.36,12.26,2167.0,508.0,209.0,201.0,202.0,5,10,Normal Review Profile
P454380,Unseen Sunscreen SPF 40 PA+++,Supergoop!,Skincare,48.0,premium,4.26,3262,302951,3268,3264,4.26,2578.0,237.0,453.0,78.89,7.25,13.86,2221.0,357.0,237.0,225.0,228.0,5,12,Normal Review Profile
P470255,Mini Unseen Sunscreen SPF 40 PA+++,Supergoop!,Skincare,22.0,budget,4.2604,3260,66960,3266,3262,4.26,2577.0,237.0,452.0,78.9,7.26,13.84,2220.0,357.0,237.0,224.0,228.0,5,12,Normal Review Profile
P442563,AHA 30% + BHA 2% Exfoliating Peeling Solution,The Ordinary,Skincare,9.5,budget,4.5734,3242,533877,3246,3241,4.57,2905.0,148.0,193.0,89.49,4.56,5.95,2508.0,397.0,148.0,76.0,117.0,5,14,Loved Product
P480612,Santorini Grape Poreless Skin Cream,KORRES,Skincare,38.5,premium,4.4026,3167,5890,3167,3167,4.4,2813.0,278.0,76.0,88.82,8.78,2.4,1723.0,1090.0,278.0,58.0,18.0,5,10,Loved Product
P441101,The Dewy Skin Cream Plumping & Hydrating Moisturizer,Tatcha,Skincare,70.0,luxury,4.1023,3148,388775,3162,3160,4.1,2335.0,274.0,553.0,73.85,8.67,17.49,1992.0,343.0,274.0,271.0,282.0,5,12,Normal Review Profile
P232903,EradiKate Acne Treatment,Kate Somerville,Skincare,28.0,mid,4.2243,3152,93898,3153,3097,4.22,2573.0,176.0,404.0,81.6,5.58,12.81,1959.0,614.0,176.0,136.0,268.0,5,10,Normal Review Profile
P378852,GinZing Ultra-Hydrating Energy-Boosting Cream,Origins,Skincare,36.0,premium,4.401,3135,87846,3136,3124,4.4,2719.0,188.0,229.0,86.7,5.99,7.3,2006.0,713.0,188.0,127.0,102.0,5,10,Loved Product
P456207,Greek Yoghurt Nourishing Probiotic Gel-Cream,KORRES,Skincare,38.5,premium,4.348,3112,9157,3112,3112,4.35,2681.0,306.0,125.0,86.15,9.83,4.02,1674.0,1007.0,306.0,90.0,35.0,5,10,Loved Product
P478030,Mini Oat Cleansing Balm,The INKEY List,Skincare,5.99,budget,3.6098,2968,40474,3000,2989,3.6,1793.0,421.0,786.0,59.77,14.03,26.2,1226.0,567.0,421.0,365.0,421.0,5,12,High Complaint Risk
P455364,Oat Cleansing Balm,The INKEY List,Skincare,11.99,budget,3.6098,2968,127819,3000,2989,3.6,1793.0,421.0,786.0,59.77,14.03,26.2,1226.0,567.0,421.0,365.0,421.0,5,12,High Complaint Risk
P232915,ExfoliKate Intensive Pore Exfoliating Treatment,Kate Somerville,Skincare,98.0,luxury,4.4375,2990,75332,2991,2929,4.44,2605.0,156.0,230.0,87.09,5.22,7.69,2044.0,561.0,156.0,107.0,123.0,5,10,Loved Product
P422905,Moisturizing Eye Bomb with Squalane,belif,Skincare,48.0,premium,4.4641,2965,101158,2966,2964,4.46,2617.0,189.0,160.0,88.23,6.37,5.39,1966.0,651.0,189.0,80.0,80.0,5,10,Loved Product
P430337,C-Rush Vitamin C Gel Moisturizer,OLEHENRIKSEN,Skincare,51.0,premium,4.3404,2961,105730,2961,2957,4.34,2497.0,191.0,273.0,84.33,6.45,9.22,1889.0,608.0,191.0,129.0,144.0,5,10,Normal Review Profile
P302103,Sugar Advanced Lip Balm Intense Hydration Treatment,fresh,Skincare,28.0,mid,4.2837,2957,125611,2958,2883,4.28,2395.0,186.0,377.0,80.97,6.29,12.75,1971.0,424.0,186.0,186.0,191.0,5,10,Normal Review Profile
P439061,Glow2OH Dark Spot Toner,OLEHENRIKSEN,Skincare,35.0,mid,4.1922,2955,182201,2957,2953,4.19,2384.0,212.0,361.0,80.62,7.17,12.21,1726.0,658.0,212.0,139.0,222.0,5,11,Normal Review Profile
P375849,Facial Treatment Essence (Pitera Essence),SK-II,Skincare,245.0,luxury,4.081,2951,112101,2951,2936,4.08,2226.0,328.0,397.0,75.43,11.11,13.45,1574.0,652.0,328.0,184.0,213.0,5,10,Normal Review Profile
P426183,Mini Facial Treatment Essence (Pitera Essence),SK-II,Skincare,99.0,luxury,4.0807,2949,49032,2949,2934,4.08,2224.0,328.0,397.0,75.42,11.12,13.46,1573.0,651.0,328.0,184.0,213.0,5,10,Normal Review Profile
P456398,Ultimate Sun Protector Lotion SPF 50+ Sunscreen,Shiseido,Skincare,50.0,premium,4.4864,2936,42257,2937,2937,4.49,2640.0,182.0,115.0,89.89,6.2,3.92,1907.0,733.0,182.0,49.0,66.0,5,11,Loved Product
P94421,Vinoperfect Radiance Dark Spot Serum Vitamin C Alternative,Caudalie,Skincare,82.0,luxury,4.2442,2911,166423,2914,2869,4.24,2347.0,199.0,368.0,80.54,6.83,12.63,1854.0,493.0,199.0,162.0,206.0,5,10,Normal Review Profile
P427406,Glycolic Acid 7% Exfoliating Toning Solution,The Ordinary,Skincare,13.0,budget,4.3456,2891,542743,2897,2896,4.34,2415.0,162.0,320.0,83.36,5.59,11.05,1984.0,431.0,162.0,137.0,183.0,5,13,Normal Review Profile
P431180,Self Tanning Bronzing Face Drops,Isle of Paradise,Skincare,32.0,mid,3.9547,2849,209716,2852,2836,3.95,2041.0,294.0,517.0,71.56,10.31,18.13,1502.0,539.0,294.0,213.0,304.0,5,11,Normal Review Profile
P173726,Facial Cotton,Shiseido,Skincare,13.0,budget,4.8284,2827,133163,2827,2777,4.83,2715.0,63.0,49.0,96.04,2.23,1.73,2528.0,187.0,63.0,24.0,25.0,5,10,Loved Product
P481084,Mini Revitalizing Supreme+ Youth Power Creme Moisturizer,Estée Lauder,Skincare,64.0,luxury,4.3202,2783,1449,2783,2777,4.32,2373.0,305.0,105.0,85.27,10.96,3.77,1437.0,936.0,305.0,74.0,31.0,5,10,Loved Product
P479839,Revitalizing Supreme+ Youth Power Creme Moisturizer,Estée Lauder,Skincare,98.0,luxury,4.3202,2783,4961,2783,2777,4.32,2373.0,305.0,105.0,85.27,10.96,3.77,1437.0,936.0,305.0,74.0,31.0,5,10,Loved Product
P426836,Beste No. 9 Jelly Cleanser,Drunk Elephant,Skincare,34.0,mid,3.9426,2702,113466,2704,2703,3.94,1912.0,274.0,518.0,70.71,10.13,19.16,1460.0,452.0,274.0,212.0,306.0,5,11,Normal Review Profile
P421235,Double Serum Firming & Smoothing Anti-Aging Concentrate,Clarins,Skincare,90.0,luxury,4.2503,2605,59652,2607,2607,4.25,2143.0,330.0,134.0,82.2,12.66,5.14,1292.0,851.0,330.0,90.0,44.0,5,10,Normal Review Profile
P278317,Facial Radiance Pads,First Aid Beauty,Skincare,36.0,premium,4.2781,2571,127405,2573,2535,4.28,2113.0,173.0,287.0,82.12,6.72,11.15,1622.0,491.0,173.0,124.0,163.0,5,11,Normal Review Profile
P4016,Acne Control Clarifying Cleanser,Murad,Skincare,36.0,premium,4.2348,2572,56973,2572,2512,4.23,2088.0,154.0,330.0,81.18,5.99,12.83,1647.0,441.0,154.0,101.0,229.0,5,10,Normal Review Profile
P406712,B-Hydra Intensive Hydration Serum with Hyaluronic Acid,Drunk Elephant,Skincare,49.0,premium,4.1863,2561,216418,2563,2555,4.19,1999.0,229.0,335.0,77.99,8.93,13.07,1554.0,445.0,229.0,159.0,176.0,5,12,Normal Review Profile
P415777,T.L.C. Sukari Babyfacial AHA + BHA Mask,Drunk Elephant,Skincare,80.0,luxury,4.2909,2554,274915,2555,2551,4.29,2071.0,143.0,341.0,81.06,5.6,13.35,1777.0,294.0,143.0,133.0,208.0,5,13,Normal Review Profile
P421996,Ultra Facial Moisturizing Cream with Squalane,Kiehl's Since 1851,Skincare,78.0,luxury,4.4469,2515,201776,2517,2510,4.45,2171.0,144.0,202.0,86.25,5.72,8.03,1770.0,401.0,144.0,106.0,96.0,5,11,Loved Product
P422510,Mini Ultra Facial Moisturizing Cream with Squalane,Kiehl's Since 1851,Skincare,24.0,budget,4.4469,2515,31687,2517,2510,4.45,2171.0,144.0,202.0,86.25,5.72,8.03,1770.0,401.0,144.0,106.0,96.0,5,11,Loved Product
P411403,Confidence in a Cream Anti-Aging Hydrating Moisturizer,IT Cosmetics,Skincare,20.0,budget,4.62,2484,62988,2487,2487,4.62,2313.0,113.0,61.0,93.0,4.54,2.45,1799.0,514.0,113.0,31.0,30.0,5,10,Loved Product
P473160,Mini The Essence  Skincare Boosting Treatment,Tatcha,Skincare,65.0,luxury,4.4442,2483,13964,2483,2480,4.44,2169.0,169.0,145.0,87.35,6.81,5.84,1635.0,534.0,169.0,72.0,73.0,5,10,Loved Product
P415771,The Essence Skincare Boosting Treatment,Tatcha,Skincare,110.0,luxury,4.4442,2483,113656,2483,2480,4.44,2169.0,169.0,145.0,87.35,6.81,5.84,1635.0,534.0,169.0,72.0,73.0,5,10,Loved Product
P479860,Mini Barrier+ Triple Lipid-Peptide Face Cream,Skinfix,Skincare,20.0,budget,4.2924,2449,33646,2466,2457,4.29,1959.0,221.0,286.0,79.44,8.96,11.6,1637.0,322.0,221.0,146.0,140.0,5,13,Normal Review Profile
P442840,Barrier+ Triple Lipid-Peptide Face Cream,Skinfix,Skincare,54.0,premium,4.2924,2449,206494,2466,2457,4.29,1959.0,221.0,286.0,79.44,8.96,11.6,1637.0,322.0,221.0,146.0,140.0,5,13,Normal Review Profile
P461537,The Rice Wash Skin-Softening Cleanser,Tatcha,Skincare,40.0,premium,4.5018,2449,190401,2453,2453,4.5,2164.0,133.0,156.0,88.22,5.42,6.36,1750.0,414.0,133.0,83.0,73.0,5,11,Loved Product
P504595,Mini Rice Wash Skin-Softening Cleanser,Tatcha,Skincare,18.0,budget,4.5018,2449,5450,2453,2453,4.5,2164.0,133.0,156.0,88.22,5.42,6.36,1750.0,414.0,133.0,83.0,73.0,5,11,Loved Product
P440651,Mini Acne Control Clarifying Cleanser,Murad,Skincare,14.0,budget,4.236,2449,12651,2449,2390,4.24,1992.0,144.0,313.0,81.34,5.88,12.78,1566.0,426.0,144.0,95.0,218.0,5,10,Normal Review Profile
P393718,Luna Sleeping Retinoid Night Oil,Sunday Riley,Skincare,105.0,luxury,4.0827,2442,174483,2444,2442,4.08,1827.0,171.0,446.0,74.75,7.0,18.25,1517.0,310.0,171.0,188.0,258.0,5,11,Normal Review Profile
P42205,Strawberry Lip Balm,Rosebud Perfume Co.,Skincare,8.0,budget,4.559,2440,55765,2441,2373,4.56,2213.0,122.0,106.0,90.66,5.0,4.34,1746.0,467.0,122.0,59.0,47.0,5,10,Loved Product
P376726,Maracuja Oil,tarte,Skincare,48.0,premium,4.396,2419,79986,2419,2391,4.4,2049.0,116.0,254.0,84.7,4.8,10.5,1732.0,317.0,116.0,104.0,150.0,5,10,Normal Review Profile
P461159,Estee Lauder Advanced Night Repair Synchronized Multi-Recovery Complex Serum,Estée Lauder,Skincare,115.0,luxury,4.0456,2410,58873,2412,2411,4.05,1793.0,428.0,191.0,74.34,17.74,7.92,993.0,800.0,428.0,120.0,71.0,5,10,Normal Review Profile
P461933,Advanced Night Repair Synchronized Multi-Recovery Complex Duo,Estée Lauder,Skincare,195.0,luxury,4.0456,2410,11269,2412,2411,4.05,1793.0,428.0,191.0,74.34,17.74,7.92,993.0,800.0,428.0,120.0,71.0,5,10,Normal Review Profile
P461160,Mini Advanced Night Repair Synchronized Multi-Recovery Complex,Estée Lauder,Skincare,19.0,budget,4.0456,2410,23348,2412,2411,4.05,1793.0,428.0,191.0,74.34,17.74,7.92,993.0,800.0,428.0,120.0,71.0,5,10,Normal Review Profile
P12336,Rose Face Mask,fresh,Skincare,64.0,luxury,4.1887,2411,125801,2411,2394,4.19,1892.0,224.0,295.0,78.47,9.29,12.24,1412.0,480.0,224.0,152.0,143.0,5,10,Normal Review Profile
P266126,Rosebud Salve in a Tube,Rosebud Perfume Co.,Skincare,7.0,budget,4.3797,2399,65272,2399,2333,4.38,2012.0,161.0,226.0,83.87,6.71,9.42,1639.0,373.0,161.0,111.0,115.0,5,10,Normal Review Profile
P504615,Mini Deep Cleanse Gentle Exfoliating Cleanser,Tatcha,Skincare,18.0,budget,4.1478,2361,5097,2364,2363,4.15,1806.0,246.0,312.0,76.4,10.41,13.2,1372.0,434.0,246.0,155.0,157.0,5,11,Normal Review Profile
P427536,The Deep Cleanse Gentle Exfoliating Cleanser,Tatcha,Skincare,40.0,premium,4.1478,2361,245976,2364,2363,4.15,1806.0,246.0,312.0,76.4,10.41,13.2,1372.0,434.0,246.0,155.0,157.0,5,11,Normal Review Profile
P440307,Superberry Hydrate + Glow Dream Night Mask with Vitamin C,Youth To The People,Skincare,52.0,premium,4.3237,2354,248887,2355,2346,4.32,1897.0,163.0,295.0,80.55,6.92,12.53,1664.0,233.0,163.0,147.0,148.0,5,10,Normal Review Profile
P461555,Mini Superberry Hydrate + Glow Dream Mask,Youth To The People,Skincare,18.0,budget,4.3237,2354,79524,2355,2346,4.32,1897.0,163.0,295.0,80.55,6.92,12.53,1664.0,233.0,163.0,147.0,148.0,5,10,Normal Review Profile
P422536,Original Skin Matte Moisturizer with Willowherb,Origins,Skincare,40.0,premium,4.4089,2306,54899,2306,2304,4.41,1980.0,158.0,168.0,85.86,6.85,7.29,1518.0,462.0,158.0,87.0,81.0,5,10,Loved Product
P448802,Brighten-i Eye Cream,The INKEY List,Skincare,12.99,budget,3.7617,1137,87730,2284,1140,3.76,1540.0,270.0,474.0,67.43,11.82,20.75,918.0,622.0,270.0,220.0,254.0,5,10,High Complaint Risk
P410400,U.F.O. Salicylic Acid BHA Acne Treatment Face Oil,Sunday Riley,Skincare,80.0,luxury,4.135,2281,123202,2283,2282,4.13,1764.0,117.0,402.0,77.27,5.12,17.61,1489.0,275.0,117.0,141.0,261.0,5,10,Normal Review Profile
P443842,Retinol Anti-Aging Serum,The INKEY List,Skincare,12.99,budget,4.3826,1137,200087,2278,1138,4.38,1956.0,120.0,202.0,85.86,5.27,8.87,1496.0,460.0,120.0,98.0,104.0,5,11,Loved Product
P500757,Microneedling Anti-Wrinkle Retinol Patches,Peace Out,Skincare,24.0,budget,3.9965,1128,4415,2262,1130,4.0,1700.0,202.0,360.0,75.15,8.93,15.92,1168.0,532.0,202.0,108.0,252.0,5,13,Normal Review Profile
P479841,Floral Recovery Overnight Mask with Squalane,fresh,Skincare,69.0,luxury,4.797,1128,30022,2256,1128,4.8,2196.0,26.0,34.0,97.34,1.15,1.51,1910.0,286.0,26.0,16.0,18.0,5,10,Loved Product
P418624,Noni Glow Plumping Face Oil,KORA Organics,Skincare,72.0,luxury,4.4112,1121,38003,2244,1117,4.41,1904.0,104.0,236.0,84.85,4.63,10.52,1624.0,280.0,104.0,110.0,126.0,5,10,Normal Review Profile
P427410,Vitamin C Suspension 23% + HA Spheres 2%,The Ordinary,Skincare,7.8,budget,3.4454,1109,132601,2226,1113,3.45,1260.0,252.0,714.0,56.6,11.32,32.08,886.0,374.0,252.0,274.0,440.0,5,10,High Complaint Risk
P459300,Mini GOOPGLOW Morning Skin Superpowder,goop,Skincare,12.0,budget,3.991,1110,2276,2220,1109,3.99,1534.0,510.0,176.0,69.1,22.97,7.93,886.0,648.0,510.0,132.0,44.0,5,10,Normal Review Profile
P456211,GOOPGLOW Morning Skin Superpowder,goop,Skincare,60.0,luxury,3.991,1110,3866,2220,1109,3.99,1534.0,510.0,176.0,69.1,22.97,7.93,886.0,648.0,510.0,132.0,44.0,5,10,Normal Review Profile
P455676,Yo Glow AHA & BHA Facial Enzyme Scrub,Wishful,Skincare,39.0,premium,4.246,2207,63463,2212,2196,4.24,1782.0,147.0,283.0,80.56,6.65,12.79,1419.0,363.0,147.0,117.0,166.0,5,10,Normal Review Profile
P458216,Mini Yo Glow AHA & BHA Facial Enzyme Scrub,Wishful,Skincare,21.0,budget,4.246,2207,38190,2212,2196,4.24,1782.0,147.0,283.0,80.56,6.65,12.79,1419.0,363.0,147.0,117.0,166.0,5,10,Normal Review Profile
P454120,F-Balm Electrolyte Waterfacial Mask,Drunk Elephant,Skincare,54.0,premium,4.1665,1105,71224,2210,1104,4.17,1720.0,210.0,280.0,77.83,9.5,12.67,1266.0,454.0,210.0,152.0,128.0,5,10,Normal Review Profile
P139000,All About Clean Liquid Facial Soap,CLINIQUE,Skincare,23.5,budget,4.3694,2206,57395,2206,2140,4.37,1863.0,148.0,195.0,84.45,6.71,8.84,1467.0,396.0,148.0,81.0,114.0,5,9,Normal Review Profile
P418629,C.E.O. Vitamin C Brightening Rich Hydration Moisturizer,Sunday Riley,Skincare,22.0,budget,3.9918,1101,5905,2202,1095,3.99,1574.0,210.0,418.0,71.48,9.54,18.98,1242.0,332.0,210.0,204.0,214.0,5,10,Normal Review Profile
P421243,Sugar Hydrating Lip Balm,fresh,Skincare,19.0,budget,4.1991,2200,132861,2200,2110,4.2,1703.0,239.0,258.0,77.41,10.86,11.73,1319.0,384.0,239.0,133.0,125.0,5,13,Normal Review Profile
P466123,Watermelon Glow Niacinamide Dew Drops,Glow Recipe,Skincare,35.0,mid,4.3975,2136,389213,2200,2200,4.41,1864.0,128.0,208.0,84.73,5.82,9.45,1548.0,316.0,128.0,98.0,110.0,5,12,Normal Review Profile
P474377,Indigo Overnight Repair Serum in Cream Treatment,Tatcha,Skincare,92.0,luxury,4.5474,1098,104455,2198,1099,4.55,1956.0,114.0,128.0,88.99,5.19,5.82,1634.0,322.0,114.0,68.0,60.0,5,11,Loved Product
P503191,Mini Indigo Overnight Repair Serum in Cream Treatment,Tatcha,Skincare,22.0,budget,4.5474,1098,17810,2198,1099,4.55,1956.0,114.0,128.0,88.99,5.19,5.82,1634.0,322.0,114.0,68.0,60.0,5,11,Loved Product
P473820,Advanced Night Repair Eye Concentrate Matrix Synchronized Multi-Recovery Complex,Estée Lauder,Skincare,82.0,luxury,4.3111,1096,5480,2192,1093,4.31,1872.0,234.0,86.0,85.4,10.68,3.92,1110.0,762.0,234.0,64.0,22.0,5,10,Loved Product
P472028,Capture Totale Super Potent Eye Serum,Dior,Skincare,85.0,luxury,4.3831,1091,8533,2184,1092,4.38,1900.0,212.0,72.0,87.0,9.71,3.3,1216.0,684.0,212.0,50.0,22.0,5,10,Loved Product
P384780,Pure Argan Milk Intensive Hydrating Treatment,Josie Maran,Skincare,56.0,premium,4.068,1088,39408,2178,1086,4.07,1624.0,186.0,368.0,74.56,8.54,16.9,1270.0,354.0,186.0,170.0,198.0,5,9,Normal Review Profile
P423259,Cicapair Tiger Grass Serum,Dr. Jart+,Skincare,52.0,premium,4.2657,1080,73240,2160,1079,4.27,1744.0,178.0,238.0,80.74,8.24,11.02,1350.0,394.0,178.0,116.0,122.0,5,10,Normal Review Profile
P385432,Acne Solutions Clinical Clearing Gel,CLINIQUE,Skincare,32.0,mid,4.2234,1079,59548,2158,1061,4.22,1742.0,120.0,296.0,80.72,5.56,13.72,1372.0,370.0,120.0,118.0,178.0,5,11,Normal Review Profile
P433444,Clear Improvement Charcoal Honey Mask to Purify and Nourish,Origins,Skincare,37.0,premium,4.6453,1074,34965,2148,1074,4.65,2026.0,66.0,56.0,94.32,3.07,2.61,1608.0,418.0,66.0,12.0,44.0,5,10,Loved Product
P431181,Self-Tanning Water,Isle of Paradise,Skincare,32.0,mid,3.712,1073,73112,2146,1068,3.71,1370.0,282.0,494.0,63.84,13.14,23.02,944.0,426.0,282.0,202.0,292.0,5,8,High Complaint Risk
P426707,Hello FAB Coconut Water Cream,First Aid Beauty,Skincare,36.0,premium,4.0009,1072,64785,2144,1071,4.0,1534.0,196.0,414.0,71.55,9.14,19.31,1232.0,302.0,196.0,208.0,206.0,5,10,Normal Review Profile
P419223,Shaba Complex Firming Eye Serum,Drunk Elephant,Skincare,60.0,luxury,3.8963,1070,75752,2140,1069,3.9,1490.0,266.0,384.0,69.63,12.43,17.94,1022.0,468.0,266.0,174.0,210.0,5,10,Normal Review Profile
P454378,Lotus Anti- Aging Daily Moisturizer,fresh,Skincare,54.0,premium,4.3963,1070,52999,2140,1069,4.4,1844.0,136.0,160.0,86.17,6.36,7.48,1396.0,448.0,136.0,68.0,92.0,5,10,Loved Product
P12295,Sugar Face Polish Exfoliator,fresh,Skincare,64.0,luxury,4.5196,1070,78005,2140,1054,4.52,1908.0,84.0,148.0,89.16,3.93,6.92,1562.0,346.0,84.0,78.0,70.0,5,10,Loved Product
P436359,Blueberry Bounce Gentle Cleanser,Glow Recipe,Skincare,34.0,mid,3.8103,1065,72289,2130,1065,3.81,1380.0,256.0,494.0,64.79,12.02,23.19,1096.0,284.0,256.0,238.0,256.0,5,10,High Complaint Risk
P459299,Mini GOOPGLOW Microderm Instant Glow Exfoliator,goop,Skincare,42.0,premium,4.4821,2128,14292,2128,2115,4.48,1890.0,167.0,71.0,88.82,7.85,3.34,1365.0,525.0,167.0,41.0,30.0,5,10,Loved Product
P456213,GOOPGLOW Microderm Instant Glow Exfoliator,goop,Skincare,125.0,luxury,4.4821,2128,17838,2128,2115,4.48,1890.0,167.0,71.0,88.82,7.85,3.34,1365.0,525.0,167.0,41.0,30.0,5,10,Loved Product
P427416,Caffeine 5% + EGCG Depuffing Eye Serum,The Ordinary,Skincare,8.9,budget,3.7715,2118,281928,2126,2123,3.77,1412.0,221.0,493.0,66.42,10.4,23.19,994.0,418.0,221.0,219.0,274.0,5,13,High Complaint Risk
P381030,Dramatically Different Moisturizing Lotion+,CLINIQUE,Skincare,32.5,mid,3.9101,2124,92239,2125,2113,3.91,1490.0,191.0,444.0,70.12,8.99,20.89,1141.0,349.0,191.0,190.0,254.0,5,11,High Complaint Risk
P384539,Deep Cleanser with Red Clay,First Aid Beauty,Skincare,24.0,budget,4.2608,1062,37998,2124,1060,4.26,1730.0,146.0,248.0,81.45,6.87,11.68,1336.0,394.0,146.0,108.0,140.0,5,11,Normal Review Profile
P430146,Superberry Hydrate + Glow Dream Oil,Youth To The People,Skincare,48.0,premium,4.5094,1062,109521,2124,1062,4.51,1840.0,82.0,202.0,86.63,3.86,9.51,1650.0,190.0,82.0,120.0,82.0,5,10,Loved Product
P454383,PLAY Everyday Sunscreen Lotion SPF 50 PA++++,Supergoop!,Skincare,34.0,mid,4.0954,1059,60887,2122,1056,4.09,1584.0,190.0,348.0,74.65,8.95,16.4,1260.0,324.0,190.0,172.0,176.0,5,11,Normal Review Profile
P454384,Mini PLAY Everyday Lotion SPF 50 with Sunflower Extract,Supergoop!,Skincare,22.0,budget,4.0954,1059,12937,2122,1056,4.09,1584.0,190.0,348.0,74.65,8.95,16.4,1260.0,324.0,190.0,172.0,176.0,5,11,Normal Review Profile
P481831,Tan Tonic Glow Drops,St. Tropez,Skincare,42.0,premium,4.6686,1053,11386,2106,1053,4.67,1952.0,94.0,60.0,92.69,4.46,2.85,1664.0,288.0,94.0,18.0,42.0,5,10,Loved Product
P449175,Aqua Bomb Hydrating Toner,belif,Skincare,30.0,mid,4.361,1050,24132,2100,1050,4.36,1816.0,174.0,110.0,86.48,8.29,5.24,1208.0,608.0,174.0,54.0,56.0,5,10,Loved Product
P455236,Glow Lip Pop Lip Balm,Glow Recipe,Skincare,22.0,budget,4.5778,1047,73756,2098,805,4.57,1896.0,108.0,94.0,90.37,5.15,4.48,1554.0,342.0,108.0,42.0,52.0,5,13,Loved Product
P433887,Squalane + Omega Repair Deep Hydration Moisturizer,Biossance,Skincare,60.0,luxury,4.2101,2089,76514,2096,2096,4.21,1672.0,195.0,229.0,79.77,9.3,10.93,1194.0,478.0,195.0,125.0,104.0,5,10,Normal Review Profile
P470041,"UV Expert Aquagel Defense Sunscreen, Primer & Moisturizer SPF 50 Duo",Lancôme,Skincare,65.0,luxury,4.2383,1045,3271,2090,1045,4.24,1706.0,212.0,172.0,81.63,10.14,8.23,1134.0,572.0,212.0,92.0,80.0,5,10,Normal Review Profile
P454838,Powerful-Strength Dark Circle Reducing Vitamin C Eye Serum,Kiehl's Since 1851,Skincare,55.0,premium,3.8646,1041,46025,2086,1042,3.86,1468.0,276.0,342.0,70.37,13.23,16.4,876.0,592.0,276.0,134.0,208.0,5,10,Normal Review Profile
P456566,Banana Bright 15% Vitamin C Serum,OLEHENRIKSEN,Skincare,71.0,luxury,3.9404,1041,88410,2082,1040,3.94,1484.0,208.0,390.0,71.28,9.99,18.73,1088.0,396.0,208.0,166.0,224.0,5,11,Normal Review Profile
P421276,ExfoliKate Glow Moisturizer,Kate Somerville,Skincare,76.0,luxury,4.511,1041,15906,2082,1037,4.51,1922.0,78.0,82.0,92.32,3.75,3.94,1354.0,568.0,78.0,34.0,48.0,5,10,Loved Product
P395615,Pore Minimizing Instant Detox Mask,Caudalie,Skincare,42.0,premium,4.5015,1029,185939,2080,1039,4.5,1838.0,94.0,148.0,88.37,4.52,7.12,1528.0,310.0,94.0,58.0,90.0,5,9,Loved Product
P188309,Acne Solutions Cleansing Foam,CLINIQUE,Skincare,23.5,budget,4.1686,1038,43458,2076,1012,4.17,1666.0,130.0,280.0,80.25,6.26,13.49,1194.0,472.0,130.0,126.0,154.0,5,10,Normal Review Profile
P463371,Mini Adaptogen Deep Moisture Cream with Ashwagandha + Reishi,Youth To The People,Skincare,18.0,budget,4.3655,2071,28957,2073,2070,4.36,1692.0,157.0,224.0,81.62,7.57,10.81,1462.0,230.0,157.0,122.0,102.0,5,10,Normal Review Profile
P432829,Adaptogen Deep Moisturizing Cream with Ashwagandha + Reishi,Youth To The People,Skincare,58.0,premium,4.3655,2071,104812,2073,2070,4.36,1692.0,157.0,224.0,81.62,7.57,10.81,1462.0,230.0,157.0,122.0,102.0,5,10,Normal Review Profile
P472050,Cold Plunge Pore Remedy Moisturizer with BHA/LHA,OLEHENRIKSEN,Skincare,51.0,premium,4.3959,1033,23082,2070,1035,4.39,1862.0,112.0,96.0,89.95,5.41,4.64,1164.0,698.0,112.0,50.0,46.0,5,10,Loved Product
P456218,Glowscreen Sunscreen SPF 40 PA+++ with Hyaluronic Acid + Niacinamide,Supergoop!,Skincare,38.0,premium,4.1513,2049,231004,2065,2043,4.15,1587.0,162.0,316.0,76.85,7.85,15.3,1275.0,312.0,162.0,149.0,167.0,5,12,Normal Review Profile
P214002,Evercalm Barrier Support Antioxidant Moisturizer,REN Clean Skincare,Skincare,52.0,premium,4.2017,1031,27837,2062,1014,4.2,1650.0,170.0,242.0,80.02,8.24,11.74,1200.0,450.0,170.0,112.0,130.0,5,11,Normal Review Profile
P411365,Retinol Youth Renewal Serum,Murad,Skincare,92.0,luxury,4.5878,1031,38145,2062,1031,4.59,1896.0,66.0,100.0,91.95,3.2,4.85,1534.0,362.0,66.0,44.0,56.0,5,10,Loved Product
P427414,Natural Moisturizing Factors + HA,The Ordinary,Skincare,6.5,budget,4.1472,2052,258456,2059,2055,4.15,1560.0,229.0,270.0,75.76,11.12,13.11,1187.0,373.0,229.0,151.0,119.0,5,12,Normal Review Profile
P482535,Strawberry Smooth BHA + AHA Salicylic Acid Serum,Glow Recipe,Skincare,42.0,premium,4.5439,1024,118258,2054,1027,4.54,1836.0,82.0,136.0,89.39,3.99,6.62,1546.0,290.0,82.0,56.0,80.0,5,10,Loved Product
P411401,Bye Bye Under Eye Brightening Eye Cream for Dark Circles,IT Cosmetics,Skincare,49.5,premium,4.0049,1024,64892,2052,1025,4.0,1496.0,176.0,380.0,72.9,8.58,18.52,1148.0,348.0,176.0,178.0,202.0,5,10,Normal Review Profile
P432668,D-Bronzi Anti-Pollution Bronzing Drops with Peptides,Drunk Elephant,Skincare,38.0,premium,4.433,2037,328059,2045,2045,4.43,1742.0,99.0,204.0,85.18,4.84,9.98,1484.0,258.0,99.0,108.0,96.0,5,11,Loved Product
P399623,Luminous Dewy Skin Mist,Tatcha,Skincare,49.0,premium,3.951,2041,209577,2042,2034,3.95,1431.0,225.0,386.0,70.08,11.02,18.9,1085.0,346.0,225.0,199.0,187.0,5,11,Normal Review Profile
P460515,E-Rase Milki Micellar Water,Drunk Elephant,Skincare,14.0,budget,4.2812,1017,26131,2036,1017,4.28,1688.0,178.0,170.0,82.91,8.74,8.35,1160.0,528.0,178.0,102.0,68.0,5,11,Normal Review Profile
P462347,E-Rase Milki Micellar Water Mini,Drunk Elephant,Skincare,14.0,budget,4.2812,1017,19854,2036,1017,4.28,1688.0,178.0,170.0,82.91,8.74,8.35,1160.0,528.0,178.0,102.0,68.0,5,11,Normal Review Profile
P471046,Turmeric Glow Brightening Moisturizer,KORA Organics,Skincare,62.0,luxury,4.4985,1017,17005,2036,1018,4.5,1812.0,138.0,86.0,89.0,6.78,4.22,1364.0,448.0,138.0,48.0,38.0,5,10,Loved Product
P447210,Squalane + Marine Algae Firming & Lifting Eye Cream,Biossance,Skincare,56.0,premium,4.1436,1010,92333,2026,1013,4.14,1560.0,206.0,260.0,77.0,10.17,12.83,1152.0,408.0,206.0,122.0,138.0,5,11,Normal Review Profile
P455927,Mini Retinol Reform,Shani Darden Skin Care,Skincare,30.0,mid,4.2569,1012,12100,2024,1011,4.26,1646.0,154.0,224.0,81.32,7.61,11.07,1250.0,396.0,154.0,96.0,128.0,5,11,Normal Review Profile
P455926,Retinol Reform Treatment Serum,Shani Darden Skin Care,Skincare,88.0,luxury,4.2569,1012,63782,2024,1011,4.26,1646.0,154.0,224.0,81.32,7.61,11.07,1250.0,396.0,154.0,96.0,128.0,5,11,Normal Review Profile
P283501,Argan Cleansing Oil,Josie Maran,Skincare,36.0,premium,4.0524,2023,29027,2023,1983,4.05,1498.0,181.0,344.0,74.05,8.95,17.0,1150.0,348.0,181.0,169.0,175.0,5,10,Normal Review Profile
P479734,Smart Clinical Repair Wrinkle Correcting Eye Cream,CLINIQUE,Skincare,57.0,premium,4.24,2017,3109,2017,2017,4.24,1699.0,262.0,56.0,84.23,12.99,2.78,865.0,834.0,262.0,49.0,7.0,5,10,Normal Review Profile
P188307,Acne Solutions Clarifying Lotion,CLINIQUE,Skincare,20.0,budget,4.4042,1007,40683,2014,975,4.4,1762.0,82.0,170.0,87.49,4.07,8.44,1332.0,430.0,82.0,74.0,96.0,5,10,Loved Product
P403817,Pep-Start Eye Cream,CLINIQUE,Skincare,32.0,mid,3.6769,1006,47677,2012,1006,3.68,1248.0,308.0,456.0,62.03,15.31,22.66,786.0,462.0,308.0,240.0,216.0,5,10,High Complaint Risk
P375841,Advanced Génifique Yeux Light-Pearl Eye Serum,Lancôme,Skincare,80.0,luxury,4.0968,1002,21787,2004,1000,4.1,1542.0,284.0,178.0,76.95,14.17,8.88,906.0,636.0,284.0,106.0,72.0,5,10,Normal Review Profile
P375853,Facial Treatment Clear Lotion Toner,SK-II,Skincare,80.0,luxury,4.0959,1001,24003,2002,1000,4.1,1502.0,292.0,208.0,75.02,14.59,10.39,974.0,528.0,292.0,134.0,74.0,5,10,Normal Review Profile
P446938,Lala Retro Whipped Refillable Moisturizer with Ceramides,Drunk Elephant,Skincare,62.0,luxury,4.1535,1993,145717,2000,1999,4.15,1540.0,209.0,251.0,77.0,10.45,12.55,1141.0,399.0,209.0,122.0,129.0,5,13,Normal Review Profile
P297551,Out of Trouble 10 Minute Mask to Rescue Problem Skin,Origins,Skincare,32.0,mid,4.397,1000,79246,2000,992,4.4,1708.0,110.0,182.0,85.4,5.5,9.1,1372.0,336.0,110.0,78.0,104.0,5,10,Loved Product
P442836,Barrier+ Foaming Oil Hydrating Cleanser,Skinfix,Skincare,30.0,mid,4.5791,993,56605,1990,993,4.58,1780.0,90.0,120.0,89.45,4.52,6.03,1538.0,242.0,90.0,66.0,54.0,5,10,Loved Product
P466164,15% Vitamin C + Clean Caffeine Energy Serum,Youth To The People,Skincare,69.0,luxury,4.3984,989,95527,1986,993,4.39,1680.0,116.0,190.0,84.59,5.84,9.57,1374.0,306.0,116.0,92.0,98.0,5,10,Normal Review Profile
P442744,Watermelon Glow Ultra-Fine Mist,Glow Recipe,Skincare,29.0,mid,4.1552,992,120381,1984,991,4.16,1522.0,200.0,262.0,76.71,10.08,13.21,1162.0,360.0,200.0,132.0,130.0,5,11,Normal Review Profile
P164932,Minted Rose Lip Balm,Rosebud Perfume Co.,Skincare,8.0,budget,4.5225,1981,34913,1981,1948,4.52,1765.0,110.0,106.0,89.1,5.55,5.35,1408.0,357.0,110.0,55.0,51.0,5,10,Loved Product
P375534,Ultra Repair Face Moisturizer,First Aid Beauty,Skincare,28.0,mid,4.1964,988,59220,1978,985,4.2,1532.0,194.0,252.0,77.45,9.81,12.74,1198.0,334.0,194.0,142.0,110.0,5,11,Normal Review Profile
P433443,Aqua Bomb Sleeping Mask,belif,Skincare,38.0,premium,4.5147,985,47248,1976,987,4.52,1766.0,90.0,120.0,89.37,4.55,6.07,1402.0,364.0,90.0,68.0,52.0,5,10,Loved Product
P440650,Mini Retinol Youth Renewal Serum,Murad,Skincare,32.0,mid,4.6089,987,16664,1974,987,4.61,1830.0,60.0,84.0,92.71,3.04,4.26,1476.0,354.0,60.0,38.0,46.0,5,10,Loved Product
P446942,Niacinamide Oil Control Serum,The INKEY List,Skincare,9.99,budget,4.199,985,80563,1970,985,4.2,1580.0,202.0,188.0,80.2,10.25,9.54,1060.0,520.0,202.0,98.0,90.0,5,11,Normal Review Profile
P443845,Hyaluronic Acid Hydrating Serum,The INKEY List,Skincare,9.99,budget,4.4073,1964,169217,1970,1970,4.41,1685.0,144.0,141.0,85.53,7.31,7.16,1297.0,388.0,144.0,72.0,69.0,5,11,Loved Product
P475908,Aqua Bomb Overnight Lip Mask,belif,Skincare,22.0,budget,4.4068,1964,13764,1965,1965,4.41,1686.0,206.0,73.0,85.8,10.48,3.72,1170.0,516.0,206.0,55.0,18.0,5,10,Loved Product
P472468,Watermelon Glow Hyaluronic Clay Pore-Tight Facial Mask,Glow Recipe,Skincare,40.0,premium,4.5912,981,76226,1964,982,4.59,1802.0,108.0,54.0,91.75,5.5,2.75,1402.0,400.0,108.0,30.0,24.0,5,9,Loved Product
P472454,Vinosource-Hydra Moisturizing Sorbet,Caudalie,Skincare,38.0,premium,4.2202,1962,9188,1962,1948,4.22,1569.0,181.0,212.0,79.97,9.23,10.81,1134.0,435.0,181.0,115.0,97.0,5,13,Normal Review Profile
P457005,Rose & Squalane Deep Hydration Oil-Infused Serum,fresh,Skincare,60.0,luxury,4.5838,978,55320,1958,979,4.58,1786.0,114.0,58.0,91.22,5.82,2.96,1394.0,392.0,114.0,38.0,20.0,5,10,Loved Product
P416139,Mini C.E.O. Vitamin C Brightening Rich Hydration Moisturizer,Sunday Riley,Skincare,65.0,luxury,4.0133,977,63669,1954,977,4.01,1408.0,184.0,362.0,72.06,9.42,18.53,1118.0,290.0,184.0,178.0,184.0,5,10,Normal Review Profile
P454313,Cica Sleeping Mask,LANEIGE,Skincare,34.0,mid,4.6375,971,80111,1954,977,4.64,1776.0,74.0,104.0,90.89,3.79,5.32,1578.0,198.0,74.0,52.0,52.0,5,10,Loved Product
P476729,Mini First Care Activating Serum,Sulwhasoo,Skincare,25.0,budget,4.5707,976,11881,1954,976,4.57,1788.0,96.0,70.0,91.5,4.91,3.58,1396.0,392.0,96.0,26.0,44.0,5,10,Loved Product
P469538,Anti-Aging First Care Activating Serum,Sulwhasoo,Skincare,89.0,luxury,4.5707,976,25847,1954,976,4.57,1788.0,96.0,70.0,91.5,4.91,3.58,1396.0,392.0,96.0,26.0,44.0,5,10,Loved Product
P409631,SEA FRXXXTION Stick Exfoliating Cleanser,tarte,Skincare,22.0,budget,4.5315,969,38635,1938,969,4.53,1724.0,118.0,96.0,88.96,6.09,4.95,1384.0,340.0,118.0,52.0,44.0,5,10,Loved Product
P434548,Honeymoon Glow AHA Resurfacing Night Serum,Farmacy,Skincare,60.0,luxury,4.3154,1931,177152,1934,1934,4.31,1590.0,103.0,241.0,82.21,5.33,12.46,1356.0,234.0,103.0,77.0,164.0,5,12,Normal Review Profile
P404793,Sunshine Vitamin C + Squalane Face Oil,MILK MAKEUP,Skincare,39.0,premium,4.3713,967,22337,1934,967,4.37,1686.0,184.0,64.0,87.18,9.51,3.31,1044.0,642.0,184.0,50.0,14.0,5,10,Loved Product
P453224,Squalane + 10% Lactic Acid Resurfacing Serum,Biossance,Skincare,65.0,luxury,4.3965,966,72034,1932,966,4.4,1658.0,122.0,152.0,85.82,6.31,7.87,1272.0,386.0,122.0,72.0,80.0,5,9,Loved Product
P428819,Watermelon Pink Juice Oil-Free Moisturizer,Glow Recipe,Skincare,39.0,premium,3.9995,1927,162336,1930,1929,4.0,1372.0,209.0,349.0,71.09,10.83,18.08,1072.0,300.0,209.0,178.0,171.0,5,10,Normal Review Profile
P400207,Blue Tansy BHA and Enzyme Pore Refining Mask,Herbivore,Skincare,50.0,premium,4.2448,1928,126177,1930,1928,4.24,1538.0,129.0,263.0,79.69,6.68,13.63,1290.0,248.0,129.0,100.0,163.0,5,10,Normal Review Profile
P475589,Ginzing Vitamin C Eye Cream to Brighten and Depuff,Origins,Skincare,37.0,premium,4.457,965,35804,1930,963,4.46,1706.0,146.0,78.0,88.39,7.56,4.04,1222.0,484.0,146.0,40.0,38.0,5,10,Loved Product
P443830,Polyglutamic Acid Hydrating Serum,The INKEY List,Skincare,14.99,budget,4.3937,960,48143,1924,962,4.39,1666.0,166.0,92.0,86.59,8.63,4.78,1154.0,512.0,166.0,46.0,46.0,5,10,Loved Product
P462699,Plum Plump Hyaluronic Acid Serum,Glow Recipe,Skincare,45.0,premium,4.4249,1918,159339,1921,1921,4.43,1635.0,147.0,139.0,85.11,7.65,7.24,1298.0,337.0,147.0,83.0,56.0,5,11,Loved Product
P400203,Lapis Blue Tansy Face Oil - For Oily & Acne-Prone Skin,Herbivore,Skincare,74.0,luxury,4.2461,959,68960,1920,958,4.24,1512.0,138.0,270.0,78.75,7.19,14.06,1314.0,198.0,138.0,104.0,166.0,5,10,Normal Review Profile
P479904,Mini Lapis Blue Tansy Face Oil - For Oily & Acne-Prone Skin,Herbivore,Skincare,15.0,budget,4.2461,959,4593,1920,958,4.24,1512.0,138.0,270.0,78.75,7.19,14.06,1314.0,198.0,138.0,104.0,166.0,5,10,Normal Review Profile
P427411,Azelaic Acid 10% Suspension Brightening Cream,The Ordinary,Skincare,11.1,budget,4.1578,957,190367,1918,959,4.15,1488.0,142.0,288.0,77.58,7.4,15.02,1174.0,314.0,142.0,128.0,160.0,5,12,Normal Review Profile
P505346,First Care Activating Serum 25th Anniversary Limited Edition,Sulwhasoo,Skincare,110.0,luxury,4.5825,958,399,1918,959,4.58,1762.0,94.0,62.0,91.87,4.9,3.23,1376.0,386.0,94.0,22.0,40.0,5,10,Loved Product
P458755,Charlotte’s Magic Serum with Vitamin C,Charlotte Tilbury,Skincare,85.0,luxury,4.1593,954,55157,1908,954,4.16,1486.0,220.0,202.0,77.88,11.53,10.59,1040.0,446.0,220.0,90.0,112.0,5,11,Normal Review Profile
P403818,Lippe Balm,Drunk Elephant,Skincare,18.0,budget,3.7386,1901,84276,1902,1902,3.74,1180.0,317.0,405.0,62.04,16.67,21.29,816.0,364.0,317.0,219.0,186.0,5,11,High Complaint Risk
P309310,Ceramic Slip French Green Clay Cleanser,Sunday Riley,Skincare,35.0,mid,3.8453,950,50777,1902,951,3.85,1330.0,190.0,382.0,69.93,9.99,20.08,920.0,410.0,190.0,124.0,258.0,5,10,High Complaint Risk
P500718,Smart Clinical Repair Wrinkle Correcting Cream,CLINIQUE,Skincare,68.0,luxury,4.178,1899,1237,1900,1900,4.18,1553.0,284.0,63.0,81.74,14.95,3.32,761.0,792.0,284.0,51.0,12.0,5,10,Normal Review Profile
P474937,Vinopure Pore Purifying Gel Cleanser,Caudalie,Skincare,30.0,mid,4.4615,949,30905,1898,948,4.46,1658.0,98.0,142.0,87.36,5.16,7.48,1324.0,334.0,98.0,76.0,66.0,5,13,Loved Product
P404322,ExfoliKate Cleanser Daily Foaming Wash,Kate Somerville,Skincare,44.0,premium,4.4494,948,62349,1896,948,4.45,1622.0,114.0,160.0,85.55,6.01,8.44,1386.0,236.0,114.0,60.0,100.0,5,10,Loved Product
P448202,Benefiance Wrinkle Smoothing Cream Enriched,Shiseido,Skincare,75.0,luxury,4.5776,947,12045,1894,947,4.58,1744.0,110.0,40.0,92.08,5.81,2.11,1302.0,442.0,110.0,22.0,18.0,5,10,Loved Product
P447791,Avocado Fine Line Eye Cream with Retinol,Glow Recipe,Skincare,42.0,premium,4.1087,1886,176653,1890,1890,4.1,1435.0,177.0,278.0,75.93,9.37,14.71,1076.0,359.0,177.0,133.0,145.0,5,10,Normal Review Profile
P453930,Biolumin-C Vitamin C Eye Serum,Dermalogica,Skincare,74.0,luxury,4.5228,945,26613,1890,945,4.52,1718.0,106.0,66.0,90.9,5.61,3.49,1256.0,462.0,106.0,36.0,30.0,5,10,Loved Product
P39970,Rose Floral Toner,fresh,Skincare,15.0,budget,4.1067,937,80841,1874,925,4.11,1418.0,208.0,248.0,75.67,11.1,13.23,1028.0,390.0,208.0,124.0,124.0,5,10,Normal Review Profile
P463105,Benefiance Wrinkle Smoothing Retinol Serum,Shiseido,Skincare,75.0,luxury,4.5806,937,5722,1874,937,4.58,1734.0,112.0,28.0,92.53,5.98,1.49,1262.0,472.0,112.0,22.0,6.0,5,10,Loved Product
P500633,Tea Elixir Niacinamide & Hyaluronic Acid Anti-Aging Serum,fresh,Skincare,80.0,luxury,4.7724,1872,21533,1872,1870,4.77,1806.0,49.0,17.0,96.47,2.62,0.91,1534.0,272.0,49.0,12.0,5.0,5,11,Loved Product
P411393,Bye Bye Redness Neutralizing Color-Correcting Cream,IT Cosmetics,Skincare,35.0,mid,4.1768,933,64038,1868,928,4.17,1466.0,158.0,244.0,78.48,8.46,13.06,1092.0,374.0,158.0,124.0,120.0,5,9,Normal Review Profile
P442838,Barrier+ Triple Lipid-Boost 360° Brightening Eye Cream,Skinfix,Skincare,44.0,premium,4.3169,934,39524,1868,934,4.32,1540.0,124.0,204.0,82.44,6.64,10.92,1240.0,300.0,124.0,88.0,116.0,5,10,Normal Review Profile
P446930,Cream Skin Toner & Moisturizer,LANEIGE,Skincare,33.0,mid,4.4481,1859,143173,1865,1865,4.45,1612.0,139.0,114.0,86.43,7.45,6.11,1254.0,358.0,139.0,64.0,50.0,5,12,Loved Product
P481164,Essential Energy Hydrating Day Cream Broad Spectrum SPF 20,Shiseido,Skincare,50.0,premium,4.5518,926,2628,1852,926,4.55,1696.0,126.0,30.0,91.58,6.8,1.62,1212.0,484.0,126.0,26.0,4.0,5,10,Loved Product
P501760,Guava Vitamin C Bright-Eye Gel Cream,Glow Recipe,Skincare,38.0,premium,4.5109,914,72173,1846,922,4.49,1604.0,92.0,150.0,86.89,4.98,8.13,1360.0,244.0,92.0,82.0,68.0,5,12,Loved Product
P475921,Double Serum Eye Firming & Hydrating Anti-Aging Concentrate,Clarins,Skincare,82.0,luxury,4.2278,922,9415,1846,923,4.23,1494.0,270.0,82.0,80.93,14.63,4.44,874.0,620.0,270.0,62.0,20.0,5,11,Normal Review Profile
P502656,Secret Sauce Moisturizer,IT Cosmetics,Skincare,72.0,luxury,4.0935,920,1132,1842,920,4.09,1418.0,122.0,302.0,76.98,6.62,16.4,1078.0,340.0,122.0,116.0,186.0,5,13,Normal Review Profile
P467655,Succinic Acid Acne Treatment,The INKEY List,Skincare,9.99,budget,3.8503,915,67403,1840,920,3.85,1276.0,154.0,410.0,69.35,8.37,22.28,942.0,334.0,154.0,162.0,248.0,5,11,High Complaint Risk
P470259,Faded Serum for Dark Spots & Discoloration,Topicals,Skincare,38.0,premium,3.6634,906,139007,1838,917,3.66,1162.0,184.0,492.0,63.22,10.01,26.77,844.0,318.0,184.0,192.0,300.0,5,11,High Complaint Risk
P484080,Mini Faded Serum for Dark Spots & Discoloration,Topicals,Skincare,18.0,budget,3.6634,906,93075,1838,917,3.66,1162.0,184.0,492.0,63.22,10.01,26.77,844.0,318.0,184.0,192.0,300.0,5,11,High Complaint Risk
P375850,Facial Treatment Cleanser,SK-II,Skincare,75.0,luxury,4.1306,919,14027,1838,919,4.13,1390.0,304.0,144.0,75.63,16.54,7.83,884.0,506.0,304.0,92.0,52.0,5,9,Normal Review Profile
P392235,The Camellia Oil 2-in-1 Makeup Remover & Cleanser,Tatcha,Skincare,50.0,premium,4.4815,1836,142010,1837,1837,4.48,1581.0,113.0,143.0,86.06,6.15,7.78,1361.0,220.0,113.0,66.0,77.0,5,12,Loved Product
P122881,Clarifying Lotion 3,CLINIQUE,Skincare,20.0,budget,4.3181,918,24326,1836,895,4.32,1548.0,110.0,178.0,84.31,5.99,9.69,1150.0,398.0,110.0,78.0,100.0,5,10,Normal Review Profile
P460512,Mini Liquid Silk Canvas: Featherweight Protective Primer,Tatcha,Skincare,24.0,budget,4.3976,1831,65016,1835,1831,4.4,1566.0,93.0,176.0,85.34,5.07,9.59,1272.0,294.0,93.0,74.0,102.0,5,11,Loved Product
P415701,Water Drench Hyaluronic Acid Moisturizer,Peter Thomas Roth,Skincare,54.0,premium,4.265,1830,73776,1833,1825,4.26,1456.0,128.0,249.0,79.43,6.98,13.58,1217.0,239.0,128.0,138.0,111.0,5,11,Normal Review Profile
P440949,Liquid Gold Exfoliating Treatment with Glycolic acid,Alpha-H,Skincare,56.0,premium,4.5093,915,18300,1830,915,4.51,1634.0,128.0,68.0,89.29,6.99,3.72,1224.0,410.0,128.0,40.0,28.0,5,10,Loved Product
P422022,Clearly Corrective Dark Spot Correcting Serum,Kiehl's Since 1851,Skincare,65.0,luxury,3.8478,913,75403,1826,913,3.85,1256.0,234.0,336.0,68.78,12.81,18.4,814.0,442.0,234.0,150.0,186.0,5,11,Normal Review Profile
P455611,Clearly Corrective Dark Spot Solution Duo,Kiehl's Since 1851,Skincare,125.0,luxury,3.8478,913,10273,1826,913,3.85,1256.0,234.0,336.0,68.78,12.81,18.4,814.0,442.0,234.0,150.0,186.0,5,11,Normal Review Profile
P415237,Hello FAB Coconut Skin Smoothie Priming Moisturizer,First Aid Beauty,Skincare,32.0,mid,4.1988,1826,77772,1826,1826,4.2,1432.0,145.0,249.0,78.42,7.94,13.64,1125.0,307.0,145.0,130.0,119.0,5,11,Normal Review Profile
P471025,FILLING GOOD hyaluronic acid plumping serum,Farmacy,Skincare,48.0,premium,4.3191,912,32224,1824,912,4.32,1534.0,150.0,140.0,84.1,8.22,7.68,1088.0,446.0,150.0,64.0,76.0,5,10,Normal Review Profile
P217513,Black Tea Instant Perfecting Mask,fresh,Skincare,96.0,luxury,4.2919,908,65834,1816,894,4.29,1500.0,140.0,176.0,82.6,7.71,9.69,1104.0,396.0,140.0,94.0,82.0,5,10,Normal Review Profile
P254720,Acne Control Clarifying Cream Cleanser,Murad,Skincare,39.0,premium,4.3477,906,32202,1812,885,4.35,1528.0,94.0,190.0,84.33,5.19,10.49,1208.0,320.0,94.0,86.0,104.0,5,12,Normal Review Profile
P479318,10% Niacinamide Night Mask,Farmacy,Skincare,44.0,premium,4.6759,901,56372,1812,906,4.68,1698.0,58.0,56.0,93.71,3.2,3.09,1432.0,266.0,58.0,22.0,34.0,5,10,Loved Product
P257537,All About Eyes Serum De-Puffing Eye Massage,CLINIQUE,Skincare,37.0,premium,3.7691,905,24355,1810,881,3.77,1198.0,254.0,358.0,66.19,14.03,19.78,748.0,450.0,254.0,162.0,196.0,5,9,Normal Review Profile
P471237,Rose & Hyaluronic Acid Deep Hydration Moisturizer,fresh,Skincare,46.0,premium,4.5877,1807,52868,1809,1809,4.59,1641.0,68.0,100.0,90.71,3.76,5.53,1385.0,256.0,68.0,45.0,55.0,5,10,Loved Product
P377545,Maracuja C-Brighter Eye Treatment,tarte,Skincare,39.0,premium,4.0089,901,45734,1802,890,4.01,1298.0,210.0,294.0,72.03,11.65,16.32,926.0,372.0,210.0,182.0,112.0,5,9,Normal Review Profile
P418346,C.E.O. 15% Vitamin C Brightening Serum,Sunday Riley,Skincare,85.0,luxury,4.1036,1785,97114,1800,1797,4.11,1372.0,161.0,267.0,76.22,8.94,14.83,1039.0,333.0,161.0,121.0,146.0,5,13,Normal Review Profile
P500701,Advanced Night Repair Eye Gel-Cream,Estée Lauder,Skincare,72.0,luxury,4.3493,1795,10521,1795,1795,4.35,1544.0,190.0,61.0,86.02,10.58,3.4,960.0,584.0,190.0,40.0,21.0,5,11,Loved Product
P449180,CC Me Vitamin C + Niacinamide Serum,Summer Fridays,Skincare,68.0,luxury,4.0893,896,80956,1792,896,4.09,1308.0,164.0,320.0,72.99,9.15,17.86,1126.0,182.0,164.0,158.0,162.0,5,9,Normal Review Profile
P448207,PHAT Glow Facial Mask,OLEHENRIKSEN,Skincare,52.0,premium,4.3854,1785,49921,1785,1783,4.39,1553.0,145.0,87.0,87.0,8.12,4.87,1040.0,513.0,145.0,54.0,33.0,5,11,Loved Product
P444718,Squalane Cleanser,The Ordinary,Skincare,9.0,budget,4.0068,888,121486,1782,891,4.01,1274.0,212.0,296.0,71.49,11.9,16.61,964.0,310.0,212.0,154.0,142.0,5,10,Normal Review Profile
P4015,Clarifying Toner,Murad,Skincare,30.0,mid,4.318,890,21951,1780,863,4.32,1490.0,126.0,164.0,83.71,7.08,9.21,1116.0,374.0,126.0,68.0,96.0,5,12,Normal Review Profile
P469213,Wrinkle Blur Bakuchiol Eye Gel Crème,OLEHENRIKSEN,Skincare,52.0,premium,4.3939,886,26008,1772,886,4.39,1550.0,148.0,74.0,87.47,8.35,4.18,1020.0,530.0,148.0,48.0,26.0,5,10,Loved Product
P397890,Original Skin Retexturizing Mask with Rose Clay,Origins,Skincare,32.0,mid,4.6207,1769,103131,1769,1769,4.62,1627.0,66.0,76.0,91.97,3.73,4.3,1351.0,276.0,66.0,41.0,35.0,5,10,Loved Product
P431187,Clean Bee Ultra Gentle Facial Cleanser,Farmacy,Skincare,28.0,mid,4.0341,881,52562,1764,882,4.03,1258.0,194.0,312.0,71.32,11.0,17.69,1030.0,228.0,194.0,158.0,154.0,5,12,Normal Review Profile
P447212,Hyaluronic Serum,Dr. Barbara Sturm,Skincare,320.0,luxury,3.9386,879,7257,1758,879,3.94,1246.0,260.0,252.0,70.88,14.79,14.33,792.0,454.0,260.0,116.0,136.0,5,10,Normal Review Profile
P454936,Mini Hyaluronic Serum,Dr. Barbara Sturm,Skincare,110.0,luxury,3.9386,879,4691,1758,879,3.94,1246.0,260.0,252.0,70.88,14.79,14.33,792.0,454.0,260.0,116.0,136.0,5,10,Normal Review Profile
P418872,Pore-Balance Facial Sauna Scrub,OLEHENRIKSEN,Skincare,35.0,mid,4.5597,879,69759,1758,879,4.56,1546.0,104.0,108.0,87.94,5.92,6.14,1354.0,192.0,104.0,58.0,50.0,5,12,Loved Product
P405599,SEA drink of H2O hydrating boost moisturizer,tarte,Skincare,39.0,premium,4.2373,1749,70039,1749,1749,4.24,1372.0,142.0,235.0,78.44,8.12,13.44,1151.0,221.0,142.0,111.0,124.0,5,11,Normal Review Profile
P481161,Ultimune Power Infusing Anti-Aging Serum,Shiseido,Skincare,75.0,luxury,4.5483,870,8461,1742,865,4.55,1568.0,134.0,40.0,90.01,7.69,2.3,1188.0,380.0,134.0,22.0,18.0,5,10,Loved Product
P479339,Strength Trainer Peptide Boost Moisturizer,OLEHENRIKSEN,Skincare,51.0,premium,4.5522,862,47908,1734,867,4.55,1552.0,74.0,108.0,89.5,4.27,6.23,1282.0,270.0,74.0,62.0,46.0,5,11,Loved Product
P468351,Moisture Surge 100H Auto-Replenishing Hydrator Moisturizer,CLINIQUE,Skincare,82.0,luxury,4.2522,1729,38202,1730,1730,4.25,1436.0,215.0,79.0,83.01,12.43,4.57,836.0,600.0,215.0,53.0,26.0,5,10,Normal Review Profile
P426340,The Rice Polish Foaming Enzyme Powder,Tatcha,Skincare,68.0,luxury,4.4278,1725,184011,1726,1710,4.43,1454.0,110.0,162.0,84.24,6.37,9.39,1254.0,200.0,110.0,81.0,81.0,5,13,Normal Review Profile
P422007,Ultra Facial Cleanser,Kiehl's Since 1851,Skincare,30.0,mid,4.3712,862,63080,1726,862,4.37,1468.0,102.0,156.0,85.05,5.91,9.04,1134.0,334.0,102.0,78.0,78.0,5,10,Loved Product
P476414,5 Stars Retinol + Niacinamide Eye Serum,Sunday Riley,Skincare,65.0,luxury,4.6414,1718,35885,1721,1719,4.64,1612.0,28.0,81.0,93.67,1.63,4.71,1349.0,263.0,28.0,15.0,66.0,5,10,Loved Product
P297517,Super Spot Remover Acne Treatment Gel,Origins,Skincare,20.0,budget,3.9349,1706,98392,1706,1701,3.93,1246.0,129.0,331.0,73.04,7.56,19.4,888.0,358.0,129.0,123.0,208.0,5,10,Normal Review Profile
P379707,Resurfacing BHA Glow Mask,Tata Harper,Skincare,68.0,luxury,4.3471,847,55191,1696,848,4.35,1404.0,132.0,160.0,82.78,7.78,9.43,1124.0,280.0,132.0,78.0,82.0,5,10,Normal Review Profile
P470536,Clarifique Exfoliating & Hydrating Face Essence with Glycolic Acid,Lancôme,Skincare,95.0,luxury,4.643,846,10202,1694,847,4.64,1596.0,76.0,22.0,94.21,4.49,1.3,1224.0,372.0,76.0,8.0,14.0,5,10,Loved Product
P424948,Auto Correct Brightening + Depuffing Eye Cream for Dark Circles,Sunday Riley,Skincare,65.0,luxury,4.0286,1679,52803,1692,1690,4.03,1268.0,163.0,261.0,74.94,9.63,15.43,871.0,397.0,163.0,121.0,140.0,5,12,Normal Review Profile
P419221,Umbra Tinte Physical Daily Defense SPF 30,Drunk Elephant,Skincare,36.0,premium,3.2982,845,40278,1690,845,3.3,862.0,168.0,660.0,51.01,9.94,39.05,664.0,198.0,168.0,298.0,362.0,5,10,High Complaint Risk
P458576,Water Drench Hyaluronic Hydrating Moisturizer SPF 45,Peter Thomas Roth,Skincare,55.0,premium,4.2886,842,26530,1688,844,4.28,1388.0,126.0,174.0,82.23,7.46,10.31,1042.0,346.0,126.0,82.0,92.0,5,10,Normal Review Profile
P12045,Grape Water Moisturizing Face Mist,Caudalie,Skincare,12.0,budget,4.4431,1686,140024,1687,1670,4.44,1457.0,108.0,122.0,86.37,6.4,7.23,1158.0,299.0,108.0,64.0,58.0,5,12,Loved Product
P440312,Lotus Anti-Aging Night Moisturizer,fresh,Skincare,56.0,premium,4.4843,1687,103629,1687,1685,4.48,1466.0,114.0,107.0,86.9,6.76,6.34,1185.0,281.0,114.0,67.0,40.0,5,10,Loved Product
P442761,C.E.O Glow Vitamin C + Turmeric Face Oil,Sunday Riley,Skincare,80.0,luxury,4.0759,843,75741,1686,843,4.08,1278.0,98.0,310.0,75.8,5.81,18.39,1020.0,258.0,98.0,136.0,174.0,5,11,Normal Review Profile
P377561,FIRMx Exfoliating Peel Gel,Peter Thomas Roth,Skincare,49.0,premium,4.5391,1686,56547,1686,1670,4.54,1489.0,60.0,137.0,88.32,3.56,8.13,1341.0,148.0,60.0,39.0,98.0,5,10,Loved Product
P450917,Mini FIRMx Exfoliating Peel Gel,Peter Thomas Roth,Skincare,16.0,budget,4.5391,1686,18585,1686,1670,4.54,1489.0,60.0,137.0,88.32,3.56,8.13,1341.0,148.0,60.0,39.0,98.0,5,10,Loved Product
P433521,Charlotte’s Magic Eye Cream with Retinol,Charlotte Tilbury,Skincare,65.0,luxury,4.3539,842,31496,1684,842,4.35,1444.0,140.0,100.0,85.75,8.31,5.94,974.0,470.0,140.0,62.0,38.0,5,10,Loved Product
P428416,Honey Butter Beeswax Lip Balm,Farmacy,Skincare,12.0,budget,4.2551,839,55236,1678,839,4.26,1324.0,144.0,210.0,78.9,8.58,12.51,1096.0,228.0,144.0,106.0,104.0,5,10,Normal Review Profile
P411388,Superfood Air-Whip Lightweight Moisturizer with Hyaluronic Acid,Youth To The People,Skincare,48.0,premium,4.0491,1670,133769,1675,1672,4.05,1217.0,183.0,275.0,72.66,10.93,16.42,945.0,272.0,183.0,145.0,130.0,5,14,Normal Review Profile
P416816,Balancing Force Oil Control Toner,OLEHENRIKSEN,Skincare,35.0,mid,4.3017,1674,98160,1674,1674,4.3,1380.0,110.0,184.0,82.44,6.57,10.99,1080.0,300.0,110.0,87.0,97.0,5,10,Normal Review Profile
P453253,Vegan Milk Moisturizer,MILK MAKEUP,Skincare,38.0,premium,4.2213,1672,35156,1674,1672,4.22,1342.0,158.0,174.0,80.17,9.44,10.39,962.0,380.0,158.0,87.0,87.0,5,13,Normal Review Profile
P422000,Creamy Eye Treatment with Avocado,Kiehl's Since 1851,Skincare,36.0,premium,3.9994,1668,68043,1671,1663,4.0,1218.0,166.0,287.0,72.89,9.93,17.18,903.0,315.0,166.0,124.0,163.0,5,11,Normal Review Profile
P473267,Smart Clinical Repair Wrinkle Correcting Serum,CLINIQUE,Skincare,71.0,luxury,4.194,1670,4293,1670,1670,4.19,1367.0,240.0,63.0,81.86,14.37,3.77,700.0,667.0,240.0,53.0,10.0,5,10,Normal Review Profile
P461451,Abeille Royale Anti-Aging Fortifying Lotion Toner,GUERLAIN,Skincare,85.0,luxury,4.2566,834,6480,1668,834,4.26,1390.0,220.0,58.0,83.33,13.19,3.48,784.0,606.0,220.0,38.0,20.0,5,10,Normal Review Profile
P468409,SKINPOWER Airy Milky Lotion,SK-II,Skincare,170.0,luxury,4.2647,831,2114,1662,831,4.26,1352.0,176.0,134.0,81.35,10.59,8.06,934.0,418.0,176.0,84.0,50.0,5,9,Normal Review Profile
P9940,Essential-C Day Moisture Broad Spectrum SPF 30 PA+++,Murad,Skincare,68.0,luxury,4.2485,829,24570,1658,822,4.25,1336.0,110.0,212.0,80.58,6.63,12.79,1050.0,286.0,110.0,108.0,104.0,5,10,Normal Review Profile
P482676,10% Waterless Vitamin C Serum,Farmacy,Skincare,50.0,premium,4.4315,825,27859,1656,828,4.43,1428.0,104.0,124.0,86.23,6.28,7.49,1120.0,308.0,104.0,68.0,56.0,5,10,Loved Product
P392245,Virgin Marula Luxury Face Oil,Drunk Elephant,Skincare,68.0,luxury,4.3107,1651,174857,1652,1652,4.31,1339.0,94.0,219.0,81.05,5.69,13.26,1173.0,166.0,94.0,92.0,127.0,5,10,Normal Review Profile
P440925,Drink Up Intensive Overnight Hydrating Mask with Avocado & Swiss Glacier Water,Origins,Skincare,32.0,mid,4.4954,1643,39378,1644,1644,4.5,1434.0,81.0,129.0,87.23,4.93,7.85,1225.0,209.0,81.0,58.0,71.0,5,10,Loved Product
P480301,Mini Deep Sweep 2% BHA Pore Cleaning Toner with Moringa + Papaya,Farmacy,Skincare,16.0,budget,4.4835,819,17610,1642,821,4.48,1408.0,94.0,140.0,85.75,5.72,8.53,1222.0,186.0,94.0,86.0,54.0,5,10,Loved Product
P459141,Deep Sweep 2% BHA Pore Cleaning Toner with Moringa + Papaya,Farmacy,Skincare,32.0,mid,4.4835,819,93009,1642,821,4.48,1408.0,94.0,140.0,85.75,5.72,8.53,1222.0,186.0,94.0,86.0,54.0,5,10,Loved Product
P122762,Rinse-Off Foaming Cleanser,CLINIQUE,Skincare,23.5,budget,4.4933,821,17770,1642,785,4.49,1442.0,76.0,124.0,87.82,4.63,7.55,1200.0,242.0,76.0,58.0,66.0,5,10,Loved Product
P122774,All About Eyes Eye Cream,CLINIQUE,Skincare,37.0,premium,4.0722,1635,32398,1635,1579,4.07,1241.0,185.0,209.0,75.9,11.31,12.78,818.0,423.0,185.0,112.0,97.0,5,10,Normal Review Profile
P454935,Mini Glow Drops,Dr. Barbara Sturm,Skincare,60.0,luxury,4.0601,815,8640,1630,814,4.06,1210.0,288.0,132.0,74.23,17.67,8.1,714.0,496.0,288.0,68.0,64.0,5,10,Normal Review Profile
P447782,Glow Drops,Dr. Barbara Sturm,Skincare,150.0,luxury,4.0601,815,8905,1630,814,4.06,1210.0,288.0,132.0,74.23,17.67,8.1,714.0,496.0,288.0,68.0,64.0,5,10,Normal Review Profile
P471029,GOOPGLOW Glow Lotion,goop,Skincare,58.0,premium,4.0638,815,4306,1630,814,4.06,1218.0,298.0,114.0,74.72,18.28,6.99,672.0,546.0,298.0,72.0,42.0,5,10,Normal Review Profile
P386197,GinZing Refreshing Scrub Cleanser,Origins,Skincare,27.0,mid,4.4763,1627,49081,1627,1621,4.48,1443.0,116.0,68.0,88.69,7.13,4.18,1050.0,393.0,116.0,45.0,23.0,5,10,Loved Product
P427415,100% Organic Cold-Pressed Rose Hip Seed Oil,The Ordinary,Skincare,10.9,budget,4.3988,1620,240783,1623,1622,4.4,1369.0,87.0,167.0,84.35,5.36,10.29,1165.0,204.0,87.0,70.0,97.0,5,11,Normal Review Profile
P447781,Face Cream,Dr. Barbara Sturm,Skincare,225.0,luxury,4.2407,810,4738,1620,809,4.24,1300.0,224.0,96.0,80.25,13.83,5.93,848.0,452.0,224.0,54.0,42.0,5,10,Normal Review Profile
P464233,Mini Face Cream,Dr. Barbara Sturm,Skincare,75.0,luxury,4.2407,810,2202,1620,809,4.24,1300.0,224.0,96.0,80.25,13.83,5.93,848.0,452.0,224.0,54.0,42.0,5,10,Normal Review Profile
P122661,7 Day Face Scrub Cream Rinse-Off Formula,CLINIQUE,Skincare,26.0,mid,4.5321,810,16656,1620,772,4.53,1456.0,70.0,94.0,89.88,4.32,5.8,1162.0,294.0,70.0,52.0,42.0,5,10,Loved Product
P174502,All About Eyes Rich Eye Cream,CLINIQUE,Skincare,37.0,premium,4.1444,1614,68979,1615,1582,4.14,1270.0,164.0,181.0,78.64,10.15,11.21,847.0,423.0,164.0,93.0,88.0,5,9,Normal Review Profile
P440934,The Silk Canvas Protective Primer Mini,Tatcha,Skincare,24.0,budget,3.6444,807,98580,1614,807,3.64,968.0,218.0,428.0,59.98,13.51,26.52,734.0,234.0,218.0,194.0,234.0,5,11,High Complaint Risk
P427420,Multi-Peptide + HA Serum,The Ordinary,Skincare,30.8,mid,4.1429,1609,338410,1611,1609,4.14,1245.0,120.0,246.0,77.28,7.45,15.27,996.0,249.0,120.0,94.0,152.0,5,11,Normal Review Profile
P439058,Violet-C Brightening Serum 20% Vitamin C + 10% AHA,Tatcha,Skincare,89.0,luxury,4.2124,1610,129875,1610,1609,4.21,1270.0,128.0,212.0,78.88,7.95,13.17,994.0,276.0,128.0,112.0,100.0,5,12,Normal Review Profile
P400259,C-Firma Fresh Vitamin-C Day Serum,Drunk Elephant,Skincare,78.0,luxury,4.1561,1602,300467,1605,1604,4.16,1262.0,133.0,210.0,78.63,8.29,13.08,916.0,346.0,133.0,96.0,114.0,5,11,Normal Review Profile
P39274,Anti-Aging Cleansing Gel,Peter Thomas Roth,Skincare,39.0,premium,4.3699,1603,32125,1603,1554,4.37,1351.0,91.0,161.0,84.28,5.68,10.04,1094.0,257.0,91.0,73.0,88.0,5,10,Normal Review Profile
P449599,Mini Anti-Aging Cleansing Gel,Peter Thomas Roth,Skincare,12.0,budget,4.3699,1603,9844,1603,1554,4.37,1351.0,91.0,161.0,84.28,5.68,10.04,1094.0,257.0,91.0,73.0,88.0,5,10,Normal Review Profile
P379510,Advanced Génifique Radiance Boosting Face Serum,Lancôme,Skincare,132.0,luxury,4.4032,1602,82978,1603,1601,4.4,1375.0,101.0,127.0,85.78,6.3,7.92,1078.0,297.0,101.0,50.0,77.0,5,12,Loved Product
P443840,Caffeine Eye Cream,The INKEY List,Skincare,10.99,budget,3.898,1598,174319,1600,1600,3.9,1134.0,196.0,270.0,70.88,12.25,16.88,715.0,419.0,196.0,126.0,144.0,5,10,Normal Review Profile
P429516,Full Spectrum 360° Sun Silk Drops Organic Sunscreen SPF 30,COOLA,Skincare,48.0,premium,4.4205,799,41546,1598,799,4.42,1382.0,94.0,122.0,86.48,5.88,7.63,1064.0,318.0,94.0,68.0,54.0,5,10,Loved Product
P471065,Mini Water Drench  Hyaluronic Hydrating Moisturizer SPF 45,Peter Thomas Roth,Skincare,23.0,budget,4.3149,794,9899,1590,795,4.31,1326.0,110.0,154.0,83.4,6.92,9.69,1000.0,326.0,110.0,66.0,88.0,5,10,Normal Review Profile
P54509,Tonique Confort Re-Hydrating Comforting Toner with Acacia Honey,Lancôme,Skincare,39.0,premium,4.5585,1581,55339,1581,1576,4.56,1443.0,73.0,65.0,91.27,4.62,4.11,1121.0,322.0,73.0,30.0,35.0,5,10,Loved Product
P4010,AHA/BHA Exfoliating Cleanser,Murad,Skincare,46.0,premium,4.4981,789,54926,1578,776,4.5,1390.0,76.0,112.0,88.09,4.82,7.1,1154.0,236.0,76.0,44.0,68.0,5,10,Loved Product
P456126,Vegan Milk Cleanser,MILK MAKEUP,Skincare,30.0,mid,4.4259,789,17898,1578,788,4.43,1380.0,104.0,94.0,87.45,6.59,5.96,1010.0,370.0,104.0,48.0,46.0,5,10,Loved Product
P455369,Peptide Moisturizer,The INKEY List,Skincare,15.99,budget,3.7913,781,69215,1576,788,3.79,1002.0,272.0,302.0,63.58,17.26,19.16,670.0,332.0,272.0,180.0,122.0,5,10,Normal Review Profile
P467249,Hydra Vizor Invisible Moisturizer Broad Spectrum SPF 30 Sunscreen with Niacinamide + Kalahari Melon,Fenty Skin,Skincare,39.0,premium,4.0128,781,64620,1572,786,4.01,1110.0,204.0,258.0,70.61,12.98,16.41,852.0,258.0,204.0,146.0,112.0,5,10,Normal Review Profile
P428250,Oil-Absorbing Pore Treatment Strips,Peace Out,Skincare,19.0,budget,3.975,1562,102327,1568,1568,3.98,1162.0,83.0,323.0,74.11,5.29,20.6,911.0,251.0,83.0,106.0,217.0,5,12,High Complaint Risk
P281835,GLO Brilliant White Smile - At Home Teeth Whitening Device,GLO Science,Skincare,159.0,luxury,3.9987,779,95949,1558,770,4.0,1170.0,96.0,292.0,75.1,6.16,18.74,862.0,308.0,96.0,108.0,184.0,5,13,Normal Review Profile
P447780,The Silk Peony Melting Eye Cream,Tatcha,Skincare,62.0,luxury,4.1593,1557,91742,1558,1557,4.16,1208.0,171.0,179.0,77.54,10.98,11.49,867.0,341.0,171.0,87.0,92.0,5,12,Normal Review Profile
P443833,Salicylic Acid Acne + Pore Cleanser,The INKEY List,Skincare,11.99,budget,4.3775,1547,150051,1552,1552,4.38,1331.0,94.0,127.0,85.76,6.06,8.18,1017.0,314.0,94.0,47.0,80.0,5,12,Loved Product
P230538,Brumisateur Natural Mineral Water Facial Spray Travel Duo,Evian,Skincare,17.0,budget,4.5632,1550,27905,1550,1510,4.56,1413.0,77.0,60.0,91.16,4.97,3.87,1102.0,311.0,77.0,28.0,32.0,5,10,Loved Product
P394397,Invisiblur Perfecting Shield Broad Spectrum SPF 30 PA+++,Murad,Skincare,71.0,luxury,3.9547,773,36774,1546,772,3.95,1120.0,118.0,308.0,72.45,7.63,19.92,836.0,284.0,118.0,136.0,172.0,5,10,Normal Review Profile
P481739,Barrier+ Skin Barrier Niacinamide Restoring Gel Cream,Skinfix,Skincare,48.0,premium,4.5273,768,43004,1542,771,4.52,1354.0,60.0,128.0,87.81,3.89,8.3,1198.0,156.0,60.0,50.0,78.0,5,10,Loved Product
P429242,Clear Sunscreen Stick SPF 50+,Shiseido,Skincare,30.0,mid,4.6566,1529,74272,1530,1529,4.66,1438.0,64.0,28.0,93.99,4.18,1.83,1140.0,298.0,64.0,13.0,15.0,5,9,Loved Product
P114902,Goodbye Acne  Max Complexion Correction Pads,Peter Thomas Roth,Skincare,48.0,premium,4.4199,1529,56955,1529,1482,4.42,1318.0,83.0,128.0,86.2,5.43,8.37,1052.0,266.0,83.0,57.0,71.0,5,9,Loved Product
P442566,Slaai  Makeup-Melting Butter Cleanser,Drunk Elephant,Skincare,36.0,premium,3.781,1525,88374,1528,1528,3.78,973.0,182.0,373.0,63.68,11.91,24.41,788.0,185.0,182.0,182.0,191.0,5,12,High Complaint Risk
P454396,Lotus Youth Preserve Eye Cream,fresh,Skincare,45.0,premium,4.4037,763,21612,1526,762,4.4,1344.0,136.0,46.0,88.07,8.91,3.01,872.0,472.0,136.0,18.0,28.0,5,10,Loved Product
P428100,Potent-C Vitamin C Power Serum,Peter Thomas Roth,Skincare,105.0,luxury,4.0276,762,30830,1524,762,4.03,1102.0,166.0,256.0,72.31,10.89,16.8,858.0,244.0,166.0,118.0,138.0,5,10,Normal Review Profile
P431848,Cold Plunge Pore Mask,OLEHENRIKSEN,Skincare,41.0,premium,4.5335,1522,102859,1522,1519,4.53,1376.0,90.0,56.0,90.41,5.91,3.68,1037.0,339.0,90.0,33.0,23.0,5,10,Loved Product
P454084,Argan Beta Retinol Pink Algae Serum,Josie Maran,Skincare,69.0,luxury,4.4132,760,15095,1520,760,4.41,1334.0,122.0,64.0,87.76,8.03,4.21,910.0,424.0,122.0,32.0,32.0,5,10,Loved Product
P427412,Alpha Arbutin 2% + HA Hyperpigmentation Serum,The Ordinary,Skincare,11.1,budget,4.0411,755,190345,1514,757,4.03,1128.0,118.0,268.0,74.5,7.79,17.7,858.0,270.0,118.0,114.0,154.0,5,11,Normal Review Profile
P453825,Hydra Zen Glow Liquid Lightweight Moisturizer with Hyaluronic Acid,Lancôme,Skincare,54.0,premium,4.413,1511,9381,1511,1511,4.41,1323.0,144.0,44.0,87.56,9.53,2.91,872.0,451.0,144.0,28.0,16.0,5,10,Loved Product
P475543,Guava Vitamin C Dark Spot Treatment Serum,Glow Recipe,Skincare,45.0,premium,4.2613,750,106447,1500,750,4.26,1198.0,102.0,200.0,79.87,6.8,13.33,990.0,208.0,102.0,104.0,96.0,5,11,Normal Review Profile
P402718,Power Couple Advanced Retinol and Lactic Acid Duo,Sunday Riley,Skincare,72.0,luxury,4.3017,1495,127982,1495,1495,4.3,1217.0,98.0,180.0,81.4,6.56,12.04,1003.0,214.0,98.0,86.0,94.0,5,10,Normal Review Profile
P468408,SKINPOWER Eye Cream,SK-II,Skincare,145.0,luxury,4.3226,747,3246,1494,747,4.32,1232.0,184.0,78.0,82.46,12.32,5.22,852.0,380.0,184.0,48.0,30.0,5,10,Normal Review Profile
P447592,Alpha Beta Pore Perfecting & Refining Serum,Dr. Dennis Gross Skincare,Skincare,68.0,luxury,4.4672,1494,26675,1494,1494,4.47,1343.0,88.0,63.0,89.89,5.89,4.22,947.0,396.0,88.0,28.0,35.0,5,13,Loved Product
P442594,Ultra Glow Serum: Glow + Strengthen Vitamin C Serum,SEPHORA COLLECTION,Skincare,20.0,budget,4.125,1488,113866,1493,1493,4.12,1143.0,180.0,170.0,76.56,12.06,11.39,790.0,353.0,180.0,84.0,86.0,5,10,Normal Review Profile
P467615,Cicapair Tiger Grass Sleepair Intensive Mask,Dr. Jart+,Skincare,42.0,premium,4.5464,743,37108,1488,744,4.55,1344.0,96.0,48.0,90.32,6.45,3.23,1024.0,320.0,96.0,30.0,18.0,5,9,Loved Product
P429515,C-Tango Vitamin C Eye Cream,Drunk Elephant,Skincare,64.0,luxury,3.7473,1484,124160,1484,1483,3.75,956.0,186.0,342.0,64.42,12.53,23.05,683.0,273.0,186.0,154.0,188.0,5,11,High Complaint Risk
P460578,GOOPGENES All-In-One Nourishing Face Cream,goop,Skincare,98.0,luxury,4.2846,738,2987,1476,737,4.28,1230.0,166.0,80.0,83.33,11.25,5.42,782.0,448.0,166.0,44.0,36.0,5,10,Normal Review Profile
P416563,Squalane + Vitamin C Rose Firming Oil,Biossance,Skincare,74.0,luxury,4.3483,1470,167407,1472,1462,4.35,1237.0,88.0,147.0,84.04,5.98,9.99,978.0,259.0,88.0,65.0,82.0,5,13,Normal Review Profile
P501254,Watermelon Glow AHA Night Treatment,Glow Recipe,Skincare,40.0,premium,4.6795,730,46292,1468,733,4.68,1370.0,40.0,58.0,93.32,2.72,3.95,1178.0,192.0,40.0,28.0,30.0,5,10,Loved Product
P471788,Mini AHA/BHA Exfoliating Cleanser,Murad,Skincare,17.0,budget,4.4898,733,10438,1466,720,4.49,1286.0,76.0,104.0,87.72,5.18,7.09,1066.0,220.0,76.0,40.0,64.0,5,10,Loved Product
P473322,Dewtopia 20% Acid Night Treatment,OLEHENRIKSEN,Skincare,60.0,luxury,4.5614,1466,39989,1466,1464,4.56,1345.0,86.0,35.0,91.75,5.87,2.39,995.0,350.0,86.0,19.0,16.0,5,10,Loved Product
P456392,Daily UV Defense Invisible Broad Spectrum SPF 36 Sunscreen,innisfree,Skincare,16.0,budget,4.5393,1452,145749,1464,1464,4.54,1288.0,75.0,101.0,87.98,5.12,6.9,1110.0,178.0,75.0,55.0,46.0,5,11,Loved Product
P479327,Plum Plump Hyaluronic Acid Moisturizer,Glow Recipe,Skincare,39.0,premium,4.4624,1449,146036,1458,1455,4.46,1252.0,97.0,109.0,85.87,6.65,7.48,1051.0,201.0,97.0,49.0,60.0,5,12,Loved Product
P500472,Mini Plum Plump Hyaluronic Acid Moisturizer,Glow Recipe,Skincare,21.0,budget,4.4624,1449,26404,1458,1455,4.46,1252.0,97.0,109.0,85.87,6.65,7.48,1051.0,201.0,97.0,49.0,60.0,5,12,Loved Product
P415619,Dreamskin Skin Perfector,Dior,Skincare,130.0,luxury,4.3384,1457,40209,1457,1457,4.34,1238.0,138.0,81.0,84.97,9.47,5.56,827.0,411.0,138.0,47.0,34.0,5,10,Normal Review Profile
P482320,Mini Glowscreen Sunscreen SPF 40 PA+++ with Hyaluronic Acid + Niacinamide,Supergoop!,Skincare,22.0,budget,3.9659,1439,64624,1455,1452,3.97,1026.0,142.0,287.0,70.52,9.76,19.73,826.0,200.0,142.0,132.0,155.0,5,12,Normal Review Profile
P416815,Find Your Balance Oil Control Cleanser,OLEHENRIKSEN,Skincare,33.0,mid,4.4299,1447,72479,1447,1447,4.43,1259.0,85.0,103.0,87.01,5.87,7.12,970.0,289.0,85.0,46.0,57.0,5,10,Loved Product
P387261,Pumpkin Enzyme Mask Enzymatic Dermal Resurfacer,Peter Thomas Roth,Skincare,60.0,luxury,4.6611,720,55129,1440,720,4.66,1336.0,42.0,62.0,92.78,2.92,4.31,1162.0,174.0,42.0,18.0,44.0,5,10,Loved Product
P469490,Lip Treatment Balm,LANEIGE,Skincare,25.0,budget,4.2128,719,93358,1438,719,4.21,1096.0,158.0,184.0,76.22,10.99,12.8,914.0,182.0,158.0,102.0,82.0,5,11,Normal Review Profile
P505031,The POREfessional Smooth Sip Lightweight Gel-Cream Moisturizer,Benefit Cosmetics,Skincare,44.0,premium,4.5975,718,736,1436,718,4.6,1306.0,100.0,30.0,90.95,6.96,2.09,1020.0,286.0,100.0,28.0,2.0,5,10,Loved Product
P432241,Dramatically Different Hydrating Jelly,CLINIQUE,Skincare,45.0,premium,3.8743,716,32096,1432,715,3.87,998.0,188.0,246.0,69.69,13.13,17.18,606.0,392.0,188.0,140.0,106.0,5,10,Normal Review Profile
P443700,Mini Special Cleansing Gel,Dermalogica,Skincare,13.0,budget,4.5196,716,16436,1432,713,4.52,1284.0,78.0,70.0,89.66,5.45,4.89,1006.0,278.0,78.0,26.0,44.0,5,10,Loved Product
P423136,Special Cleansing Gel,Dermalogica,Skincare,42.0,premium,4.5196,716,34428,1432,713,4.52,1284.0,78.0,70.0,89.66,5.45,4.89,1006.0,278.0,78.0,26.0,44.0,5,10,Loved Product
P466122,Kombucha 2-in-1 No-Rinse Cleanser & Prebiotic Treatment,fresh,Skincare,44.0,premium,4.426,716,8957,1432,715,4.43,1266.0,124.0,42.0,88.41,8.66,2.93,832.0,434.0,124.0,28.0,14.0,5,11,Loved Product
P416561,Squalane + Probiotic Balancing Gel Moisturizer,Biossance,Skincare,54.0,premium,4.0924,714,58788,1428,713,4.09,1052.0,150.0,226.0,73.67,10.5,15.83,834.0,218.0,150.0,126.0,100.0,5,10,Normal Review Profile
P460516,Papaya Sorbet Smoothing Enzyme Cleansing Balm & Makeup Remover,Glow Recipe,Skincare,32.0,mid,4.1989,1428,87376,1428,1428,4.2,1123.0,123.0,182.0,78.64,8.61,12.75,863.0,260.0,123.0,90.0,92.0,5,10,Normal Review Profile
P188306,Acne Solutions All-Over Clearing Treatment Oil-Free,CLINIQUE,Skincare,26.0,mid,4.0182,713,17157,1426,691,4.02,1084.0,116.0,226.0,76.02,8.13,15.85,742.0,342.0,116.0,78.0,148.0,5,11,Normal Review Profile
P470024,Protini Powerpeptide Resurfacing Serum with Lactic Acid,Drunk Elephant,Skincare,82.0,luxury,4.3619,713,51763,1426,713,4.36,1208.0,110.0,108.0,84.71,7.71,7.57,898.0,310.0,110.0,52.0,56.0,5,10,Normal Review Profile
P433435,CC+ Cream Oil-Free Matte with SPF 40,IT Cosmetics,Skincare,44.0,premium,3.846,1422,94058,1424,1414,3.84,978.0,162.0,284.0,68.68,11.38,19.94,641.0,337.0,162.0,152.0,132.0,5,10,Normal Review Profile
P456418,Wild Rose Night-Brightening Sleeping Facial,KORRES,Skincare,50.0,premium,4.3596,1424,10482,1424,1405,4.36,1193.0,91.0,140.0,83.78,6.39,9.83,954.0,239.0,91.0,69.0,71.0,5,13,Normal Review Profile
P446423,InvisiScar Post-Acne Resurfacing Treatment,Murad,Skincare,38.0,premium,4.1167,711,43504,1422,711,4.12,1102.0,134.0,186.0,77.5,9.42,13.08,798.0,304.0,134.0,60.0,126.0,5,12,Normal Review Profile
P448203,Benefiance Wrinkle Smoothing Eye Cream,Shiseido,Skincare,64.0,luxury,4.3298,1422,43729,1422,1420,4.33,1212.0,95.0,115.0,85.23,6.68,8.09,848.0,364.0,95.0,61.0,54.0,5,11,Loved Product
P427418,Granactive Retinoid* 2% Emulsion,The Ordinary,Skincare,11.7,budget,4.4548,708,195325,1420,708,4.45,1220.0,60.0,140.0,85.92,4.23,9.86,1056.0,164.0,60.0,62.0,78.0,5,11,Loved Product
P470529,Avocado Soothing Skin Barrier Serum with Ceramides,Glow Recipe,Skincare,45.0,premium,4.471,1412,112842,1417,1417,4.47,1220.0,83.0,114.0,86.1,5.86,8.05,1033.0,187.0,83.0,62.0,52.0,5,10,Loved Product
P472981,Advanced Génifique Wrinkle & Dark Circle Eye Cream,Lancôme,Skincare,79.0,luxury,4.6133,706,22310,1416,708,4.61,1310.0,74.0,32.0,92.51,5.23,2.26,1022.0,288.0,74.0,12.0,20.0,5,10,Loved Product
P505023,The POREfessional Deep Retreat Pore-Clearing Clay Mask,Benefit Cosmetics,Skincare,39.0,premium,4.766,705,1773,1414,706,4.77,1370.0,34.0,10.0,96.89,2.4,0.71,1138.0,232.0,34.0,8.0,2.0,5,10,Loved Product
P232906,Oil Free Moisturizer,Kate Somerville,Skincare,76.0,luxury,4.1489,705,17558,1410,691,4.15,1092.0,120.0,198.0,77.45,8.51,14.04,814.0,278.0,120.0,110.0,88.0,5,9,Normal Review Profile
P471226,Vinoperfect Instant Brightening Moisturizer with Niacinamide,Caudalie,Skincare,65.0,luxury,4.3969,703,19036,1406,703,4.4,1208.0,78.0,120.0,85.92,5.55,8.53,940.0,268.0,78.0,56.0,64.0,5,13,Loved Product
P482693,Water Bank Blue Hyaluronic Cream Moisturizer,LANEIGE,Skincare,40.0,premium,3.9928,699,48729,1400,699,3.99,1010.0,98.0,292.0,72.14,7.0,20.86,836.0,174.0,98.0,126.0,166.0,5,11,High Complaint Risk
P466153,Cloud Dew Gel Cream Moisturizer,Summer Fridays,Skincare,45.0,premium,4.4613,646,51838,1400,700,4.48,1204.0,94.0,102.0,86.0,6.71,7.29,1016.0,188.0,94.0,60.0,42.0,5,10,Loved Product
P479125,Mini Cloud Dew Oil-Free Gel Cream,Summer Fridays,Skincare,17.0,budget,4.4613,646,12092,1400,700,4.48,1204.0,94.0,102.0,86.0,6.71,7.29,1016.0,188.0,94.0,60.0,42.0,5,10,Loved Product
P379710,Regenerating Exfoliating Cleanser,Tata Harper,Skincare,88.0,luxury,4.4649,699,40150,1400,700,4.47,1202.0,98.0,100.0,85.86,7.0,7.14,992.0,210.0,98.0,58.0,42.0,5,9,Loved Product
P505009,The POREfessional Tight ’n Toned Pore-Refining AHA+PHA Toner,Benefit Cosmetics,Skincare,34.0,mid,4.6464,676,629,1400,700,4.64,1298.0,78.0,24.0,92.71,5.57,1.71,1038.0,260.0,78.0,10.0,14.0,5,9,Loved Product
P457517,Rose Petal-Soft Deep Hydration Lip Balm,fresh,Skincare,25.0,budget,4.3891,699,28208,1398,699,4.39,1196.0,120.0,82.0,85.55,8.58,5.87,854.0,342.0,120.0,56.0,26.0,5,10,Loved Product
P404338,Whipped Argan Oil Face Butter,Josie Maran,Skincare,45.0,premium,4.1421,1393,40417,1394,1394,4.14,1069.0,136.0,189.0,76.69,9.76,13.56,818.0,251.0,136.0,84.0,105.0,5,11,Normal Review Profile
P466155,The Dewy Serum Resurfacing and Plumping Treatment,Tatcha,Skincare,89.0,luxury,4.6355,1391,77027,1391,1391,4.64,1295.0,52.0,44.0,93.1,3.74,3.16,1044.0,251.0,52.0,24.0,20.0,5,10,Loved Product
P503936,Black Tea Anti-Aging Moisturizer with Retinol-Alternative BT Matrix,fresh,Skincare,95.0,luxury,4.8434,1386,6292,1389,1389,4.84,1367.0,19.0,3.0,98.42,1.37,0.22,1200.0,167.0,19.0,0.0,3.0,5,8,Loved Product
P377533,Alpha Beta Universal Daily Peel Pads,Dr. Dennis Gross Skincare,Skincare,92.0,luxury,4.4899,1382,121149,1382,1375,4.49,1222.0,48.0,112.0,88.42,3.47,8.1,1018.0,204.0,48.0,43.0,69.0,5,10,Loved Product
P416341,Crème de la Mer Moisturizer,La Mer,Skincare,380.0,luxury,4.0566,1377,90776,1378,1372,4.06,1027.0,100.0,251.0,74.53,7.26,18.21,837.0,190.0,100.0,95.0,156.0,5,10,Normal Review Profile
P426501,Mini Crème de la Mer Moisturizer,La Mer,Skincare,100.0,luxury,4.0566,1377,18102,1378,1372,4.06,1027.0,100.0,251.0,74.53,7.26,18.21,837.0,190.0,100.0,95.0,156.0,5,10,Normal Review Profile
P122882,Clarifying Lotion 2,CLINIQUE,Skincare,20.0,budget,4.3815,1376,38875,1376,1343,4.38,1175.0,75.0,126.0,85.39,5.45,9.16,933.0,242.0,75.0,45.0,81.0,5,10,Loved Product
P444057,Aqua Bomb Jelly Cleanser,belif,Skincare,30.0,mid,4.2943,683,17087,1368,684,4.29,1142.0,138.0,88.0,83.48,10.09,6.43,760.0,382.0,138.0,44.0,44.0,5,10,Normal Review Profile
P411539,Cicapair Tiger Grass Cream,Dr. Jart+,Skincare,49.0,premium,4.3233,1367,73855,1367,1366,4.32,1132.0,89.0,146.0,82.81,6.51,10.68,901.0,231.0,89.0,68.0,78.0,5,9,Normal Review Profile
P419222,Umbra Sheer Physical Daily Defense SPF 30,Drunk Elephant,Skincare,34.0,mid,3.3076,1362,46738,1363,1361,3.31,686.0,222.0,455.0,50.33,16.29,33.38,427.0,259.0,222.0,218.0,237.0,5,10,High Complaint Risk
P474938,Vinopure Natural Salicylic Acid Pore Minimizing Serum,Caudalie,Skincare,52.0,premium,4.3375,1360,31478,1361,1352,4.34,1139.0,74.0,148.0,83.69,5.44,10.87,914.0,225.0,74.0,64.0,84.0,5,13,Normal Review Profile
P458209,Daily Greens Oil-Free Gel Moisturizer with Moringa and Papaya,Farmacy,Skincare,42.0,premium,4.0612,1356,72156,1356,1355,4.06,989.0,142.0,225.0,72.94,10.47,16.59,788.0,201.0,142.0,112.0,113.0,5,10,Normal Review Profile
P458900,Pineapple Enzyme Pore Clearing Cleanser,Josie Maran,Skincare,29.0,mid,4.2437,677,16013,1356,678,4.24,1118.0,148.0,90.0,82.45,10.91,6.64,708.0,410.0,148.0,42.0,48.0,5,10,Normal Review Profile
P467945,Capture Totale Super Potent Rich Cream,Dior,Skincare,130.0,luxury,4.5457,678,2700,1356,678,4.55,1224.0,102.0,30.0,90.27,7.52,2.21,908.0,316.0,102.0,24.0,6.0,5,10,Loved Product
P415747,Brazilian Kiss Cupuaçu Lip Butter,Sol de Janeiro,Skincare,18.0,budget,4.1304,1350,118586,1355,1355,4.13,1014.0,153.0,188.0,74.83,11.29,13.87,793.0,221.0,153.0,101.0,87.0,5,11,Normal Review Profile
P466117,Sweet Biome Fermented Sake Hydrating Spray,Drunk Elephant,Skincare,42.0,premium,3.8833,677,15545,1354,676,3.88,946.0,264.0,144.0,69.87,19.5,10.64,456.0,490.0,264.0,82.0,62.0,5,10,Normal Review Profile
P417936,Rose & Hyaluronic Acid Deep Hydration Toner,fresh,Skincare,46.0,premium,4.1636,1351,159149,1353,1352,4.16,1045.0,114.0,194.0,77.24,8.43,14.34,831.0,214.0,114.0,88.0,106.0,5,11,Normal Review Profile
P453824,Vital-E Antioxidant Recovery Cream,Peter Thomas Roth,Skincare,75.0,luxury,4.4112,676,5199,1352,676,4.41,1198.0,98.0,56.0,88.61,7.25,4.14,792.0,406.0,98.0,30.0,26.0,5,10,Loved Product
P454018,The Serum Stick: Treatment & Touch Up Balm,Tatcha,Skincare,49.0,premium,4.3761,1348,47060,1348,1348,4.38,1169.0,114.0,65.0,86.72,8.46,4.82,779.0,390.0,114.0,37.0,28.0,5,10,Loved Product
P413326,Camellia Gold Spun Lip Balm,Tatcha,Skincare,30.0,mid,4.2806,670,46733,1344,671,4.28,1088.0,130.0,126.0,80.95,9.67,9.38,830.0,258.0,130.0,56.0,70.0,5,10,Normal Review Profile
P482739,Urban Environment Oil-Free Sunscreen Broad-Spectrum SPF 42,Shiseido,Skincare,50.0,premium,4.4533,1337,12870,1343,1343,4.45,1182.0,103.0,58.0,88.01,7.67,4.32,856.0,326.0,103.0,29.0,29.0,5,10,Loved Product
P455368,15% Vitamin C and EGF Brightening Serum,The INKEY List,Skincare,15.99,budget,3.9446,668,87389,1342,671,3.94,934.0,186.0,222.0,69.6,13.86,16.54,666.0,268.0,186.0,108.0,114.0,5,11,Normal Review Profile
P463036,Honey Halo Ultra-Hydrating Ceramide Moisturizer,Farmacy,Skincare,48.0,premium,4.4484,1327,131912,1341,1341,4.44,1133.0,86.0,122.0,84.49,6.41,9.1,981.0,152.0,86.0,64.0,58.0,5,11,Normal Review Profile
P434360,High-Potency Night-a-Mins Resurfacing Cream with Fruit-Derived AHAs,Origins,Skincare,52.0,premium,4.3159,1336,18198,1336,1331,4.32,1096.0,90.0,150.0,82.04,6.74,11.23,889.0,207.0,90.0,73.0,77.0,5,10,Normal Review Profile
P467038,Retinol Eye Stick,Peace Out,Skincare,28.0,mid,4.2062,1329,136726,1331,1329,4.21,1055.0,85.0,191.0,79.26,6.39,14.35,827.0,228.0,85.0,106.0,85.0,5,10,Normal Review Profile
P462336,Aqua Bomb Cleansing Balm,belif,Skincare,38.0,premium,4.4598,1331,14738,1331,1331,4.46,1207.0,82.0,42.0,90.68,6.16,3.16,788.0,419.0,82.0,32.0,10.0,5,10,Loved Product
P381020,Vinoclean Cleansing Micellar Water,Caudalie,Skincare,30.0,mid,4.009,664,41456,1330,657,4.01,960.0,140.0,230.0,72.18,10.53,17.29,726.0,234.0,140.0,118.0,112.0,5,11,Normal Review Profile
P404795,Cooling Water,MILK MAKEUP,Skincare,28.0,mid,3.6775,1327,107607,1328,1328,3.68,849.0,139.0,340.0,63.93,10.47,25.6,561.0,288.0,139.0,167.0,173.0,5,10,High Complaint Risk
P466673,Rapid Dark Spot Correcting Serum,Murad,Skincare,83.0,luxury,4.3876,663,19264,1326,663,4.39,1172.0,74.0,80.0,88.39,5.58,6.03,804.0,368.0,74.0,24.0,56.0,5,10,Loved Product
P455366,Retinol Eye Cream,The INKEY List,Skincare,12.99,budget,3.9532,662,76545,1324,661,3.95,976.0,150.0,198.0,73.72,11.33,14.95,612.0,364.0,150.0,70.0,128.0,5,11,Normal Review Profile
P470506,The Cream Cleansing Gel with TFC8 Gentle Cleanser,Augustinus Bader,Skincare,70.0,luxury,4.4826,661,4123,1322,661,4.48,1166.0,108.0,48.0,88.2,8.17,3.63,852.0,314.0,108.0,38.0,10.0,5,10,Loved Product
P439055,GENIUS Sleeping Collagen Moisturizer,Algenist,Skincare,98.0,luxury,4.5413,1321,33910,1321,1320,4.54,1196.0,59.0,66.0,90.54,4.47,5.0,932.0,264.0,59.0,40.0,26.0,5,10,Loved Product
P443349,Skin Squad Pre + ProbioticSupplement for Acne-Prone Skin,HUM Nutrition,Skincare,40.0,premium,4.1152,660,15373,1320,660,4.12,1008.0,200.0,112.0,76.36,15.15,8.48,618.0,390.0,200.0,70.0,42.0,5,10,Normal Review Profile
P448852,SOS Daily Rescue Facial Spray,Tower 28 Beauty,Skincare,12.0,budget,4.2481,653,91499,1318,659,4.24,1048.0,76.0,194.0,79.51,5.77,14.72,906.0,142.0,76.0,64.0,130.0,5,10,Normal Review Profile
P461213,Honey Balm Niacinamide Moisturizer,Wishful,Skincare,43.0,premium,4.1887,657,25888,1314,657,4.19,1032.0,68.0,214.0,78.54,5.18,16.29,868.0,164.0,68.0,90.0,124.0,5,9,Normal Review Profile
P442830,100% Plant-Derived Squalane,The Ordinary,Skincare,10.0,budget,4.5374,655,108468,1312,656,4.54,1162.0,48.0,102.0,88.57,3.66,7.77,1022.0,140.0,48.0,38.0,64.0,5,13,Loved Product
P454806,Capture Totale Firming & Wrinkle-Correcting Cream,Dior,Skincare,130.0,luxury,4.5168,654,7071,1308,654,4.52,1180.0,98.0,30.0,90.21,7.49,2.29,846.0,334.0,98.0,18.0,12.0,5,11,Loved Product
P416562,Squalane + Peptide Brightening & De-Puffing Eye Gel,Biossance,Skincare,56.0,premium,3.6371,653,59273,1306,652,3.64,754.0,202.0,350.0,57.73,15.47,26.8,612.0,142.0,202.0,166.0,184.0,5,11,High Complaint Risk
P456410,Squalane + Zinc Sheer Mineral Sunscreen SPF 30 PA +++,Biossance,Skincare,34.0,mid,3.8812,648,54584,1306,653,3.87,866.0,170.0,270.0,66.31,13.02,20.67,672.0,194.0,170.0,134.0,136.0,5,11,High Complaint Risk
P420699,Violet-C Radiance Mask,Tatcha,Skincare,70.0,luxury,4.0507,651,96300,1302,651,4.05,950.0,130.0,222.0,72.96,9.98,17.05,772.0,178.0,130.0,90.0,132.0,5,10,Normal Review Profile
P439928,Superscreen Daily Moisturizer Sunscreen SPF 40 PA+++,Supergoop!,Skincare,44.0,premium,3.6997,646,42616,1298,649,3.7,794.0,178.0,326.0,61.17,13.71,25.12,600.0,194.0,178.0,166.0,160.0,5,10,High Complaint Risk
P432045,GENIUS Liquid Collagen Lip Treatment,Algenist,Skincare,29.0,mid,3.8721,649,44448,1298,649,3.87,916.0,82.0,300.0,70.57,6.32,23.11,708.0,208.0,82.0,108.0,192.0,5,11,High Complaint Risk
P481989,Watermelon Glow Niacinamide Sunscreen SPF 50,Glow Recipe,Skincare,35.0,mid,3.761,1293,64453,1295,1295,3.76,826.0,140.0,329.0,63.78,10.81,25.41,658.0,168.0,140.0,156.0,173.0,5,10,High Complaint Risk
P427413,Lactic Acid 10% + HA 2% Exfoliating Serum,The Ordinary,Skincare,8.9,budget,4.5035,1289,295071,1291,1291,4.5,1137.0,48.0,106.0,88.07,3.72,8.21,961.0,176.0,48.0,52.0,54.0,5,10,Loved Product
P448185,Cicapair Tiger Grass Calming Gel Cream,Dr. Jart+,Skincare,49.0,premium,4.4977,645,34356,1290,645,4.5,1138.0,82.0,70.0,88.22,6.36,5.43,884.0,254.0,82.0,50.0,20.0,5,9,Loved Product
P471043,Argan Pro-Retinol Eye Cream,Josie Maran,Skincare,42.0,premium,4.4774,641,27604,1284,642,4.48,1134.0,32.0,118.0,88.32,2.49,9.19,956.0,178.0,32.0,44.0,74.0,5,11,Loved Product
P203616,Glycol Lactic Radiance Renewal Mask,REN Clean Skincare,Skincare,58.0,premium,4.4022,1283,58212,1283,1253,4.4,1098.0,76.0,109.0,85.58,5.92,8.5,867.0,231.0,76.0,52.0,57.0,5,10,Loved Product
P416560,Squalane + Antioxidant Makeup Removing Cleansing Oil,Biossance,Skincare,32.0,mid,4.0203,639,51767,1278,638,4.02,914.0,144.0,220.0,71.52,11.27,17.21,728.0,186.0,144.0,102.0,118.0,5,10,Normal Review Profile
P466142,Lemonade Smoothing Scrub,OLEHENRIKSEN,Skincare,35.0,mid,4.5795,1277,42708,1277,1276,4.58,1178.0,55.0,44.0,92.25,4.31,3.45,905.0,273.0,55.0,22.0,22.0,5,10,Loved Product
P448530,Salicylic Acid 2% Masque,The Ordinary,Skincare,13.3,budget,4.3736,637,164697,1276,638,4.37,1084.0,88.0,104.0,84.95,6.9,8.15,818.0,266.0,88.0,52.0,52.0,5,11,Normal Review Profile
P467110,Squalane + 10% Vitamin C Dark Spot Serum,Biossance,Skincare,65.0,luxury,4.3465,635,44580,1272,636,4.34,1074.0,102.0,96.0,84.43,8.02,7.55,784.0,290.0,102.0,40.0,56.0,5,10,Normal Review Profile
P500245,C Beyond Triple Serum SPF 40 Mineral Sunscreen with Vitamin C 10% + Niacinamide,ILIA,Skincare,64.0,luxury,3.6609,634,24716,1270,627,3.66,772.0,240.0,258.0,60.79,18.9,20.31,446.0,326.0,240.0,132.0,126.0,5,10,High Complaint Risk
P34402,Acne Control Clarifying Body Spray,Murad,Skincare,48.0,premium,4.2898,635,16688,1270,623,4.29,1068.0,70.0,132.0,84.09,5.51,10.39,782.0,286.0,70.0,52.0,80.0,5,10,Normal Review Profile
P446421,Clear Improvement Pore Clearing Moisturizer with Salicylic Acid,Origins,Skincare,40.0,premium,4.2685,1270,17465,1270,1270,4.27,1061.0,138.0,71.0,83.54,10.87,5.59,647.0,414.0,138.0,45.0,26.0,5,11,Normal Review Profile
P439926,A-Passioni Retinol Cream,Drunk Elephant,Skincare,74.0,luxury,4.2008,1265,214435,1266,1264,4.2,1003.0,54.0,209.0,79.23,4.27,16.51,864.0,139.0,54.0,72.0,137.0,5,10,Normal Review Profile
P427638,Nutrient-Charged Water Gel,Murad,Skincare,71.0,luxury,4.4755,633,21135,1266,633,4.48,1106.0,72.0,88.0,87.36,5.69,6.95,908.0,198.0,72.0,30.0,58.0,5,10,Loved Product
P466134,Radian-C Cream with Vitamin C,LANEIGE,Skincare,35.0,mid,4.4913,631,45923,1264,631,4.49,1110.0,66.0,88.0,87.82,5.22,6.96,914.0,196.0,66.0,38.0,50.0,5,10,Loved Product
P460747,Pink Cloud Rosewater + Squalane Makeup Removing Face Wash,Herbivore,Skincare,26.0,mid,4.3577,629,41051,1262,631,4.35,1032.0,100.0,130.0,81.77,7.92,10.3,868.0,164.0,100.0,68.0,62.0,5,10,Normal Review Profile
P445827,Sugar Strawberry Exfoliating Face Wash,fresh,Skincare,33.0,mid,4.1597,1259,61862,1260,1259,4.16,990.0,109.0,161.0,78.57,8.65,12.78,701.0,289.0,109.0,93.0,68.0,5,12,Normal Review Profile
P503634,Avocado Ceramide Moisture Barrier Cleanser,Glow Recipe,Skincare,28.0,mid,4.4387,620,30873,1260,630,4.43,1094.0,86.0,80.0,86.83,6.83,6.35,820.0,274.0,86.0,42.0,38.0,5,13,Loved Product
P283106,Instant FIRMx Eye Temporary Eye Tightener,Peter Thomas Roth,Skincare,38.0,premium,3.3254,627,47539,1256,618,3.32,668.0,114.0,474.0,53.18,9.08,37.74,512.0,156.0,114.0,172.0,302.0,5,10,High Complaint Risk
P477830,Superberry Dream Cleansing Balm,Youth To The People,Skincare,39.0,premium,4.3869,628,30088,1256,628,4.39,1044.0,122.0,90.0,83.12,9.71,7.17,824.0,220.0,122.0,54.0,36.0,5,10,Normal Review Profile
P422430,Hydra Zen Gel-Cream Oil-Free Moisturizer with Salicylic Acid,Lancôme,Skincare,48.0,premium,4.5629,1256,15564,1256,1255,4.56,1147.0,74.0,35.0,91.32,5.89,2.79,866.0,281.0,74.0,20.0,15.0,5,10,Loved Product
P461165,GOOPGENES All-In-One Nourishing Eye Cream,goop,Skincare,55.0,premium,4.2026,627,2741,1254,627,4.2,1024.0,142.0,88.0,81.66,11.32,7.02,604.0,420.0,142.0,56.0,32.0,5,10,Normal Review Profile
P503726,B3 Nice 10% Niacinamide Serum,Sunday Riley,Skincare,65.0,luxury,4.726,624,9940,1254,627,4.73,1204.0,18.0,32.0,96.01,1.44,2.55,1012.0,192.0,18.0,14.0,18.0,5,10,Loved Product
P3550,Goodbye Acne AHA/BHA Acne Clearing Gel Face Body Spot Treatment,Peter Thomas Roth,Skincare,48.0,premium,4.2768,625,23319,1250,602,4.28,1034.0,66.0,150.0,82.72,5.28,12.0,808.0,226.0,66.0,54.0,96.0,5,10,Normal Review Profile
P474078,Mini Goodbye Acne  AHA/BHA Acne Clearing Gel Face Body Spot Treatment,Peter Thomas Roth,Skincare,20.0,budget,4.2768,625,4443,1250,602,4.28,1034.0,66.0,150.0,82.72,5.28,12.0,808.0,226.0,66.0,54.0,96.0,5,10,Normal Review Profile
P477157,Clearly Clean Makeup Removing Cleansing Balm,Farmacy,Skincare,36.0,premium,4.6494,619,22126,1250,625,4.64,1132.0,44.0,74.0,90.56,3.52,5.92,1042.0,90.0,44.0,30.0,44.0,5,10,Loved Product
P396623,Makeup Setting Spray Organic Sunscreen SPF 30,COOLA,Skincare,36.0,premium,3.3066,623,34125,1248,624,3.31,670.0,144.0,434.0,53.69,11.54,34.78,428.0,242.0,144.0,156.0,278.0,5,10,High Complaint Risk
P415667,EradiKate Daily Cleanser Acne Treatment,Kate Somerville,Skincare,44.0,premium,4.2392,623,36518,1248,624,4.24,992.0,76.0,180.0,79.49,6.09,14.42,830.0,162.0,76.0,86.0,94.0,5,11,Normal Review Profile
P436094,Evercalm Overnight Recovery Balm,REN Clean Skincare,Skincare,55.0,premium,4.4864,623,38294,1248,624,4.49,1110.0,50.0,88.0,88.94,4.01,7.05,894.0,216.0,50.0,28.0,60.0,5,10,Loved Product
P232910,Goat Milk Moisturizing Cream,Kate Somerville,Skincare,76.0,luxury,4.0449,623,19623,1246,609,4.04,908.0,152.0,186.0,72.87,12.2,14.93,664.0,244.0,152.0,102.0,84.0,5,10,Normal Review Profile
P456417,Wild Rose Brightening Absolute Oil,KORRES,Skincare,54.0,premium,4.3553,622,5462,1244,621,4.36,1024.0,58.0,162.0,82.32,4.66,13.02,908.0,116.0,58.0,78.0,84.0,5,13,Normal Review Profile
P455934,Yerba Mate Resurfacing + Exfoliating Energy Facial with Enzymes + Niacinamide,Youth To The People,Skincare,59.0,luxury,4.4774,620,82444,1244,622,4.47,1084.0,66.0,94.0,87.14,5.31,7.56,894.0,190.0,66.0,42.0,52.0,5,10,Loved Product
P454019,Teatreement Moisturizer,Dr. Jart+,Skincare,35.0,mid,4.2435,620,13761,1242,621,4.24,1008.0,166.0,68.0,81.16,13.37,5.48,626.0,382.0,166.0,48.0,20.0,5,10,Normal Review Profile
P471535,Aqua Bomb Brightening Vitamin C Cream,belif,Skincare,45.0,premium,4.4992,1242,19491,1242,1242,4.5,1120.0,88.0,34.0,90.18,7.09,2.74,782.0,338.0,88.0,28.0,6.0,5,10,Loved Product
P434545,Glow Cycle Retin-ALT Power Serum,OLEHENRIKSEN,Skincare,60.0,luxury,4.2873,1239,43324,1239,1238,4.29,1054.0,73.0,112.0,85.07,5.89,9.04,717.0,337.0,73.0,48.0,64.0,5,11,Loved Product
P465368,Mini Ready Steady Glow Daily AHA Tonic,REN Clean Skincare,Skincare,22.0,budget,4.143,1238,20852,1238,1234,4.14,955.0,92.0,191.0,77.14,7.43,15.43,769.0,186.0,92.0,73.0,118.0,5,11,Normal Review Profile
P428095,Ready Steady Glow Daily AHA Tonic,REN Clean Skincare,Skincare,40.0,premium,4.143,1238,76269,1238,1234,4.14,955.0,92.0,191.0,77.14,7.43,15.43,769.0,186.0,92.0,73.0,118.0,5,11,Normal Review Profile
P476513,Mini Abeille Royale Advanced Youth Watery Oil,GUERLAIN,Skincare,55.0,premium,4.3465,1215,6222,1235,1234,4.34,1075.0,105.0,55.0,87.04,8.5,4.45,661.0,414.0,105.0,33.0,22.0,5,10,Loved Product
P474953,Abeille Royale Advanced Youth Watery Oil,GUERLAIN,Skincare,145.0,luxury,4.3465,1215,13825,1235,1234,4.34,1075.0,105.0,55.0,87.04,8.5,4.45,661.0,414.0,105.0,33.0,22.0,5,10,Loved Product
P386754,Daily Cleanse Clear Skin and Body Detox Supplement,HUM Nutrition,Skincare,26.0,mid,4.0535,617,49678,1234,617,4.05,930.0,70.0,234.0,75.36,5.67,18.96,768.0,162.0,70.0,70.0,164.0,5,10,Normal Review Profile
P443370,BioLumin-C Vitamin C Serum,Dermalogica,Skincare,95.0,luxury,4.5714,616,21673,1234,616,4.57,1132.0,70.0,32.0,91.73,5.67,2.59,862.0,270.0,70.0,10.0,22.0,5,10,Loved Product
P453225,The Kissu Lip Mask,Tatcha,Skincare,29.0,mid,3.7724,1226,202204,1232,1223,3.77,782.0,132.0,318.0,63.47,10.71,25.81,636.0,146.0,132.0,162.0,156.0,5,13,High Complaint Risk
P442858,Rose Deep Hydration Sleeping Mask,fresh,Skincare,29.0,mid,4.4586,1232,44288,1232,1229,4.46,1101.0,85.0,46.0,89.37,6.9,3.73,764.0,337.0,85.0,24.0,22.0,5,12,Loved Product
P443350,Mini Precleanse Cleansing Oil,Dermalogica,Skincare,15.0,budget,4.5435,1229,20995,1230,1227,4.54,1106.0,62.0,62.0,89.92,5.04,5.04,886.0,220.0,62.0,30.0,32.0,5,11,Loved Product
P423148,Precleanse Cleansing Oil,Dermalogica,Skincare,49.0,premium,4.5435,1229,49959,1230,1227,4.54,1106.0,62.0,62.0,89.92,5.04,5.04,886.0,220.0,62.0,30.0,32.0,5,11,Loved Product
P501029,Retinol Fast-Release Wrinkle Reducing Night Serum,Kiehl's Since 1851,Skincare,85.0,luxury,4.5163,614,8391,1228,614,4.52,1108.0,90.0,30.0,90.23,7.33,2.44,792.0,316.0,90.0,22.0,8.0,5,10,Loved Product
P443843,Q10 Antioxidant Serum,The INKEY List,Skincare,9.99,budget,4.3088,612,43585,1226,613,4.31,1034.0,110.0,82.0,84.34,8.97,6.69,680.0,354.0,110.0,52.0,30.0,5,10,Normal Review Profile
P460855,Clean Lip Balm & Scrub,SEPHORA COLLECTION,Skincare,7.0,budget,2.282,610,74119,1222,605,2.28,310.0,122.0,790.0,25.37,9.98,64.65,216.0,94.0,122.0,174.0,616.0,5,13,High Complaint Risk
P232907,Anti Bac Acne Clearing Lotion,Kate Somerville,Skincare,56.0,premium,4.4599,611,28025,1222,604,4.46,1060.0,64.0,98.0,86.74,5.24,8.02,880.0,180.0,64.0,40.0,58.0,5,9,Loved Product
P501005,Premium BB Tinted Moisturizer with Niacinamide and SPF 40,Dr. Jart+,Skincare,44.0,premium,4.3229,607,33513,1222,610,4.32,1038.0,94.0,90.0,84.94,7.69,7.36,714.0,324.0,94.0,42.0,48.0,5,11,Normal Review Profile
P480162,Cica Recover & Repair Multi-Use Balm,Dior,Skincare,60.0,luxury,4.6416,611,3512,1222,611,4.64,1148.0,66.0,8.0,93.94,5.4,0.65,866.0,282.0,66.0,8.0,0.0,5,10,Loved Product
P384778,Black Tea Firming and De-Puffing Eye Cream,fresh,Skincare,68.0,luxury,3.8768,609,58657,1220,607,3.88,844.0,126.0,250.0,69.18,10.33,20.49,642.0,202.0,126.0,86.0,164.0,5,10,High Complaint Risk
P471003,Squalane + BHA Pore-Minimizing Toner,Biossance,Skincare,30.0,mid,4.4309,608,52399,1220,607,4.43,1060.0,88.0,72.0,86.89,7.21,5.9,794.0,266.0,88.0,34.0,38.0,5,10,Loved Product
P3617,Therapeutic Sulfur Acne Treatment Mask,Peter Thomas Roth,Skincare,52.0,premium,4.5111,1217,69468,1217,1191,4.51,1072.0,62.0,83.0,88.09,5.09,6.82,903.0,169.0,62.0,30.0,53.0,5,10,Loved Product
P456399,Ultimate Sun Protector Cream SPF 50+ Face Sunscreen,Shiseido,Skincare,40.0,premium,4.276,605,6649,1210,604,4.28,1014.0,118.0,78.0,83.8,9.75,6.45,632.0,382.0,118.0,54.0,24.0,5,8,Normal Review Profile
P467126,That Jlo Glow Brightening & Firming Serum with Niacinamide,JLo Beauty,Skincare,79.0,luxury,3.9452,602,13307,1208,604,3.94,854.0,150.0,204.0,70.7,12.42,16.89,594.0,260.0,150.0,98.0,106.0,5,10,Normal Review Profile
P306941,DermalQuench Hyaluronic Acid Hydration Treatment,Kate Somerville,Skincare,110.0,luxury,4.1824,603,9711,1206,602,4.18,968.0,96.0,142.0,80.27,7.96,11.77,686.0,282.0,96.0,56.0,86.0,5,10,Normal Review Profile
P479971,Rénergie H.C.F. Triple Serum: For Plumping & Anti-Aging,Lancôme,Skincare,140.0,luxury,4.4419,602,9070,1206,603,4.44,1068.0,96.0,42.0,88.56,7.96,3.48,724.0,344.0,96.0,28.0,14.0,5,10,Loved Product
P483679,Truth Barrier Booster Orange Ferment Vitamin C Essence,OLEHENRIKSEN,Skincare,48.0,premium,4.814,602,24293,1204,602,4.81,1174.0,16.0,14.0,97.51,1.33,1.16,1034.0,140.0,16.0,4.0,10.0,5,10,Loved Product
P455936,Lip Butter Balm,Summer Fridays,Skincare,24.0,budget,4.2662,1157,359649,1200,1171,4.32,972.0,94.0,134.0,81.0,7.83,11.17,811.0,161.0,94.0,70.0,64.0,5,13,Normal Review Profile
P405584,Baby Pekee Bar + Juju Bar Travel Duo,Drunk Elephant,Skincare,16.0,budget,4.34,600,55728,1200,599,4.34,988.0,82.0,130.0,82.33,6.83,10.83,820.0,168.0,82.0,60.0,70.0,5,10,Normal Review Profile
P469502,Skin Perfecting 2% BHA Liquid Exfoliant,Paula's Choice,Skincare,34.0,mid,4.4399,1182,275846,1200,1200,4.44,1022.0,51.0,127.0,85.17,4.25,10.58,907.0,115.0,51.0,49.0,78.0,5,12,Loved Product
P468658,Volcanic AHA Pore Clearing Clay Mask,innisfree,Skincare,16.0,budget,4.6149,1197,104838,1200,1199,4.62,1102.0,43.0,55.0,91.83,3.58,4.58,923.0,179.0,43.0,23.0,32.0,5,12,Loved Product
P474832,Sugar Recovery Lip Mask Advanced Therapy,fresh,Skincare,28.0,mid,4.6973,598,21441,1200,600,4.69,1128.0,26.0,46.0,94.0,2.17,3.83,970.0,158.0,26.0,26.0,20.0,5,10,Loved Product
P453823,Vital-E Antioxidant Recovery Eye Cream,Peter Thomas Roth,Skincare,55.0,premium,4.3255,599,15022,1198,598,4.33,1000.0,142.0,56.0,83.47,11.85,4.67,676.0,324.0,142.0,24.0,32.0,5,10,Normal Review Profile
P377570,Argan Infinity Cream Intensive Creamy Oil,Josie Maran,Skincare,28.0,mid,4.5163,1197,33244,1197,1174,4.52,1042.0,68.0,87.0,87.05,5.68,7.27,900.0,142.0,68.0,47.0,40.0,5,10,Loved Product
P459301,Mini GOOPGLOW 15% Glycolic Acid Overnight Glow Peel,goop,Skincare,45.0,premium,4.255,1196,3228,1196,1194,4.26,984.0,137.0,75.0,82.27,11.45,6.27,623.0,361.0,137.0,44.0,31.0,5,10,Normal Review Profile
P456208,GOOPGLOW 15% Glycolic Acid Overnight Glow Peel,goop,Skincare,125.0,luxury,4.255,1196,4597,1196,1194,4.26,984.0,137.0,75.0,82.27,11.45,6.27,623.0,361.0,137.0,44.0,31.0,5,10,Normal Review Profile
P474840,Micro-Dose Anti-Aging Retinol Serum with Ceramides and Peptide,Kiehl's Since 1851,Skincare,65.0,luxury,4.4916,598,42766,1196,598,4.49,1066.0,74.0,56.0,89.13,6.19,4.68,804.0,262.0,74.0,26.0,30.0,5,10,Loved Product
P122718,Exfoliating Face Scrub,CLINIQUE,Skincare,26.0,mid,4.6122,1194,40899,1195,1146,4.61,1098.0,31.0,66.0,91.88,2.59,5.52,934.0,164.0,31.0,26.0,40.0,5,9,Loved Product
P457864,Vital Skin-Strengthening Hyaluronic Acid Super Serum,Kiehl's Since 1851,Skincare,60.0,luxury,4.2194,597,10302,1194,597,4.22,988.0,126.0,80.0,82.75,10.55,6.7,574.0,414.0,126.0,54.0,26.0,5,10,Normal Review Profile
P461439,Hyaluronic Marine Makeup Removing Meltaway Cleanser,Dr. Dennis Gross Skincare,Skincare,32.0,mid,4.4555,595,8658,1190,595,4.46,1046.0,58.0,86.0,87.9,4.87,7.23,826.0,220.0,58.0,32.0,54.0,5,10,Loved Product
P482742,Urban Environment Fresh-Moisture Sunscreen Broad-Spectrum SPF 42,Shiseido,Skincare,38.0,premium,4.6311,1190,8629,1190,1190,4.63,1113.0,61.0,16.0,93.53,5.13,1.34,852.0,261.0,61.0,8.0,8.0,5,10,Loved Product
P427397,Hydro Biotic Recovery Sleeping Mask,Dr. Brandt Skincare,Skincare,54.0,premium,4.5788,1187,21773,1187,1186,4.58,1083.0,61.0,43.0,91.24,5.14,3.62,856.0,227.0,61.0,21.0,22.0,5,10,Loved Product
P421432,Rapid Relief Acne Spot Treatment,Murad,Skincare,26.0,mid,3.9253,589,41475,1180,590,3.93,848.0,106.0,226.0,71.86,8.98,19.15,638.0,210.0,106.0,60.0,166.0,5,10,Normal Review Profile
P448937,ICE Ceramide Moisturizer with Vitamin F,Sunday Riley,Skincare,65.0,luxury,4.084,1178,19213,1178,1175,4.08,917.0,94.0,167.0,77.84,7.98,14.18,640.0,277.0,94.0,54.0,113.0,5,10,Normal Review Profile
P421998,Midnight Recovery Concentrate Moisturizing Face Oil,Kiehl's Since 1851,Skincare,56.0,premium,4.2174,1173,101394,1173,1166,4.22,921.0,79.0,173.0,78.52,6.73,14.75,783.0,138.0,79.0,70.0,103.0,5,10,Normal Review Profile
P445951,Midnight Recovery Concentrate Moisturizing Face Oil,Kiehl's Since 1851,Skincare,30.0,mid,4.2174,1173,29687,1173,1166,4.22,921.0,79.0,173.0,78.52,6.73,14.75,783.0,138.0,79.0,70.0,103.0,5,10,Normal Review Profile
P309306,Juno Antioxidant + Superfood Face Oil,Sunday Riley,Skincare,72.0,luxury,4.3299,585,69459,1170,584,4.33,942.0,92.0,136.0,80.51,7.86,11.62,810.0,132.0,92.0,76.0,60.0,5,10,Normal Review Profile
P475630,Mini Mandelic Acid + Superfood Unity Exfoliant,Youth To The People,Skincare,16.0,budget,4.6747,584,36699,1170,585,4.67,1084.0,40.0,46.0,92.65,3.42,3.93,940.0,144.0,40.0,20.0,26.0,5,10,Loved Product
P201440,Redness Solutions with Probiotic Technology Daily Relief Cream,CLINIQUE,Skincare,56.0,premium,4.0051,583,19437,1168,577,4.0,856.0,112.0,200.0,73.29,9.59,17.12,606.0,250.0,112.0,108.0,92.0,5,8,Normal Review Profile
P434336,Mini Noni Glow Face Oil,KORA Organics,Skincare,28.0,mid,4.3877,1166,26453,1167,1160,4.39,982.0,56.0,129.0,84.15,4.8,11.05,837.0,145.0,56.0,58.0,71.0,5,12,Normal Review Profile
P480177,Super Multi-Corrective Anti-Aging Eye Cream,Kiehl's Since 1851,Skincare,60.0,luxury,4.5714,581,22539,1164,582,4.57,1056.0,72.0,36.0,90.72,6.19,3.09,824.0,232.0,72.0,14.0,22.0,5,10,Loved Product
P443846,Collagen Booster Firming Peptide Serum,The INKEY List,Skincare,12.99,budget,4.3103,580,66477,1160,580,4.31,960.0,116.0,84.0,82.76,10.0,7.24,674.0,286.0,116.0,54.0,30.0,5,10,Normal Review Profile
P421277,GENIUS Liquid Collagen Serum,Algenist,Skincare,115.0,luxury,4.0259,1159,67870,1159,1159,4.03,863.0,76.0,220.0,74.46,6.56,18.98,672.0,191.0,76.0,94.0,126.0,5,11,Normal Review Profile
P405096,SEA Deep Dive Cleansing Gel,tarte,Skincare,12.0,budget,4.312,1157,48796,1158,1158,4.31,942.0,71.0,145.0,81.35,6.13,12.52,790.0,152.0,71.0,74.0,71.0,5,10,Normal Review Profile
P500777,Sugar Lip Balm Hydrating Treatment,fresh,Skincare,25.0,budget,4.5244,1148,41928,1150,1143,4.52,1023.0,29.0,98.0,88.96,2.52,8.52,888.0,135.0,29.0,36.0,62.0,5,11,Loved Product
P467602,Triple Algae Eye Renewal Balm Eye Cream,Algenist,Skincare,68.0,luxury,4.5306,1142,17890,1142,1142,4.53,1045.0,73.0,24.0,91.51,6.39,2.1,742.0,303.0,73.0,9.0,15.0,5,11,Loved Product
P479354,Omega Water Cream Moisturizer,The INKEY List,Skincare,10.99,budget,4.073,562,42831,600,600,4.08,451.0,71.0,78.0,75.17,11.83,13.0,314.0,137.0,71.0,40.0,38.0,5,10,Normal Review Profile
P504986,Urban Environment Vita-Clear Sunscreen SPF 42,Shiseido,Skincare,38.0,premium,4.6126,555,1107,600,600,4.57,554.0,39.0,7.0,92.33,6.5,1.17,395.0,159.0,39.0,4.0,3.0,5,11,Loved Product
P442857,Focuspot Micro Tip Patches,Dr. Jart+,Skincare,20.0,budget,3.0381,578,54955,579,579,3.04,264.0,79.0,236.0,45.6,13.64,40.76,160.0,104.0,79.0,72.0,164.0,5,10,High Complaint Risk
P500613,Banana Bright+ Vitamin C Eye Crème,OLEHENRIKSEN,Skincare,42.0,premium,4.2017,575,45414,579,579,4.19,473.0,39.0,67.0,81.69,6.74,11.57,327.0,146.0,39.0,23.0,44.0,5,10,Normal Review Profile
P466154,Daily Dose Vitamin C + SPF 40 Sunscreen Serum PA+++,Supergoop!,Skincare,46.0,premium,3.6736,573,41804,574,574,3.67,350.0,88.0,136.0,60.98,15.33,23.69,233.0,117.0,88.0,75.0,61.0,5,10,High Complaint Risk
P503879,Wake Up Honey Eye Cream with Brightening Vitamin C,Farmacy,Skincare,45.0,premium,4.7118,569,28506,572,572,4.7,539.0,11.0,22.0,94.23,1.92,3.85,468.0,71.0,11.0,9.0,13.0,5,10,Loved Product
P482298,Dr. Andrew Weil for Origins Mega-Mushroom Relief & Resilience Soothing Treatment Lotion,Origins,Skincare,40.0,premium,4.4028,571,6749,571,571,4.4,497.0,44.0,30.0,87.04,7.71,5.25,339.0,158.0,44.0,25.0,5.0,5,10,Loved Product
P432242,Blackhead Solutions 7 Day Deep Pore Cleanse & Face Scrub,CLINIQUE,Skincare,26.5,mid,4.1125,569,24438,569,568,4.11,451.0,61.0,57.0,79.26,10.72,10.02,264.0,187.0,61.0,32.0,25.0,5,10,Normal Review Profile
P442839,Barrier+ Triple Lipid-Peptide Lotion Moisturizer,Skinfix,Skincare,42.0,premium,4.6503,569,25515,569,569,4.65,519.0,33.0,17.0,91.21,5.8,2.99,441.0,78.0,33.0,13.0,4.0,5,10,Loved Product
P457008,Cryo Rubber Masks,Dr. Jart+,Skincare,15.0,budget,4.3149,562,93809,566,566,4.31,480.0,36.0,50.0,84.81,6.36,8.83,342.0,138.0,36.0,21.0,29.0,5,10,Normal Review Profile
P251529,Retinol Fusion PM Night Serum,Peter Thomas Roth,Skincare,65.0,luxury,4.3262,564,28361,564,546,4.33,467.0,38.0,59.0,82.8,6.74,10.46,373.0,94.0,38.0,26.0,33.0,5,11,Normal Review Profile
P461949,The Concentrate Serum,La Mer,Skincare,425.0,luxury,4.5187,563,7514,563,562,4.52,500.0,36.0,27.0,88.81,6.39,4.8,392.0,108.0,36.0,17.0,10.0,5,10,Loved Product
P393076,Ultra Repair Hydra-Firm Night Cream,First Aid Beauty,Skincare,44.0,premium,4.3114,562,54167,562,562,4.31,455.0,48.0,59.0,80.96,8.54,10.5,370.0,85.0,48.0,30.0,29.0,5,10,Normal Review Profile
P481972,La Mousse OFF/ON Foaming Face Cleanser,Dior,Skincare,50.0,premium,4.4232,560,9400,561,559,4.42,495.0,48.0,18.0,88.24,8.56,3.21,327.0,168.0,48.0,12.0,6.0,5,10,Loved Product
P500240,Daily Milkfoliant Exfoliator,Dermalogica,Skincare,65.0,luxury,4.7943,559,9681,561,561,4.79,544.0,10.0,7.0,96.97,1.78,1.25,470.0,74.0,10.0,4.0,3.0,5,10,Loved Product
P442741,Peptide 21 Wrinkle Resist Serum,Peter Thomas Roth,Skincare,125.0,luxury,4.4472,559,8393,560,558,4.45,485.0,52.0,23.0,86.61,9.29,4.11,356.0,129.0,52.0,15.0,8.0,5,11,Loved Product
P442564,Emerald CBD + Adaptogens Deep Moisture Glow Oil,Herbivore,Skincare,60.0,luxury,4.3645,557,41254,558,557,4.37,461.0,25.0,72.0,82.62,4.48,12.9,417.0,44.0,25.0,28.0,44.0,5,10,Normal Review Profile
P469482,Even Skin Tone Self-Tanning Body Butter,Isle of Paradise,Skincare,28.0,mid,3.7379,557,34228,557,557,3.74,362.0,59.0,136.0,64.99,10.59,24.42,256.0,106.0,59.0,65.0,71.0,5,9,High Complaint Risk
P399932,Acne-Clear Invisible Dots,Peter Thomas Roth,Skincare,32.0,mid,3.4314,554,24178,555,555,3.43,328.0,39.0,188.0,59.1,7.03,33.87,220.0,108.0,39.0,68.0,120.0,5,10,High Complaint Risk
P455241,Noni Night AHA Pore & Resurfacing Serum,KORA Organics,Skincare,74.0,luxury,4.3946,555,8710,555,554,4.39,490.0,38.0,27.0,88.29,6.85,4.86,320.0,170.0,38.0,18.0,9.0,5,10,Loved Product
P448184,Cicapair Tiger Grass Calming Mist,Dr. Jart+,Skincare,25.0,budget,4.4314,554,23218,554,554,4.43,481.0,55.0,18.0,86.82,9.93,3.25,334.0,147.0,55.0,14.0,4.0,5,9,Loved Product
P467124,That Blockbuster Cream with Hyaluronic Acid,JLo Beauty,Skincare,59.0,luxury,4.1612,552,8948,553,551,4.16,430.0,63.0,60.0,77.76,11.39,10.85,303.0,127.0,63.0,30.0,30.0,5,10,Normal Review Profile
P384821,Take The Day Off  Cleansing Oil Makeup Remover,CLINIQUE,Skincare,34.5,mid,4.3309,550,29640,552,552,4.33,461.0,32.0,59.0,83.51,5.8,10.69,366.0,95.0,32.0,25.0,34.0,5,9,Normal Review Profile
P504125,Strawberry BHA Pore-Smooth Blur Drops,Glow Recipe,Skincare,32.0,mid,4.686,535,31946,552,552,4.66,519.0,18.0,15.0,94.02,3.26,2.72,417.0,102.0,18.0,11.0,4.0,5,12,Loved Product
P500307,Cherry Treat Conditioning + Strengthening Lip Oil,Fenty Skin,Skincare,24.0,budget,4.4484,533,119797,549,549,4.45,470.0,42.0,37.0,85.61,7.65,6.74,379.0,91.0,42.0,20.0,17.0,5,11,Loved Product
P463144,Dream Eye Cream with Vitamin C and Ceramides,Youth To The People,Skincare,48.0,premium,3.8645,546,54679,547,547,3.86,373.0,48.0,126.0,68.19,8.78,23.03,306.0,67.0,48.0,46.0,80.0,5,10,High Complaint Risk
P442742,Peptide 21 Amino Acid Exfoliating Peel Pads,Peter Thomas Roth,Skincare,55.0,premium,4.6453,547,16263,547,547,4.65,509.0,25.0,13.0,93.05,4.57,2.38,411.0,98.0,25.0,6.0,7.0,5,10,Loved Product
P446934,Oil and Pore Control Mattifier Broad Spectrum SPF 45 PA++++,Murad,Skincare,49.0,premium,3.9357,544,17782,544,544,3.94,400.0,30.0,114.0,73.53,5.51,20.96,307.0,93.0,30.0,30.0,84.0,5,11,High Complaint Risk
P445832,Acne Clearing Skin Wash Cleanser,Dermalogica,Skincare,42.0,premium,4.6303,541,15540,541,541,4.63,504.0,26.0,11.0,93.16,4.81,2.03,396.0,108.0,26.0,4.0,7.0,5,10,Loved Product
P501165,SHIKULIME Mega Hydrating Moisturizer,WASO,Skincare,36.0,premium,4.6605,539,9824,540,540,4.66,505.0,28.0,7.0,93.52,5.19,1.3,399.0,106.0,28.0,4.0,3.0,5,10,Loved Product
P392608,Irish Moor Mud Purifying Black Mask,Peter Thomas Roth,Skincare,60.0,luxury,4.3724,537,23860,538,538,4.37,450.0,34.0,54.0,83.64,6.32,10.04,374.0,76.0,34.0,22.0,32.0,5,9,Normal Review Profile
P420224,Vinoperfect Brightening Glycolic Essence,Caudalie,Skincare,59.0,luxury,4.2692,535,66634,535,534,4.27,432.0,32.0,71.0,80.75,5.98,13.27,351.0,81.0,32.0,38.0,33.0,5,10,Normal Review Profile
P468821,Ultra Repair Firming Collagen Cream with Peptides and Niacinamide,First Aid Beauty,Skincare,44.0,premium,4.5356,534,60505,535,535,4.54,476.0,18.0,41.0,88.97,3.36,7.66,408.0,68.0,18.0,20.0,21.0,5,10,Loved Product
P382204,Cucumber Gel Mask Extreme Detoxifying Hydrator,Peter Thomas Roth,Skincare,55.0,premium,4.1989,533,31288,534,533,4.19,419.0,45.0,70.0,78.46,8.43,13.11,328.0,91.0,45.0,30.0,40.0,5,10,Normal Review Profile
P482551,C.E.O. Afterglow Brightening Vitamin C Moisturizer,Sunday Riley,Skincare,65.0,luxury,4.666,527,16576,533,533,4.65,495.0,20.0,18.0,92.87,3.75,3.38,413.0,82.0,20.0,6.0,12.0,5,11,Loved Product
P483076,C.E.O. Afterglow Brightening Vitamin C Moisturizer,Sunday Riley,Skincare,22.0,budget,4.666,527,2817,533,533,4.65,495.0,20.0,18.0,92.87,3.75,3.38,413.0,82.0,20.0,6.0,12.0,5,11,Loved Product
P438619,Brightening Eye Cream with Caffeine and Hyaluronic Acid,SEPHORA COLLECTION,Skincare,18.0,budget,4.375,528,126673,531,531,4.37,447.0,30.0,54.0,84.18,5.65,10.17,360.0,87.0,30.0,28.0,26.0,5,10,Normal Review Profile
P436387,Overtime Mask,Summer Fridays,Skincare,49.0,premium,4.4087,531,68583,531,531,4.41,451.0,27.0,53.0,84.93,5.08,9.98,382.0,69.0,27.0,21.0,32.0,5,11,Normal Review Profile
P447603,Ultra Repair Wild Oat Hydrating Toner,First Aid Beauty,Skincare,24.0,budget,4.4746,531,54752,531,531,4.47,458.0,28.0,45.0,86.25,5.27,8.47,397.0,61.0,28.0,18.0,27.0,5,11,Loved Product
P446641,Argan Bright Skin Vitamin C Serum,Josie Maran,Skincare,66.0,luxury,4.3955,531,12342,531,531,4.4,462.0,43.0,26.0,87.01,8.1,4.9,315.0,147.0,43.0,16.0,10.0,5,10,Loved Product
P414293,Honey Savior All-in-One Skin Repair Salve,Farmacy,Skincare,34.0,mid,4.4348,529,34646,530,529,4.44,448.0,31.0,51.0,84.53,5.85,9.62,396.0,52.0,31.0,19.0,32.0,5,11,Normal Review Profile
P474304,Squalane + Amino Aloe Gentle Pore-Minimizing Cleanser,Biossance,Skincare,28.0,mid,4.4072,528,39366,529,529,4.41,462.0,28.0,39.0,87.33,5.29,7.37,335.0,127.0,28.0,26.0,13.0,5,11,Loved Product
P463353,CC Screen 100% Mineral CC Cream SPF 50 PA++++,Supergoop!,Skincare,44.0,premium,3.4004,527,37695,528,519,3.4,296.0,46.0,186.0,56.06,8.71,35.23,220.0,76.0,46.0,65.0,121.0,5,12,High Complaint Risk
P442003,Sugar Mint Rush Freshening Lip Treatment,fresh,Skincare,25.0,budget,4.0833,528,26121,528,528,4.08,407.0,49.0,72.0,77.08,9.28,13.64,279.0,128.0,49.0,30.0,42.0,5,10,Normal Review Profile
P459133,Mini Truth Juice Daily Cleanser,OLEHENRIKSEN,Skincare,16.0,budget,4.2372,527,6786,528,528,4.24,408.0,50.0,70.0,77.27,9.47,13.26,347.0,61.0,50.0,39.0,31.0,5,10,Normal Review Profile
P453227,Truth Juice Daily Cleanser,OLEHENRIKSEN,Skincare,33.0,mid,4.2372,527,48054,528,528,4.24,408.0,50.0,70.0,77.27,9.47,13.26,347.0,61.0,50.0,39.0,31.0,5,10,Normal Review Profile
P460723,Clean Cleansing & Gentle Exfoliating Wipes,SEPHORA COLLECTION,Skincare,6.0,budget,2.5641,523,26264,524,524,2.56,185.0,36.0,303.0,35.31,6.87,57.82,130.0,55.0,36.0,62.0,241.0,5,11,High Complaint Risk
P434546,Goodnight Glow Bakuchiol Sleeping Crème,OLEHENRIKSEN,Skincare,60.0,luxury,3.8817,524,55708,524,524,3.88,362.0,38.0,124.0,69.08,7.25,23.66,294.0,68.0,38.0,54.0,70.0,5,11,High Complaint Risk
P422002,Rare Earth Deep Pore Minimizing Cleansing Clay Mask,Kiehl's Since 1851,Skincare,45.0,premium,4.542,524,112588,524,524,4.54,461.0,29.0,34.0,87.98,5.53,6.49,406.0,55.0,29.0,9.0,25.0,5,10,Loved Product
P474060,Mini Rare Earth Deep Pore Minimizing Cleansing Clay Mask,Kiehl's Since 1851,Skincare,25.0,budget,4.542,524,19428,524,524,4.54,461.0,29.0,34.0,87.98,5.53,6.49,406.0,55.0,29.0,9.0,25.0,5,10,Loved Product
P94812,One-Step Gentle Exfoliating Cleanser with Orange Extract,Clarins,Skincare,39.0,premium,4.6138,523,25054,523,513,4.61,484.0,19.0,20.0,92.54,3.63,3.82,391.0,93.0,19.0,9.0,11.0,5,8,Loved Product
P479304,Squalane + Copper Peptide Rapid Plumping Serum,Biossance,Skincare,68.0,luxury,4.4721,519,47526,520,520,4.47,451.0,40.0,29.0,86.73,7.69,5.58,352.0,99.0,40.0,17.0,12.0,5,11,Loved Product
P464238,Peptide + Ceramide Repairing Moisturizer,Dr. Zenovia Skincare,Skincare,79.0,luxury,4.6744,519,5504,519,518,4.67,492.0,20.0,7.0,94.8,3.85,1.35,385.0,107.0,20.0,6.0,1.0,5,10,Loved Product
P443841,Vitamin C Brightening Cream,The INKEY List,Skincare,10.99,budget,3.0271,517,31769,518,517,3.03,225.0,93.0,200.0,43.44,17.95,38.61,101.0,124.0,93.0,90.0,110.0,5,13,High Complaint Risk
P440075,A+ High-Dose Retinol Serum,Sunday Riley,Skincare,85.0,luxury,4.2016,516,66551,518,518,4.2,402.0,36.0,80.0,77.61,6.95,15.44,346.0,56.0,36.0,32.0,48.0,5,10,Normal Review Profile
P500857,Deep Relief Acne Treatment with Salicylic Acid,Murad,Skincare,45.0,premium,4.7074,516,15103,517,517,4.71,493.0,17.0,7.0,95.36,3.29,1.35,401.0,92.0,17.0,3.0,4.0,5,10,Loved Product
P407450,Self Tan Classic Bronzing Mousse,St. Tropez,Skincare,34.0,mid,4.2602,515,28627,515,515,4.26,421.0,33.0,61.0,81.75,6.41,11.84,329.0,92.0,33.0,21.0,40.0,5,8,Normal Review Profile
P459127,Platinum Lip Plump SPF 30,Dr. Lara Devgan Scientific Beauty,Skincare,50.0,premium,4.5731,513,14302,514,514,4.57,456.0,8.0,50.0,88.72,1.56,9.73,438.0,18.0,8.0,13.0,37.0,5,9,Loved Product
P472472,Ferulic Brew Facial Treatment Essence with Lactic Acid,Kiehl's Since 1851,Skincare,60.0,luxury,4.5603,514,22873,514,514,4.56,461.0,32.0,21.0,89.69,6.23,4.09,371.0,90.0,32.0,12.0,9.0,5,10,Loved Product
P7365,Pure Skin Clarifying Dietary Supplement,Murad,Skincare,50.0,premium,4.0723,512,12516,512,499,4.07,404.0,22.0,86.0,78.91,4.3,16.8,295.0,109.0,22.0,22.0,64.0,5,10,Normal Review Profile
P450614,Tranexamic Acid Hyperpigmentation Treatment,The INKEY List,Skincare,15.99,budget,3.9335,511,61536,511,510,3.93,372.0,63.0,76.0,72.8,12.33,14.87,224.0,148.0,63.0,33.0,43.0,5,10,Normal Review Profile
P476843,Cryo-Recovery Depuffing Eye Serum,Charlotte Tilbury,Skincare,70.0,luxury,4.3216,510,15008,511,511,4.32,419.0,74.0,18.0,82.0,14.48,3.52,282.0,137.0,74.0,11.0,7.0,5,9,Normal Review Profile
P432049,SuperYou Daily Stress Management,Moon Juice,Skincare,49.0,premium,4.5584,505,17924,510,507,4.56,461.0,17.0,32.0,90.39,3.33,6.27,389.0,72.0,17.0,11.0,21.0,5,10,Loved Product
P456414,Greek Yoghurt Probiotic Superdose Face Mask,KORRES,Skincare,52.0,premium,4.5049,509,12229,509,507,4.5,459.0,25.0,25.0,90.18,4.91,4.91,340.0,119.0,25.0,17.0,8.0,5,13,Loved Product
P391802,Needles No More Wrinkle Smoothing Cream,Dr. Brandt Skincare,Skincare,89.0,luxury,3.5158,506,15453,508,508,3.52,314.0,31.0,163.0,61.81,6.1,32.09,234.0,80.0,31.0,42.0,121.0,5,9,High Complaint Risk
P311143,SUBLIME DEFENSE Ultra Lightweight UV Defense Fluid SPF 50,Algenist,Skincare,28.0,mid,4.4134,508,27278,508,503,4.41,421.0,42.0,45.0,82.87,8.27,8.86,356.0,65.0,42.0,31.0,14.0,5,10,Normal Review Profile
P442743,Peptide 21 Wrinkle Resist Moisturizer,Peter Thomas Roth,Skincare,95.0,luxury,4.5531,508,9001,508,508,4.55,466.0,28.0,14.0,91.73,5.51,2.76,345.0,121.0,28.0,6.0,8.0,5,9,Loved Product
P501187,SHIKULIME Gel-to-Oil Cleanser,WASO,Skincare,28.0,mid,4.4249,506,1360,506,506,4.42,432.0,59.0,15.0,85.38,11.66,2.96,307.0,125.0,59.0,12.0,3.0,5,10,Loved Product
P415620,Evercalm Ultra Comforting Rescue Mask,REN Clean Skincare,Skincare,52.0,premium,4.5168,505,31464,505,504,4.52,442.0,19.0,44.0,87.52,3.76,8.71,390.0,52.0,19.0,22.0,22.0,5,11,Loved Product
P454086,Teatreement Cleansing Foam,Dr. Jart+,Skincare,29.0,mid,4.1409,504,9022,504,504,4.14,393.0,82.0,29.0,77.98,16.27,5.75,220.0,173.0,82.0,20.0,9.0,5,10,Normal Review Profile
P384537,GENIUS Ultimate Anti-Aging Cream,Algenist,Skincare,112.0,luxury,4.2525,503,19733,503,480,4.25,398.0,44.0,61.0,79.13,8.75,12.13,322.0,76.0,44.0,32.0,29.0,5,8,Normal Review Profile
P471101,Resurface+ AHA/BHA Niacinamide Exfoliating Pads for Face and Targeted Body,Skinfix,Skincare,50.0,premium,4.3713,501,27625,503,503,4.36,430.0,36.0,37.0,85.49,7.16,7.36,314.0,116.0,36.0,14.0,23.0,5,11,Loved Product
P429953,Glow Stick Sunscreen SPF 50 PA++++,Supergoop!,Skincare,26.0,mid,3.6587,501,72075,502,502,3.66,315.0,56.0,131.0,62.75,11.16,26.1,225.0,90.0,56.0,53.0,78.0,5,10,High Complaint Risk
P472453,Vinosource-Hydra SOS Intense Hydration Moisturizer,Caudalie,Skincare,45.0,premium,4.0697,502,11425,502,498,4.07,365.0,49.0,88.0,72.71,9.76,17.53,306.0,59.0,49.0,42.0,46.0,5,13,Normal Review Profile
P481830,Self-Tan Luxe Whipped Crème Mousse,St. Tropez,Skincare,48.0,premium,4.6335,502,7559,502,502,4.63,465.0,18.0,19.0,92.63,3.59,3.78,389.0,76.0,18.0,4.0,15.0,5,10,Loved Product
P442754,Ascorbic Acid 8% + Alpha Arbutin 2%,The Ordinary,Skincare,12.2,budget,3.7505,501,106253,501,501,3.75,322.0,59.0,120.0,64.27,11.78,23.95,234.0,88.0,59.0,60.0,60.0,5,10,High Complaint Risk
P297531,Eye Doctor Moisture Care For Skin Around Eyes,Origins,Skincare,49.0,premium,4.0519,501,27439,501,496,4.05,375.0,54.0,72.0,74.85,10.78,14.37,263.0,112.0,54.0,33.0,39.0,5,9,Normal Review Profile
P173619,Benefiance WrinkleResist24 Pure Retinol Express Smoothing Eye Mask,Shiseido,Skincare,70.0,luxury,4.422,500,81341,500,498,4.42,424.0,33.0,43.0,84.8,6.6,8.6,357.0,67.0,33.0,16.0,27.0,5,10,Normal Review Profile
P503999,Capture Totale Le Sérum Anti-Aging Serum,Dior,Skincare,100.0,luxury,4.4527,497,2435,500,500,4.45,444.0,46.0,10.0,88.8,9.2,2.0,294.0,150.0,46.0,5.0,5.0,5,9,Loved Product
P503891,Green Tea Hyaluronic Acid Hydrating Moisturizer,innisfree,Skincare,29.0,mid,4.7299,411,13619,500,498,4.76,479.0,13.0,8.0,95.8,2.6,1.6,412.0,67.0,13.0,3.0,5.0,5,11,Loved Product
P454799,Mini SuperYou Daily Stress Management,Moon Juice,Skincare,25.0,budget,4.5749,494,5313,499,496,4.58,453.0,17.0,29.0,90.78,3.41,5.81,383.0,70.0,17.0,10.0,19.0,5,10,Loved Product
P501188,SATOCANE Pore Purifying Scrub Mask,WASO,Skincare,38.0,premium,4.5729,494,1673,494,494,4.57,448.0,39.0,7.0,90.69,7.89,1.42,338.0,110.0,39.0,5.0,2.0,5,10,Loved Product
P440504,R + R Mask,Summer Fridays,Skincare,54.0,premium,3.7972,493,47304,493,493,3.8,325.0,44.0,124.0,65.92,8.92,25.15,257.0,68.0,44.0,59.0,65.0,5,9,High Complaint Risk
P433627,Turmeric BHA Pore & Brightening Treatment Mask,KORA Organics,Skincare,52.0,premium,4.1626,492,40323,493,490,4.16,384.0,30.0,79.0,77.89,6.09,16.02,326.0,58.0,30.0,22.0,57.0,5,11,Normal Review Profile
P461177,Mini Turmeric BHA Pore & Brightening Treatment Mask,KORA Organics,Skincare,18.0,budget,4.1626,492,12716,493,490,4.16,384.0,30.0,79.0,77.89,6.09,16.02,326.0,58.0,30.0,22.0,57.0,5,11,Normal Review Profile
P470509,The Rich Cream with TFC8 Face Moisturizer,Augustinus Bader,Skincare,290.0,luxury,4.2312,493,16116,493,493,4.23,398.0,40.0,55.0,80.73,8.11,11.16,289.0,109.0,40.0,30.0,25.0,5,10,Normal Review Profile
P428668,Baggage Claim Eye Masks,Wander Beauty,Skincare,26.0,mid,4.0796,490,47687,490,489,4.08,369.0,42.0,79.0,75.31,8.57,16.12,285.0,84.0,42.0,33.0,46.0,5,10,Normal Review Profile
P426080,Lotus Youth Preserve Rescue Mask,fresh,Skincare,69.0,luxury,4.351,490,33687,490,490,4.35,418.0,16.0,56.0,85.31,3.27,11.43,335.0,83.0,16.0,21.0,35.0,5,9,Loved Product
P501170,SHIKULIME Color Control Oil-Free Moisturizer SPF 30,WASO,Skincare,36.0,premium,4.1776,490,3322,490,490,4.18,386.0,60.0,44.0,78.78,12.24,8.98,250.0,136.0,60.0,29.0,15.0,5,10,Normal Review Profile
P477985,A-Gloei Retinol Oil,Drunk Elephant,Skincare,72.0,luxury,4.5501,489,24791,489,489,4.55,444.0,30.0,15.0,90.8,6.13,3.07,333.0,111.0,30.0,11.0,4.0,5,10,Loved Product
P394124,Argan Daily Moisturizer Tinted SPF 47 Protect + Perfect,Josie Maran,Skincare,38.0,premium,4.0123,487,20882,488,488,4.01,350.0,56.0,82.0,71.72,11.48,16.8,269.0,81.0,56.0,39.0,43.0,5,10,Normal Review Profile
P502966,Great Skin Instant Glow Serum with Niacinamide and Hyaluronic Acid,MERIT,Skincare,38.0,premium,4.6486,481,45008,488,488,4.64,444.0,32.0,12.0,90.98,6.56,2.46,373.0,71.0,32.0,7.0,5.0,5,11,Loved Product
P482074,Dream Oasis Deep Hydration Serum,Summer Fridays,Skincare,44.0,premium,4.7361,485,41405,487,487,4.74,457.0,13.0,17.0,93.84,2.67,3.49,410.0,47.0,13.0,13.0,4.0,5,10,Loved Product
P467248,Fat Water Niacinamide Pore-Refining Toner Serum with Barbados Cherry,Fenty Skin,Skincare,34.0,mid,4.1052,485,77300,486,486,4.1,360.0,53.0,73.0,74.07,10.91,15.02,288.0,72.0,53.0,35.0,38.0,5,10,Normal Review Profile
P481169,The Silk Sunscreen Mineral Broad Spectrum SPF 50 PA++++ with Hyaluronic Acid and Niacinamide,Tatcha,Skincare,62.0,luxury,3.3975,483,37047,485,483,3.4,239.0,99.0,147.0,49.28,20.41,30.31,176.0,63.0,99.0,71.0,76.0,5,11,High Complaint Risk
P466661,Whipped Greens Oil-Free Foaming Cleanser with Moringa and Papaya,Farmacy,Skincare,28.0,mid,4.5747,482,40927,485,485,4.57,428.0,23.0,34.0,88.25,4.74,7.01,378.0,50.0,23.0,25.0,9.0,5,11,Loved Product
P482741,Urban Environment Oil-Free Mineral Sunscreen Broad-Spectrum SPF 42,Shiseido,Skincare,38.0,premium,4.3072,485,3841,485,485,4.31,395.0,67.0,23.0,81.44,13.81,4.74,269.0,126.0,67.0,16.0,7.0,5,10,Normal Review Profile
P479645,Targeted Wrinkle Corrector,Murad,Skincare,79.0,luxury,4.7252,484,10901,485,485,4.72,464.0,14.0,7.0,95.67,2.89,1.44,378.0,86.0,14.0,6.0,1.0,5,10,Loved Product
P457521,Every Sun Day Mineral Sunscreen SPF 50+,Dr. Jart+,Skincare,40.0,premium,4.4336,482,29897,484,483,4.43,418.0,27.0,39.0,86.36,5.58,8.06,337.0,81.0,27.0,15.0,24.0,4,10,Loved Product
P467137,Water Drench Hyaluronic Glow Serum,Peter Thomas Roth,Skincare,72.0,luxury,4.444,482,7390,484,484,4.43,424.0,32.0,28.0,87.6,6.61,5.79,309.0,115.0,32.0,17.0,11.0,5,10,Loved Product
P501171,YUZU-C Beauty Sleeping Mask,WASO,Skincare,38.0,premium,4.595,484,4247,484,484,4.6,441.0,36.0,7.0,91.12,7.44,1.45,341.0,100.0,36.0,4.0,3.0,5,10,Loved Product
P391799,Black Tea Firming Overnight Mask,fresh,Skincare,96.0,luxury,4.1369,482,73168,482,482,4.14,366.0,35.0,81.0,75.93,7.26,16.8,307.0,59.0,35.0,37.0,44.0,5,9,Normal Review Profile
P414737,Pearly Girl Vegan Teeth Whitening Pen,tarte,Skincare,25.0,budget,4.1788,481,69366,481,479,4.18,384.0,31.0,66.0,79.83,6.44,13.72,291.0,93.0,31.0,24.0,42.0,5,11,Normal Review Profile
P196542,City Block Sheer Oil-Free Daily Face Protector Broad Spectrum SPF 25 Primer,CLINIQUE,Skincare,30.0,mid,4.1146,480,7325,480,466,4.11,368.0,54.0,58.0,76.67,11.25,12.08,251.0,117.0,54.0,32.0,26.0,5,9,Normal Review Profile
P271682,Instant FIRMx Temporary Face Tightener,Peter Thomas Roth,Skincare,49.0,premium,3.5567,476,19631,479,466,3.55,294.0,33.0,152.0,61.38,6.89,31.73,220.0,74.0,33.0,52.0,100.0,5,10,High Complaint Risk
P437981,Emerald Hemp Seed Deep Moisture Glow Oil,Herbivore,Skincare,50.0,premium,4.3291,477,42381,477,477,4.33,389.0,25.0,63.0,81.55,5.24,13.21,336.0,53.0,25.0,35.0,28.0,5,10,Normal Review Profile
P416564,100% Sugarcane Squalane Oil,Biossance,Skincare,34.0,mid,4.5336,476,69489,477,475,4.53,414.0,30.0,33.0,86.79,6.29,6.92,362.0,52.0,30.0,22.0,11.0,5,11,Loved Product
P505024,The POREfessional Get Unblocked Makeup-Removing Cleansing Oil,Benefit Cosmetics,Skincare,39.0,premium,4.6723,476,770,477,477,4.67,452.0,14.0,11.0,94.76,2.94,2.31,359.0,93.0,14.0,9.0,2.0,5,9,Loved Product
P429250,Cicapair  Tiger Grass Camo Drops Color Corrector SPF 35,Dr. Jart+,Skincare,48.0,premium,4.1395,473,62298,476,476,4.13,362.0,40.0,74.0,76.05,8.4,15.55,278.0,84.0,40.0,48.0,26.0,5,8,Normal Review Profile
P457512,Overnight Glow Dark Spot Sleeping Cream,REN Clean Skincare,Skincare,55.0,premium,4.1408,476,20807,476,476,4.14,374.0,59.0,43.0,78.57,12.39,9.03,233.0,141.0,59.0,22.0,21.0,5,10,Normal Review Profile
P443359,Skin Smoothing Cream Moisturizer,Dermalogica,Skincare,74.0,luxury,4.6055,474,12290,475,475,4.61,444.0,16.0,15.0,93.47,3.37,3.16,342.0,102.0,16.0,7.0,8.0,5,10,Loved Product
P479330,Water Sleeping Mask with Squalane,LANEIGE,Skincare,32.0,mid,4.3623,472,78940,473,473,4.36,398.0,23.0,52.0,84.14,4.86,10.99,319.0,79.0,23.0,32.0,20.0,5,11,Normal Review Profile
P500744,Clean Lip Balm & Scrub,SEPHORA COLLECTION,Skincare,7.0,budget,4.5128,470,24932,473,471,4.51,414.0,27.0,32.0,87.53,5.71,6.77,349.0,65.0,27.0,14.0,18.0,5,11,Loved Product
P438620,Nourishing Moisturizer with Prebiotics,SEPHORA COLLECTION,Skincare,18.0,budget,4.5182,467,59250,472,472,4.51,420.0,14.0,38.0,88.98,2.97,8.05,355.0,65.0,14.0,16.0,22.0,5,10,Loved Product
P424988,THE FACE Illuminating Self-Tan Drops,TAN-LUXE,Skincare,50.0,premium,3.9894,471,55771,471,470,3.99,342.0,35.0,94.0,72.61,7.43,19.96,267.0,75.0,35.0,45.0,49.0,5,8,Normal Review Profile
P505054,The POREfessional Speedy Smooth Mask,Benefit Cosmetics,Skincare,39.0,premium,4.7134,471,1024,471,471,4.71,453.0,11.0,7.0,96.18,2.34,1.49,364.0,89.0,11.0,4.0,3.0,5,10,Loved Product
P454085,Teatreement Toner,Dr. Jart+,Skincare,30.0,mid,4.2553,470,7201,470,470,4.26,380.0,68.0,22.0,80.85,14.47,4.68,241.0,139.0,68.0,13.0,9.0,5,10,Normal Review Profile
P467123,That Big Screen Moisturizer with Broad Spectrum SPF 30,JLo Beauty,Skincare,55.0,premium,4.1435,467,5411,467,467,4.14,358.0,70.0,39.0,76.66,14.99,8.35,227.0,131.0,70.0,27.0,12.0,5,9,Normal Review Profile
P479706,Even Smoother Glycolic Retinol Resurfacing Serum,Peter Thomas Roth,Skincare,65.0,luxury,4.5803,467,5185,467,467,4.58,432.0,24.0,11.0,92.51,5.14,2.36,320.0,112.0,24.0,8.0,3.0,5,10,Loved Product
P482540,Correct & Protect Broad Spectrum SPF 45| PA++++,Murad,Skincare,69.0,luxury,4.7366,467,5581,467,467,4.74,444.0,14.0,9.0,95.07,3.0,1.93,379.0,65.0,14.0,6.0,3.0,5,10,Loved Product
P470243,PRO Strength Microdermabrasion Blackhead Eliminator,Peter Thomas Roth,Skincare,68.0,luxury,4.4936,466,11835,466,466,4.49,422.0,31.0,13.0,90.56,6.65,2.79,295.0,127.0,31.0,5.0,8.0,5,10,Loved Product
P455237,Melt Moisturizer with Bakuchiol and Squalane,alpyn beauty,Skincare,60.0,luxury,4.514,465,17458,465,465,4.51,413.0,17.0,35.0,88.82,3.66,7.53,346.0,67.0,17.0,15.0,20.0,5,10,Loved Product
P505020,The POREfessional Good Cleanup Foaming Cleanser,Benefit Cosmetics,Skincare,29.0,mid,4.6212,462,429,463,463,4.62,435.0,18.0,10.0,93.95,3.89,2.16,326.0,109.0,18.0,10.0,0.0,5,10,Loved Product
P502761,Advanced Génifique Night Cream with Triple Ceramide Complex,Lancôme,Skincare,95.0,luxury,4.7127,463,2887,463,463,4.71,442.0,18.0,3.0,95.46,3.89,0.65,354.0,88.0,18.0,3.0,0.0,5,10,Loved Product
P442843,Eczema+ Dermatitis Face Balm,Skinfix,Skincare,29.0,mid,4.2109,460,16974,462,462,4.21,368.0,38.0,56.0,79.65,8.23,12.12,282.0,86.0,38.0,20.0,36.0,5,10,Normal Review Profile
P479362,Triple Peptide Hydrating + Firming Oasis Serum with Hyaluronic Acid,Youth To The People,Skincare,54.0,premium,4.5142,459,55041,462,462,4.51,405.0,32.0,25.0,87.66,6.93,5.41,328.0,77.0,32.0,13.0,12.0,5,10,Loved Product
P471111,Yo Detox Charcoal Face & Body Enzyme Scrub,Wishful,Skincare,39.0,premium,4.7554,462,8346,462,462,4.76,445.0,12.0,5.0,96.32,2.6,1.08,373.0,72.0,12.0,3.0,2.0,5,10,Loved Product
P474939,Vinopure Natural Salicylic Acid Pore Minimizing Toner,Caudalie,Skincare,30.0,mid,4.0414,459,21937,461,460,4.03,337.0,41.0,83.0,73.1,8.89,18.0,272.0,65.0,41.0,34.0,49.0,4,13,Normal Review Profile
P377577,Moisture Surge Overnight Face Mask,CLINIQUE,Skincare,40.0,premium,4.4772,461,33104,461,458,4.48,397.0,26.0,38.0,86.12,5.64,8.24,342.0,55.0,26.0,18.0,20.0,5,10,Loved Product
P504071,Bright Start Retinol Alternative Brightening Eye Cream,ILIA,Skincare,46.0,premium,4.4004,457,35799,460,460,4.39,398.0,37.0,25.0,86.52,8.04,5.43,271.0,127.0,37.0,21.0,4.0,5,10,Loved Product
P196524,Acne Solutions Cleansing Bar For Face and Body,CLINIQUE,Skincare,19.5,budget,4.3638,459,17889,459,449,4.36,397.0,24.0,38.0,86.49,5.23,8.28,290.0,107.0,24.0,15.0,23.0,5,9,Loved Product
P468684,Milky Mushroom Gentle Cleansing Oil Makeup Remover,KORA Organics,Skincare,44.0,premium,4.4597,459,8251,459,459,4.46,403.0,28.0,28.0,87.8,6.1,6.1,311.0,92.0,28.0,12.0,16.0,5,10,Loved Product
P474079,Goodbye Acne   Complete Acne Treatment Gel,Peter Thomas Roth,Skincare,44.0,premium,4.2702,459,5639,459,459,4.27,383.0,56.0,20.0,83.44,12.2,4.36,222.0,161.0,56.0,18.0,2.0,5,10,Normal Review Profile
P501176,Soft Clean Infusion Hydrating Treatment Lotion,Estée Lauder,Skincare,42.0,premium,3.8333,456,920,456,456,3.83,298.0,125.0,33.0,65.35,27.41,7.24,124.0,174.0,125.0,24.0,9.0,5,10,Normal Review Profile
P503668,Barrier+ Triple Lipid + Collagen + Niacinamide Activating Serum,Skinfix,Skincare,69.0,luxury,4.8242,455,20730,456,456,4.82,447.0,5.0,4.0,98.03,1.1,0.88,391.0,56.0,5.0,2.0,2.0,5,7,Loved Product
P442589,Instant Masks,SEPHORA COLLECTION,Skincare,8.0,budget,3.5165,455,50038,455,455,3.52,272.0,59.0,124.0,59.78,12.97,27.25,160.0,112.0,59.0,51.0,73.0,5,12,High Complaint Risk
P482321,Mini Mineral Sheerscreen Sunscreen SPF 30 PA+++,Supergoop!,Skincare,22.0,budget,3.9473,455,4572,455,455,3.95,329.0,38.0,88.0,72.31,8.35,19.34,233.0,96.0,38.0,45.0,43.0,5,10,Normal Review Profile
P470057,Mineral Sheerscreen Sunscreen SPF 30 PA+++,Supergoop!,Skincare,38.0,premium,3.9473,455,21689,455,455,3.95,329.0,38.0,88.0,72.31,8.35,19.34,233.0,96.0,38.0,45.0,43.0,5,10,Normal Review Profile
P500288,1% Vitamin A Retinol Serum,Farmacy,Skincare,60.0,luxury,4.766,453,24674,453,453,4.77,442.0,6.0,5.0,97.57,1.32,1.1,366.0,76.0,6.0,2.0,3.0,5,10,Loved Product
P442535,Glow Peel Pads,SEPHORA COLLECTION,Skincare,15.0,budget,3.9956,452,45067,452,452,4.0,324.0,55.0,73.0,71.68,12.17,16.15,243.0,81.0,55.0,29.0,44.0,5,10,Normal Review Profile
P500993,"The Sunscreen - 100% Mineral, Broad Spectrum SPF 30 with 20% Non-Nano Zinc, Hyaluronic Acid and Niacinamide",Nécessaire,Skincare,25.0,budget,4.5322,451,11896,452,452,4.53,404.0,21.0,27.0,89.38,4.65,5.97,328.0,76.0,21.0,15.0,12.0,5,10,Loved Product
P481162,Essential Energy Hydrating Cream,Shiseido,Skincare,50.0,premium,4.5465,452,5184,452,452,4.55,416.0,27.0,9.0,92.04,5.97,1.99,294.0,122.0,27.0,7.0,2.0,5,10,Loved Product
P500471,Brume de Beauté Beauty Mist,Gucci,Skincare,78.0,luxury,4.6652,451,6498,451,451,4.67,422.0,22.0,7.0,93.57,4.88,1.55,339.0,83.0,22.0,4.0,3.0,5,9,Loved Product
P392248,Pekee Cleansing Bar,Drunk Elephant,Skincare,28.0,mid,4.4633,449,20586,449,449,4.46,384.0,20.0,45.0,85.52,4.45,10.02,345.0,39.0,20.0,18.0,27.0,5,9,Loved Product
P467122,That Fresh Take Eye Cream with Peptides,JLo Beauty,Skincare,49.0,premium,4.1559,449,7449,449,449,4.16,358.0,54.0,37.0,79.73,12.03,8.24,218.0,140.0,54.0,17.0,20.0,5,10,Normal Review Profile
P439057,Confidence in a Gel Lotion,IT Cosmetics,Skincare,45.0,premium,4.5826,448,14365,448,448,4.58,407.0,17.0,24.0,90.85,3.79,5.36,338.0,69.0,17.0,12.0,12.0,5,10,Loved Product
P268700,Hydro-Dynamic Ultimate Moisture,Murad,Skincare,83.0,luxury,4.3565,446,17680,446,438,4.36,369.0,27.0,50.0,82.74,6.05,11.21,311.0,58.0,27.0,25.0,25.0,5,9,Normal Review Profile
P453226,Bright-Eyed 100% Mineral Eye Cream SPF 40 PA+++,Supergoop!,Skincare,40.0,premium,3.6045,445,26354,445,445,3.6,277.0,51.0,117.0,62.25,11.46,26.29,179.0,98.0,51.0,47.0,70.0,5,9,High Complaint Risk
P481366,Isle Glow Face Moisturizer SPF 45 with Sea Moss and Niacinamide,CAY SKIN,Skincare,34.0,mid,4.2896,442,15371,445,445,4.27,363.0,17.0,65.0,81.57,3.82,14.61,312.0,51.0,17.0,22.0,43.0,5,10,Normal Review Profile
P407448,Self Tan Express Bronzing Mousse,St. Tropez,Skincare,46.0,premium,4.1109,442,27207,443,442,4.11,343.0,30.0,70.0,77.43,6.77,15.8,262.0,81.0,30.0,28.0,42.0,5,9,Normal Review Profile
P450262,Polyhydroxy Acid (PHA) Gentle Exfoliating Toner,The INKEY List,Skincare,12.99,budget,4.2619,443,43383,443,443,4.26,362.0,43.0,38.0,81.72,9.71,8.58,255.0,107.0,43.0,18.0,20.0,5,10,Normal Review Profile
P501189,KOSHIRICE Acne Calming Spot Treatment,WASO,Skincare,25.0,budget,4.2212,443,1501,443,443,4.22,350.0,68.0,25.0,79.01,15.35,5.64,223.0,127.0,68.0,18.0,7.0,5,10,Normal Review Profile
P448719,PRO Strength Lactic Pore Treatment,Peter Thomas Roth,Skincare,88.0,luxury,4.5779,443,16862,443,443,4.58,408.0,21.0,14.0,92.1,4.74,3.16,314.0,94.0,21.0,5.0,9.0,5,10,Loved Product
P468411,SKINPOWER Cream,SK-II,Skincare,255.0,luxury,4.1878,442,3361,442,441,4.19,349.0,53.0,40.0,78.96,11.99,9.05,238.0,111.0,53.0,18.0,22.0,5,9,Normal Review Profile
P479705,Even Smoother Glycolic Retinol Resurfacing Peel Pads,Peter Thomas Roth,Skincare,52.0,premium,4.6009,441,7622,441,441,4.6,406.0,27.0,8.0,92.06,6.12,1.81,309.0,97.0,27.0,7.0,1.0,5,10,Loved Product
P441220,Ultra Repair Oat & Hemp Seed Dry Oil,First Aid Beauty,Skincare,36.0,premium,4.3545,440,28615,440,440,4.35,360.0,32.0,48.0,81.82,7.27,10.91,312.0,48.0,32.0,20.0,28.0,5,10,Normal Review Profile
P481340,Alpha Beta AHA/BHA Daily Cleansing Gel,Dr. Dennis Gross Skincare,Skincare,39.0,premium,4.3166,439,10330,439,436,4.32,351.0,30.0,58.0,79.95,6.83,13.21,316.0,35.0,30.0,27.0,31.0,5,10,Normal Review Profile
P468637,Vinoclean Makeup Removing Cleansing Oil,Caudalie,Skincare,30.0,mid,4.3098,439,15643,439,439,4.31,352.0,38.0,49.0,80.18,8.66,11.16,294.0,58.0,38.0,27.0,22.0,5,10,Normal Review Profile
P462390,PRO Strength 10% PHA Exfoliating Clarifying Liquid,Peter Thomas Roth,Skincare,58.0,premium,4.3836,438,6220,438,438,4.38,385.0,38.0,15.0,87.9,8.68,3.42,242.0,143.0,38.0,9.0,6.0,5,10,Loved Product
P469506,C15 Vitamin C Super Booster,Paula's Choice,Skincare,55.0,premium,4.2097,434,74161,435,435,4.21,341.0,32.0,62.0,78.39,7.36,14.25,280.0,61.0,32.0,30.0,32.0,5,10,Normal Review Profile
P375852,Pitera Facial Treatment Mask,SK-II,Skincare,145.0,luxury,4.2972,434,65151,435,432,4.3,353.0,30.0,52.0,81.15,6.9,11.95,294.0,59.0,30.0,22.0,30.0,5,9,Normal Review Profile
P442758,Mandelic Acid 10% + HA,The Ordinary,Skincare,7.5,budget,4.464,431,106124,434,434,4.46,368.0,33.0,33.0,84.79,7.6,7.6,317.0,51.0,33.0,16.0,17.0,5,10,Normal Review Profile
P479329,Ultra Facial Overnight Hydrating Face Mask with 10.5% Squalane,Kiehl's Since 1851,Skincare,45.0,premium,4.5461,434,29217,434,433,4.55,394.0,13.0,27.0,90.78,3.0,6.22,317.0,77.0,13.0,14.0,13.0,5,11,Loved Product
P466163,Thirst Trap Juice Hyaluronic Acid & Peptide Hydrating Facial Serum,Wishful,Skincare,47.0,premium,4.6106,434,19684,434,434,4.61,401.0,12.0,21.0,92.4,2.76,4.84,330.0,71.0,12.0,10.0,11.0,5,10,Loved Product
P464243,10% Benzoyl Peroxide Acne Cleanser,Dr. Zenovia Skincare,Skincare,30.0,mid,4.4931,434,8366,434,434,4.49,390.0,28.0,16.0,89.86,6.45,3.69,281.0,109.0,28.0,9.0,7.0,5,10,Loved Product
P504007,Ceramidin Skin Barrier Moisturizing Cream,Dr. Jart+,Skincare,48.0,premium,4.6091,417,16300,433,433,4.53,391.0,14.0,28.0,90.3,3.23,6.47,319.0,72.0,14.0,8.0,20.0,5,10,Loved Product
P476415,Acne+ 2% BHA + Azelaic Acid + Niacinamide + AHA Cleanser,Skinfix,Skincare,35.0,mid,4.5648,432,36209,433,433,4.57,395.0,12.0,26.0,91.22,2.77,6.0,321.0,74.0,12.0,14.0,12.0,5,10,Loved Product
P473828,Ceramidin  Eye Cream with Niacinamide,Dr. Jart+,Skincare,40.0,premium,4.5473,433,20885,433,433,4.55,397.0,24.0,12.0,91.69,5.54,2.77,289.0,108.0,24.0,8.0,4.0,5,10,Loved Product
P442871,Beta Hydroxy Acid (BHA) Blemish + Blackhead Serum,The INKEY List,Skincare,12.99,budget,4.0835,431,72805,432,432,4.09,331.0,35.0,66.0,76.62,8.1,15.28,237.0,94.0,35.0,33.0,33.0,5,10,Normal Review Profile
P429529,Sheet Masks,Dr. Jart+,Skincare,7.0,budget,4.2176,432,77748,432,431,4.22,339.0,32.0,61.0,78.47,7.41,14.12,287.0,52.0,32.0,22.0,39.0,5,11,Normal Review Profile
P479632,Pore Remedy PHA Exfoliating Serum,Dr. Jart+,Skincare,45.0,premium,4.1694,431,17936,431,431,4.17,356.0,50.0,25.0,82.6,11.6,5.8,180.0,176.0,50.0,18.0,7.0,5,10,Normal Review Profile
P470507,The Cream with TFC8 Face Moisturizer,Augustinus Bader,Skincare,180.0,luxury,4.3605,430,11428,430,430,4.36,367.0,29.0,34.0,85.35,6.74,7.91,269.0,98.0,29.0,17.0,17.0,5,10,Loved Product
P501028,Ceramighty  AF Eye Cream with Ceramides,Drunk Elephant,Skincare,60.0,luxury,4.3972,428,19664,430,430,4.39,373.0,33.0,24.0,86.74,7.67,5.58,256.0,117.0,33.0,16.0,8.0,5,10,Loved Product
P474340,Santorini Grape Velvet Skin Drink,KORRES,Skincare,50.0,premium,4.5878,427,13454,430,430,4.59,397.0,24.0,9.0,92.33,5.58,2.09,298.0,99.0,24.0,7.0,2.0,4,10,Loved Product
P503693,Bouncy Brightfacial Brightening Mask with 10% Azelaic Acid + 1% Salicylic Acid,Drunk Elephant,Skincare,68.0,luxury,4.4859,426,27212,428,428,4.48,380.0,23.0,25.0,88.79,5.37,5.84,288.0,92.0,23.0,15.0,10.0,5,9,Loved Product
P423142,Active Moist Moisturizer,Dermalogica,Skincare,74.0,luxury,4.6028,428,14546,428,427,4.6,390.0,21.0,17.0,91.12,4.91,3.97,319.0,71.0,21.0,11.0,6.0,5,10,Loved Product
P402944,Silk Pillowcase - Standard/Queen,Slip,Skincare,89.0,luxury,4.0094,427,136640,427,416,4.01,316.0,29.0,82.0,74.0,6.79,19.2,254.0,62.0,29.0,25.0,57.0,5,11,Normal Review Profile
P467247,Total Cleans'r Makeup-Removing Cleanser with Barbados Cherry,Fenty Skin,Skincare,28.0,mid,4.103,427,42777,427,427,4.1,317.0,56.0,54.0,74.24,13.11,12.65,238.0,79.0,56.0,24.0,30.0,5,10,Normal Review Profile
P438617,All Day Hyaluronic Acid Hydrator Moisturizer,SEPHORA COLLECTION,Skincare,18.0,budget,4.5647,425,54075,427,427,4.57,387.0,20.0,20.0,90.63,4.68,4.68,312.0,75.0,20.0,10.0,10.0,5,11,Loved Product
P479348,Acne+ 2% BHA and Azelaic Acid Acne Spot Treatment,Skinfix,Skincare,30.0,mid,4.6306,425,26189,427,427,4.63,396.0,18.0,13.0,92.74,4.22,3.04,320.0,76.0,18.0,7.0,6.0,5,10,Loved Product
P438618,Clean Skin Gel Cleanser with Prebiotics,SEPHORA COLLECTION,Skincare,12.0,budget,4.6286,420,43752,424,424,4.62,387.0,20.0,17.0,91.27,4.72,4.01,324.0,63.0,20.0,9.0,8.0,5,10,Loved Product
P482024,Mini The Treatment Lotion,La Mer,Skincare,125.0,luxury,4.6439,424,5212,424,424,4.64,392.0,21.0,11.0,92.45,4.95,2.59,324.0,68.0,21.0,3.0,8.0,5,10,Loved Product
P480613,The Treatment Lotion,La Mer,Skincare,180.0,luxury,4.6439,424,8097,424,424,4.64,392.0,21.0,11.0,92.45,4.95,2.59,324.0,68.0,21.0,3.0,8.0,5,10,Loved Product
P500019,The True Cream - Aqua Bomb Sunscreen Broad Spectrum SPF 50,belif,Skincare,38.0,premium,4.5248,423,11146,423,422,4.52,379.0,40.0,4.0,89.6,9.46,0.95,270.0,109.0,40.0,4.0,0.0,5,10,Loved Product
P442837,Barrier+ Triple Lipid-Hyaluronate Serum,Skinfix,Skincare,50.0,premium,4.6381,420,24567,420,420,4.64,385.0,18.0,17.0,91.67,4.29,4.05,328.0,57.0,18.0,9.0,8.0,5,10,Loved Product
P420158,Vitamin C Glow Moisturizer,fresh,Skincare,48.0,premium,4.2411,419,36763,419,419,4.24,331.0,38.0,50.0,79.0,9.07,11.93,261.0,70.0,38.0,28.0,22.0,5,10,Normal Review Profile
P501236,Abeille Royale Anti-Aging Double R Advanced Serum,GUERLAIN,Skincare,240.0,luxury,4.6196,418,3942,419,419,4.62,387.0,22.0,10.0,92.36,5.25,2.39,306.0,81.0,22.0,5.0,5.0,5,10,Loved Product
P442990,Clean Screen Mineral SPF 30 Mattifying Face Sunscreen,REN Clean Skincare,Skincare,40.0,premium,3.3558,416,13299,416,416,3.36,212.0,59.0,145.0,50.96,14.18,34.86,161.0,51.0,59.0,65.0,80.0,5,10,High Complaint Risk
P460624,Discover Healthy Skin Kit,Dermalogica,Skincare,39.5,premium,4.6265,415,21230,416,416,4.63,385.0,20.0,11.0,92.55,4.81,2.64,307.0,78.0,20.0,7.0,4.0,5,10,Loved Product
P377368,D-Scar Scar Diminishing Serum,Kate Somerville,Skincare,56.0,premium,4.0531,414,29199,414,354,4.05,313.0,19.0,82.0,75.6,4.59,19.81,256.0,57.0,19.0,31.0,51.0,5,10,Normal Review Profile
P426829,Confidence in a Cleanser Hydrating Facial Cleanser Serum,IT Cosmetics,Skincare,29.0,mid,4.4758,414,24647,414,414,4.48,351.0,23.0,40.0,84.78,5.56,9.66,319.0,32.0,23.0,21.0,19.0,5,12,Normal Review Profile
P480606,goopglow Cloudberry Exfoliating Jelly Cleanser,goop,Skincare,35.0,mid,4.0194,413,2403,414,414,4.02,320.0,68.0,26.0,77.29,16.43,6.28,138.0,182.0,68.0,17.0,9.0,5,10,Normal Review Profile
P469503,Mini Skin Perfecting 2% BHA Liquid Exfoliant,Paula's Choice,Skincare,13.0,budget,4.2217,406,179137,412,412,4.22,325.0,33.0,54.0,78.88,8.01,13.11,265.0,60.0,33.0,20.0,34.0,5,13,Normal Review Profile
P454837,Confidence in Your Beauty Sleep Night Cream,IT Cosmetics,Skincare,58.0,premium,4.4599,411,15582,412,412,4.46,358.0,17.0,37.0,86.89,4.13,8.98,297.0,61.0,17.0,19.0,18.0,5,11,Loved Product
P481732,Radiance Vitamin C Glow Serum,REN Clean Skincare,Skincare,69.0,luxury,4.682,412,7564,412,412,4.68,393.0,13.0,6.0,95.39,3.16,1.46,307.0,86.0,13.0,5.0,1.0,5,10,Loved Product
P435386,Mini Watermelon Pink Juice Oil-Free Moisturizer,Glow Recipe,Skincare,21.0,budget,3.7555,409,69635,410,410,3.76,251.0,72.0,87.0,61.22,17.56,21.22,183.0,68.0,72.0,51.0,36.0,5,10,High Complaint Risk
P482757,Mini The Cult Classic Purifying Face Cleanser,TULA Skincare,Skincare,12.0,budget,3.9064,406,6904,410,410,3.91,287.0,57.0,66.0,70.0,13.9,16.1,184.0,103.0,57.0,34.0,32.0,5,10,Normal Review Profile
P475182,The Cult Classic Purifying Face Cleanser,TULA Skincare,Skincare,34.0,mid,3.9064,406,11798,410,410,3.91,287.0,57.0,66.0,70.0,13.9,16.1,184.0,103.0,57.0,34.0,32.0,5,10,Normal Review Profile
P456192,Night Magic Restorative Face Oil with Firming Botanicals,Prima,Skincare,68.0,luxury,4.3488,410,6914,410,410,4.35,357.0,38.0,15.0,87.07,9.27,3.66,214.0,143.0,38.0,12.0,3.0,5,10,Loved Product
P282920,Pore Refining Solutions Correcting Serum,CLINIQUE,Skincare,55.0,premium,3.8603,408,9788,408,395,3.86,290.0,29.0,89.0,71.08,7.11,21.81,206.0,84.0,29.0,33.0,56.0,5,7,High Complaint Risk
P476876,Berry Bright Firming Vitamin C Eye Cream,KORA Organics,Skincare,58.0,premium,4.6225,408,16219,408,408,4.62,374.0,18.0,16.0,91.67,4.41,3.92,310.0,64.0,18.0,10.0,6.0,5,10,Loved Product
P469522,RESIST Youth-Extending Daily Hydrating Fluid SPF 50,Paula's Choice,Skincare,37.0,premium,4.2691,405,43866,407,407,4.27,324.0,34.0,49.0,79.61,8.35,12.04,263.0,61.0,34.0,26.0,23.0,5,10,Normal Review Profile
P450633,Gentle Cleansing Oil Makeup Remover,Sulwhasoo,Skincare,40.0,premium,4.4532,406,31523,406,406,4.45,347.0,34.0,25.0,85.47,8.37,6.16,281.0,66.0,34.0,12.0,13.0,5,10,Loved Product
P476730,Mini Gentle Cleansing Oil Makeup Remover,Sulwhasoo,Skincare,13.0,budget,4.4532,406,23559,406,406,4.45,347.0,34.0,25.0,85.47,8.37,6.16,281.0,66.0,34.0,12.0,13.0,5,10,Loved Product
P435800,Acid Potion AHA + BHA Resurfacing Exfoliator,Moon Juice,Skincare,42.0,premium,4.547,404,43083,405,405,4.55,355.0,22.0,28.0,87.65,5.43,6.91,320.0,35.0,22.0,8.0,20.0,5,10,Loved Product
P270544,Hydrating Eye Cream,Bobbi Brown,Skincare,58.0,premium,4.099,404,21441,404,400,4.1,309.0,44.0,51.0,76.49,10.89,12.62,217.0,92.0,44.0,20.0,31.0,5,8,Normal Review Profile
P480285,Premier Cru Dark Circle Correcting Eye Cream,Caudalie,Skincare,85.0,luxury,4.6139,404,29708,404,404,4.61,374.0,12.0,18.0,92.57,2.97,4.46,307.0,67.0,12.0,7.0,11.0,5,9,Loved Product
P434361,High-Potency Night-A-Mins Oil-Free Resurfacing Cream with Fruit Derived AHAs,Origins,Skincare,52.0,premium,4.3358,402,10847,402,402,4.34,335.0,26.0,41.0,83.33,6.47,10.2,257.0,78.0,26.0,27.0,14.0,5,10,Normal Review Profile
P456206,Self Tan Purity Vitamins Bronzing Water Body Mist,St. Tropez,Skincare,45.0,premium,4.3905,402,10541,402,402,4.39,356.0,27.0,19.0,88.56,6.72,4.73,227.0,129.0,27.0,14.0,5.0,5,9,Loved Product
P392239,Menthol And Eucalyptus Lip Balm,Rosebud Perfume Co.,Skincare,7.0,budget,4.0998,401,20830,401,401,4.1,299.0,39.0,63.0,74.56,9.73,15.71,235.0,64.0,39.0,33.0,30.0,5,10,Normal Review Profile
P394826,Flatter Me Digestive Enzyme Supplement,HUM Nutrition,Skincare,26.0,mid,4.2643,401,31935,401,400,4.26,332.0,24.0,45.0,82.79,5.99,11.22,255.0,77.0,24.0,10.0,35.0,5,10,Normal Review Profile
P503052,Mini Flatter Me Digestive Enzyme Supplement,HUM Nutrition,Skincare,15.0,budget,4.2643,401,1375,401,400,4.26,332.0,24.0,45.0,82.79,5.99,11.22,255.0,77.0,24.0,10.0,35.0,5,10,Normal Review Profile
P428816,Noni Radiant Brightening Eye Oil,KORA Organics,Skincare,42.0,premium,3.7915,398,24957,400,399,3.79,251.0,56.0,93.0,62.75,14.0,23.25,200.0,51.0,56.0,50.0,43.0,5,10,High Complaint Risk
P432262,Self Tan Purity Bronzing Water Face Mist,St. Tropez,Skincare,33.0,mid,3.88,400,33699,400,400,3.88,272.0,39.0,89.0,68.0,9.75,22.25,221.0,51.0,39.0,38.0,51.0,5,8,High Complaint Risk
P475185,24-7 Moisture Hydrating Day & Night Cream,TULA Skincare,Skincare,54.0,premium,4.1884,398,12166,400,400,4.19,323.0,36.0,41.0,80.75,9.0,10.25,215.0,108.0,36.0,20.0,21.0,5,11,Normal Review Profile
P475203,Mini 24-7 Moisture Hydrating Day & Night Cream,TULA Skincare,Skincare,26.0,mid,4.1884,398,6853,400,400,4.19,323.0,36.0,41.0,80.75,9.0,10.25,215.0,108.0,36.0,20.0,21.0,5,11,Normal Review Profile
P475951,Green Tea Hyaluronic Acid Hydrating Serum,innisfree,Skincare,30.0,mid,4.5836,365,41215,400,400,4.6,364.0,12.0,24.0,91.0,3.0,6.0,314.0,50.0,12.0,10.0,14.0,5,10,Loved Product
P503721,Salicylic Acid Acne Day Dots,Peace Out,Skincare,19.0,budget,4.4974,384,11747,400,400,4.37,341.0,43.0,16.0,85.25,10.75,4.0,227.0,114.0,43.0,12.0,4.0,5,10,Loved Product
P440498,Drying Lotion,Mario Badescu,Skincare,17.0,budget,4.0955,398,57039,398,398,4.1,302.0,32.0,64.0,75.88,8.04,16.08,245.0,57.0,32.0,17.0,47.0,5,11,Normal Review Profile
P462666,Total Eye Lift Firming & Smoothing Anti-Aging Eye Cream,Clarins,Skincare,90.0,luxury,4.5945,397,15015,398,398,4.59,361.0,22.0,15.0,90.7,5.53,3.77,293.0,68.0,22.0,9.0,6.0,5,10,Loved Product
P454388,Mini Glow Oil SPF 50 PA++++,Supergoop!,Skincare,15.0,budget,3.947,396,20710,397,394,3.94,290.0,30.0,77.0,73.05,7.56,19.4,215.0,75.0,30.0,22.0,55.0,5,11,Normal Review Profile
P454387,Glow Oil Body Sunscreen SPF 50 PA++++,Supergoop!,Skincare,38.0,premium,3.947,396,42598,397,394,3.94,290.0,30.0,77.0,73.05,7.56,19.4,215.0,75.0,30.0,22.0,55.0,5,11,Normal Review Profile
P444980,Adaptogen Soothe + Hydrate Activated Mist with Peptides,Youth To The People,Skincare,42.0,premium,4.1878,394,34503,396,396,4.18,305.0,30.0,61.0,77.02,7.58,15.4,252.0,53.0,30.0,34.0,27.0,5,10,Normal Review Profile
P427409,Vitamin C Suspension 30% in Silicone,The Ordinary,Skincare,8.3,budget,3.6345,394,72633,395,395,3.64,243.0,43.0,109.0,61.52,10.89,27.59,171.0,72.0,43.0,56.0,53.0,5,11,High Complaint Risk
P443829,"Glow Clear, Color Correcting Self-Tanning Mousse",Isle of Paradise,Skincare,32.0,mid,3.4289,394,23933,394,391,3.43,226.0,40.0,128.0,57.36,10.15,32.49,155.0,71.0,40.0,44.0,84.0,5,8,High Complaint Risk
P217932,Crème Radiance Gentle Cleansing Creamy-Foam Cleanser,Lancôme,Skincare,34.0,mid,4.4416,394,17120,394,390,4.44,337.0,21.0,36.0,85.53,5.33,9.14,284.0,53.0,21.0,19.0,17.0,5,10,Loved Product
P205614,White Lucent Anti-Dark Circles Eye Cream,Shiseido,Skincare,65.0,luxury,3.5878,393,15783,393,389,3.59,235.0,51.0,107.0,59.8,12.98,27.23,168.0,67.0,51.0,42.0,65.0,5,9,High Complaint Risk
P456994,Eye Duty Niacinamide Brightening Eye Cream,First Aid Beauty,Skincare,36.0,premium,3.6735,392,49318,392,392,3.67,247.0,46.0,99.0,63.01,11.73,25.26,172.0,75.0,46.0,43.0,56.0,5,10,High Complaint Risk
P482264,Cookies N Clean Whipped Clay Pore Detox Face Mask with Salicylic Acid + Charcoal,Fenty Skin,Skincare,35.0,mid,4.6897,390,73465,392,392,4.68,373.0,9.0,10.0,95.15,2.3,2.55,301.0,72.0,9.0,6.0,4.0,5,10,Loved Product
P412025,Cucumber De-Tox Hydra-Gel Eye Patches,Peter Thomas Roth,Skincare,55.0,premium,3.9668,391,52503,391,390,3.97,282.0,48.0,61.0,72.12,12.28,15.6,185.0,97.0,48.0,33.0,28.0,5,10,Normal Review Profile
P9941,Essential-C Cleanser,Murad,Skincare,44.0,premium,4.4962,391,18246,391,384,4.5,344.0,27.0,20.0,87.98,6.91,5.12,272.0,72.0,27.0,9.0,11.0,5,11,Loved Product
P423130,MultiVitamin Power Recovery Mask,Dermalogica,Skincare,65.0,luxury,4.3667,390,37767,390,390,4.37,337.0,33.0,20.0,86.41,8.46,5.13,225.0,112.0,33.0,11.0,9.0,5,10,Loved Product
P427529,Powerful-Strength Vitamin C Serum,Kiehl's Since 1851,Skincare,78.0,luxury,3.6684,389,45478,389,389,3.67,241.0,43.0,105.0,61.95,11.05,26.99,187.0,54.0,43.0,42.0,63.0,5,10,High Complaint Risk
P446419,Noni Bright 12% Vitamin C Serum,KORA Organics,Skincare,73.0,luxury,4.2288,389,21320,389,389,4.23,313.0,37.0,39.0,80.46,9.51,10.03,218.0,95.0,37.0,25.0,14.0,5,11,Normal Review Profile
P471037,Slushy Serum Moisturizer Crush Infused with Bakuchiol,iNNBEAUTY PROJECT,Skincare,30.0,mid,4.6047,387,29785,388,388,4.6,346.0,17.0,25.0,89.18,4.38,6.44,314.0,32.0,17.0,12.0,13.0,5,10,Loved Product
P481832,Gradual Tan Watermelon Daily Firming Lotion,St. Tropez,Skincare,29.0,mid,4.3238,386,4749,388,388,4.32,329.0,37.0,22.0,84.79,9.54,5.67,216.0,113.0,37.0,13.0,9.0,5,8,Normal Review Profile
P460701,Clean Face Mask,SEPHORA COLLECTION,Skincare,5.5,budget,4.1455,385,80684,386,354,4.14,296.0,42.0,48.0,76.68,10.88,12.44,220.0,76.0,42.0,19.0,29.0,5,10,Normal Review Profile
P392249,JuJu Exfoliating Bar,Drunk Elephant,Skincare,28.0,mid,4.4663,386,30472,386,386,4.47,324.0,24.0,38.0,83.94,6.22,9.84,296.0,28.0,24.0,22.0,16.0,5,9,Normal Review Profile
P456582,Invisible Physical Defense Mineral Sunscreen SPF30,Dermalogica,Skincare,48.0,premium,4.3731,386,10706,386,386,4.37,327.0,32.0,27.0,84.72,8.29,6.99,241.0,86.0,32.0,16.0,11.0,5,10,Normal Review Profile
P2043,Brumisateur Natural Mineral Water Facial Spray,Evian,Skincare,14.0,budget,4.3932,384,31434,385,380,4.39,333.0,18.0,34.0,86.49,4.68,8.83,266.0,67.0,18.0,6.0,28.0,5,10,Loved Product
P503692,Plush Puddin’ Intensive Recovery Lip Mask With Pomegranate Sterols + Vitamin E,Fenty Skin,Skincare,22.0,budget,4.1144,376,76840,384,384,4.12,292.0,41.0,51.0,76.04,10.68,13.28,212.0,80.0,41.0,27.0,24.0,5,10,Normal Review Profile
P442867,Kx Active Concentrates Bio-Mimicking Peptides Serum,Kate Somerville,Skincare,98.0,luxury,4.4297,384,6479,384,384,4.43,334.0,31.0,19.0,86.98,8.07,4.95,240.0,94.0,31.0,13.0,6.0,5,9,Loved Product
P374841,Even Better Eyes Dark Circle Corrector,CLINIQUE,Skincare,44.0,premium,3.2428,383,15610,383,376,3.24,202.0,37.0,144.0,52.74,9.66,37.6,121.0,81.0,37.0,58.0,86.0,5,7,High Complaint Risk
P482323,(Re) Setting Refreshing Mist SPF 40,Supergoop!,Skincare,34.0,mid,3.6649,379,32091,382,382,3.64,251.0,39.0,92.0,65.71,10.21,24.08,160.0,91.0,39.0,19.0,73.0,5,10,High Complaint Risk
P480192,Light Aura Vitamin C + Peptide Eye Cream,Summer Fridays,Skincare,42.0,premium,4.3596,381,40911,381,381,4.36,318.0,21.0,42.0,83.46,5.51,11.02,265.0,53.0,21.0,19.0,23.0,5,9,Normal Review Profile
P500138,Polypeptide-121 Future Cream with Peptides and Ceramides,Youth To The People,Skincare,68.0,luxury,4.4403,377,29088,381,381,4.45,330.0,27.0,24.0,86.61,7.09,6.3,256.0,74.0,27.0,13.0,11.0,5,10,Loved Product
P456193,The Afterglow Deep Moisturizing Cream with Hyaluronic Acid & Vegan Collagen,Prima,Skincare,68.0,luxury,4.5302,381,6228,381,381,4.53,354.0,23.0,4.0,92.91,6.04,1.05,234.0,120.0,23.0,3.0,1.0,5,10,Loved Product
P463665,Get Even Rose Face Oil,Wishful,Skincare,63.0,luxury,4.3926,377,12439,379,379,4.4,329.0,29.0,21.0,86.81,7.65,5.54,235.0,94.0,29.0,7.0,14.0,5,10,Loved Product
P456400,Double Sided Luxe Tan Applicator Mitt,St. Tropez,Skincare,9.0,budget,4.5556,378,25187,378,378,4.56,341.0,18.0,19.0,90.21,4.76,5.03,274.0,67.0,18.0,11.0,8.0,5,9,Loved Product
P467976,(Re)setting 100% Mineral Powder Sunscreen SPF 35 PA+++,Supergoop!,Skincare,35.0,mid,4.0426,376,68453,377,374,4.04,285.0,30.0,62.0,75.6,7.96,16.45,203.0,82.0,30.0,27.0,35.0,5,10,Normal Review Profile
P464239,Aloe Vera Blemish Soothing Moisturizer,Dr. Zenovia Skincare,Skincare,38.0,premium,4.5809,377,5968,377,377,4.58,348.0,18.0,11.0,92.31,4.77,2.92,263.0,85.0,18.0,7.0,4.0,5,10,Loved Product
P472469,Green Machine Vitamin C + Green Superfoods Jelly Serum,iNNBEAUTY PROJECT,Skincare,34.0,mid,4.4043,376,30846,376,376,4.4,317.0,24.0,35.0,84.31,6.38,9.31,261.0,56.0,24.0,20.0,15.0,5,9,Normal Review Profile
P460856,Clean Eye Mask,SEPHORA COLLECTION,Skincare,3.5,budget,4.1698,371,94157,373,363,4.17,291.0,32.0,50.0,78.02,8.58,13.4,226.0,65.0,32.0,20.0,30.0,5,10,Normal Review Profile
P481697,Circular Hydration Serum with Hyaluronic Acid,Dermalogica,Skincare,64.0,luxury,4.7688,372,8306,372,372,4.77,362.0,7.0,3.0,97.31,1.88,0.81,300.0,62.0,7.0,2.0,1.0,5,9,Loved Product
P475190,Rose Glow + Get It Cooling & Brightening Eye Balm,TULA Skincare,Skincare,32.0,mid,4.0732,369,19298,371,371,4.08,288.0,52.0,31.0,77.63,14.02,8.36,152.0,136.0,52.0,21.0,10.0,5,10,Normal Review Profile
P467971,Brightening Dark Circle Eye Cream,REN Clean Skincare,Skincare,51.0,premium,4.3027,370,20905,370,370,4.3,312.0,28.0,30.0,84.32,7.57,8.11,216.0,96.0,28.0,14.0,16.0,5,10,Normal Review Profile
P504045,Daily Dose Bioretinol + Mineral SPF 40 with Bakuchiol,Supergoop!,Skincare,46.0,premium,4.7357,367,11846,370,370,4.73,350.0,14.0,6.0,94.59,3.78,1.62,298.0,52.0,14.0,4.0,2.0,5,7,Loved Product
P480461,Retinol Youth Renewal Eye Masks,Murad,Skincare,42.0,premium,4.6294,367,20483,368,368,4.62,342.0,16.0,10.0,92.93,4.35,2.72,269.0,73.0,16.0,5.0,5.0,5,10,Loved Product
P501199,YUZU-C Eye Awakening Essence,WASO,Skincare,30.0,mid,4.4301,365,2784,368,368,4.43,322.0,39.0,7.0,87.5,10.6,1.9,214.0,108.0,39.0,5.0,2.0,5,7,Loved Product
P454102,PRO Strength Niacinamide Discoloration Treatment,Peter Thomas Roth,Skincare,88.0,luxury,4.1608,367,32582,367,367,4.16,286.0,26.0,55.0,77.93,7.08,14.99,233.0,53.0,26.0,17.0,38.0,5,10,Normal Review Profile
P415773,Pep-Start Daily UV Protector Broad Spectrum SPF 50,CLINIQUE,Skincare,23.0,budget,4.2521,365,19781,366,366,4.24,288.0,29.0,49.0,78.69,7.92,13.39,232.0,56.0,29.0,33.0,16.0,5,11,Normal Review Profile
P504042,Ceramidin Skin Barrier Moisturizing Mask,Dr. Jart+,Skincare,9.0,budget,4.6936,359,10190,366,366,4.68,354.0,2.0,10.0,96.72,0.55,2.73,278.0,76.0,2.0,4.0,6.0,5,10,Loved Product
P472052,Microneedling Dark Spot Brightening Dots,Peace Out,Skincare,28.0,mid,4.0386,363,22947,365,365,4.04,289.0,15.0,61.0,79.18,4.11,16.71,202.0,87.0,15.0,12.0,49.0,5,10,Normal Review Profile
P467120,That Hit Single Gel-Cream Cleanser,JLo Beauty,Skincare,39.0,premium,4.0992,363,6260,363,363,4.1,279.0,48.0,36.0,76.86,13.22,9.92,167.0,112.0,48.0,25.0,11.0,5,8,Normal Review Profile
P470227,Vitamin C Triple Exfoliating Facial,Murad,Skincare,85.0,luxury,4.7306,360,7452,362,362,4.73,343.0,14.0,5.0,94.75,3.87,1.38,291.0,52.0,14.0,3.0,2.0,5,9,Loved Product
P501178,YUZU-C Glow-On Shot Serum,WASO,Skincare,45.0,premium,4.4206,359,1403,361,361,4.42,314.0,31.0,16.0,86.98,8.59,4.43,217.0,97.0,31.0,13.0,3.0,5,9,Loved Product
P453928,Retinol Youth Renewal Eye Serum,Murad,Skincare,89.0,luxury,4.5278,360,27356,360,360,4.53,324.0,13.0,23.0,90.0,3.61,6.39,265.0,59.0,13.0,7.0,16.0,5,11,Loved Product
P475124,The Hydrating Infused Emulsion,La Mer,Skincare,125.0,luxury,4.6222,360,8930,360,360,4.62,333.0,18.0,9.0,92.5,5.0,2.5,263.0,70.0,18.0,6.0,3.0,5,10,Loved Product
P415202,Wrinkle Warrior 2-in-1 Plumping Moisturizer + Serum,Kate Somerville,Skincare,98.0,luxury,3.7075,359,19713,359,359,3.71,225.0,45.0,89.0,62.67,12.53,24.79,162.0,63.0,45.0,45.0,44.0,5,8,High Complaint Risk
P482681,Bye Bye Makeup 3-in-1 Makeup Melting Cleansing Balm,IT Cosmetics,Skincare,42.0,premium,4.6741,359,5368,359,359,4.67,333.0,18.0,8.0,92.76,5.01,2.23,278.0,55.0,18.0,6.0,2.0,5,10,Loved Product
P447596,100% Organic Cold-Pressed Moroccan Argan Oil,The Ordinary,Skincare,7.5,budget,4.1709,357,65051,358,358,4.17,279.0,24.0,55.0,77.93,6.7,15.36,224.0,55.0,24.0,27.0,28.0,5,11,Normal Review Profile
P173652,Bio-Performance Advanced Super Revitalizing Cream,Shiseido,Skincare,85.0,luxury,4.5335,358,22311,358,347,4.53,319.0,15.0,24.0,89.11,4.19,6.7,268.0,51.0,15.0,10.0,14.0,5,8,Loved Product
P466114,Resveratrol Lift Instant Firming Retinol Alternative Serum,Caudalie,Skincare,84.0,luxury,4.5722,353,48739,358,358,4.58,320.0,22.0,16.0,89.39,6.15,4.47,269.0,51.0,22.0,8.0,8.0,5,11,Loved Product
P444970,Replenishing Multi-Acid Peel,Murad,Skincare,79.0,luxury,4.6106,357,8621,357,357,4.61,325.0,12.0,20.0,91.04,3.36,5.6,284.0,41.0,12.0,6.0,14.0,5,11,Loved Product
P474822,Daily Glycolic Cleanser,Dermalogica,Skincare,37.0,premium,4.7843,357,17736,357,357,4.78,344.0,8.0,5.0,96.36,2.24,1.4,302.0,42.0,8.0,1.0,4.0,5,10,Loved Product
P482325,Every. Single. Face. Watery Lotion SPF 50,Supergoop!,Skincare,34.0,mid,4.2805,353,23635,356,356,4.28,282.0,30.0,44.0,79.21,8.43,12.36,238.0,44.0,30.0,22.0,22.0,5,11,Normal Review Profile
P446909,Zincscreen 100% Mineral Sunscreen Lotion SPF 40 PA+++,Supergoop!,Skincare,44.0,premium,3.8729,354,20095,355,355,3.87,238.0,47.0,70.0,67.04,13.24,19.72,174.0,64.0,47.0,36.0,34.0,5,12,Normal Review Profile
P444222,Luxury Beauty Serum Calming Treatment,Saint Jane Beauty,Skincare,125.0,luxury,4.3972,355,21687,355,353,4.4,290.0,27.0,38.0,81.69,7.61,10.7,265.0,25.0,27.0,17.0,21.0,5,10,Normal Review Profile
P472810,Smart Response Serum,Dermalogica,Skincare,145.0,luxury,4.7825,354,4851,354,354,4.78,343.0,6.0,5.0,96.89,1.69,1.41,294.0,49.0,6.0,4.0,1.0,5,10,Loved Product
P417980,City Skin Age Defense Broad Spectrum SPF 50 PA++++,Murad,Skincare,69.0,luxury,4.3219,351,26245,351,351,4.32,289.0,21.0,41.0,82.34,5.98,11.68,239.0,50.0,21.0,18.0,23.0,5,10,Normal Review Profile
P456571,Vitamin C Glycolic Brightening Serum,Murad,Skincare,88.0,luxury,4.2621,351,28653,351,351,4.26,289.0,33.0,29.0,82.34,9.4,8.26,202.0,87.0,33.0,10.0,19.0,5,10,Normal Review Profile
P475135,Mini Vitamin C Glycolic Brightening Serum,Murad,Skincare,30.0,mid,4.2621,351,10296,351,351,4.26,289.0,33.0,29.0,82.34,9.4,8.26,202.0,87.0,33.0,10.0,19.0,5,10,Normal Review Profile
P500756,10% Vitamin C Brightening Serum,First Aid Beauty,Skincare,50.0,premium,4.6781,351,16175,351,351,4.68,334.0,6.0,11.0,95.16,1.71,3.13,273.0,61.0,6.0,4.0,7.0,5,9,Loved Product
P457695,DeliKate Recovery Cream,Kate Somerville,Skincare,76.0,luxury,4.4971,350,8961,350,350,4.5,312.0,16.0,22.0,89.14,4.57,6.29,241.0,71.0,16.0,15.0,7.0,5,10,Loved Product
P470065,Superclay Purify + Clear Power Mask with Niacinamide,Youth To The People,Skincare,38.0,premium,4.4595,346,62672,349,349,4.44,298.0,24.0,27.0,85.39,6.88,7.74,249.0,49.0,24.0,11.0,16.0,5,10,Loved Product
P465741,Wild Huckleberry 8-Acid Polishing Peel Mask,alpyn beauty,Skincare,56.0,premium,4.6801,347,28060,349,349,4.68,323.0,16.0,10.0,92.55,4.58,2.87,276.0,47.0,16.0,8.0,2.0,5,9,Loved Product
P478029,Mini Fulvic Acid Brightening Cleanser,The INKEY List,Skincare,5.99,budget,4.4203,345,18399,347,346,4.42,300.0,22.0,25.0,86.46,6.34,7.2,228.0,72.0,22.0,14.0,11.0,5,10,Loved Product
P469088,Fulvic Acid Brightening Cleanser,The INKEY List,Skincare,11.99,budget,4.4203,345,38263,347,346,4.42,300.0,22.0,25.0,86.46,6.34,7.2,228.0,72.0,22.0,14.0,11.0,5,10,Loved Product
P447778,Bakuchiol Retinol Alternative Moisturizer,The INKEY List,Skincare,12.99,budget,4.0376,346,28723,346,346,4.04,260.0,47.0,39.0,75.14,13.58,11.27,153.0,107.0,47.0,24.0,15.0,5,11,Normal Review Profile
P433456,Potent-C Vitamin C Power Eye Cream,Peter Thomas Roth,Skincare,68.0,luxury,4.0116,345,11436,345,345,4.01,257.0,28.0,60.0,74.49,8.12,17.39,184.0,73.0,28.0,28.0,32.0,5,10,Normal Review Profile
P458917,Water-Lock Moisturizer with Skin-Smoothing Peptides,Tata Harper,Skincare,68.0,luxury,4.4461,343,13855,344,344,4.44,290.0,24.0,30.0,84.3,6.98,8.72,245.0,45.0,24.0,20.0,10.0,5,11,Normal Review Profile
P504001,Ceramidin Skin Barrier Serum Toner,Dr. Jart+,Skincare,39.0,premium,4.6364,341,5912,344,344,4.64,322.0,18.0,4.0,93.6,5.23,1.16,246.0,76.0,18.0,3.0,1.0,5,9,Loved Product
P503814,Dynamic Skin Retinol Serum,Dermalogica,Skincare,92.0,luxury,4.8081,344,3898,344,344,4.81,338.0,3.0,3.0,98.26,0.87,0.87,289.0,49.0,3.0,1.0,2.0,5,9,Loved Product
P400204,Phoenix Rosehip Anti-Aging Face Oil - For Dry Skin,Herbivore,Skincare,88.0,luxury,4.4169,343,43956,343,343,4.42,284.0,23.0,36.0,82.8,6.71,10.5,254.0,30.0,23.0,20.0,16.0,5,10,Normal Review Profile
P479903,Mini Phoenix Rosehip Anti-Aging Face Oil - For Dry Skin,Herbivore,Skincare,60.0,luxury,4.4169,343,3119,343,343,4.42,284.0,23.0,36.0,82.8,6.71,10.5,254.0,30.0,23.0,20.0,16.0,5,10,Normal Review Profile
P445833,AGE Bright Clearing Serum,Dermalogica,Skincare,75.0,luxury,4.3528,343,9307,343,343,4.35,299.0,22.0,22.0,87.17,6.41,6.41,196.0,103.0,22.0,13.0,9.0,5,10,Loved Product
P481833,Concentrated Ginseng Renewing Cream,Sulwhasoo,Skincare,260.0,luxury,4.4766,342,3616,343,343,4.48,303.0,32.0,8.0,88.34,9.33,2.33,215.0,88.0,32.0,5.0,3.0,5,11,Loved Product
P504064,Ceramidin Cream-Infused Mask,Dr. Jart+,Skincare,15.0,budget,4.6324,340,4288,343,343,4.64,317.0,22.0,4.0,92.42,6.41,1.17,249.0,68.0,22.0,3.0,1.0,5,9,Loved Product
P407444,Bamboo Charcoal Detoxifying Soap Bar,Herbivore,Skincare,14.0,budget,4.3012,342,28997,342,341,4.3,279.0,28.0,35.0,81.58,8.19,10.23,221.0,58.0,28.0,15.0,20.0,5,9,Normal Review Profile
P501288,C5 Super Boost Vitamin C Eye Cream,Paula's Choice,Skincare,39.0,premium,4.5,340,22932,341,341,4.5,304.0,17.0,20.0,89.15,4.99,5.87,240.0,64.0,17.0,8.0,12.0,5,10,Loved Product
P474075,AHA/BHA/Retinoid Daily Clarifying Peel,Murad,Skincare,44.0,premium,4.739,341,7135,341,341,4.74,329.0,9.0,3.0,96.48,2.64,0.88,268.0,61.0,9.0,2.0,1.0,5,9,Loved Product
P455929,Cleansing Serum,Shani Darden Skin Care,Skincare,38.0,premium,4.5938,325,9931,340,340,4.59,312.0,9.0,19.0,91.76,2.65,5.59,259.0,53.0,9.0,9.0,10.0,5,9,Loved Product
P483138,Targeted Pores Serum with BHA + PHA,SEPHORA COLLECTION,Skincare,20.0,budget,4.6844,339,12422,340,340,4.69,316.0,19.0,5.0,92.94,5.59,1.47,263.0,53.0,19.0,4.0,1.0,5,11,Loved Product
P503651,Dewtopia 5% AHA Firming Night Crème,OLEHENRIKSEN,Skincare,60.0,luxury,4.8319,339,10448,339,339,4.83,331.0,6.0,2.0,97.64,1.77,0.59,293.0,38.0,6.0,1.0,1.0,5,6,Loved Product
P436353,Mini Rose & Hyaluronic Acid Deep Hydration Toner,fresh,Skincare,26.0,mid,4.125,336,65185,337,337,4.13,259.0,26.0,52.0,76.85,7.72,15.43,200.0,59.0,26.0,25.0,27.0,5,10,Normal Review Profile
P467750,Resveratrol Lift Retinol Alternative Firming Cashmere Moisturizer,Caudalie,Skincare,69.0,luxury,4.6567,335,24347,336,335,4.65,306.0,22.0,8.0,91.07,6.55,2.38,260.0,46.0,22.0,3.0,5.0,5,9,Loved Product
P472021,Mochi Mochi Luminous Plumping & Hydrating Moisturizer,DAMDAM,Skincare,48.0,premium,4.6687,335,14376,336,336,4.67,313.0,18.0,5.0,93.15,5.36,1.49,253.0,60.0,18.0,5.0,0.0,5,10,Loved Product
P503642,Squalane + Vitamin C Rose Brightening Moisturizer,Biossance,Skincare,56.0,premium,4.4234,333,11500,335,335,4.41,295.0,25.0,15.0,88.06,7.46,4.48,202.0,93.0,25.0,7.0,8.0,5,9,Loved Product
P388200,GENIUS Ultimate Anti-Aging Melting Cleanser,Algenist,Skincare,38.0,premium,4.0569,334,9314,334,334,4.06,247.0,24.0,63.0,73.95,7.19,18.86,207.0,40.0,24.0,25.0,38.0,5,9,Normal Review Profile
P475181,Glow + Get It Cooling & Brightening Eye Balm,TULA Skincare,Skincare,30.0,mid,3.9578,332,17136,334,334,3.95,249.0,45.0,40.0,74.55,13.47,11.98,125.0,124.0,45.0,22.0,18.0,5,9,Normal Review Profile
P453929,Retinol Youth Renewal Night Cream,Murad,Skincare,88.0,luxury,4.6078,334,21491,334,334,4.61,310.0,9.0,15.0,92.81,2.69,4.49,254.0,56.0,9.0,3.0,12.0,5,11,Loved Product
P467647,Melting Cleansing Balm Cleanse + Balance,SEPHORA COLLECTION,Skincare,12.0,budget,3.6314,331,21017,331,331,3.63,201.0,40.0,90.0,60.73,12.08,27.19,136.0,65.0,40.0,52.0,38.0,5,10,High Complaint Risk
P479732,Salicylic Acid 2% Anhydrous Solution Pore Clearing Serum,The Ordinary,Skincare,7.2,budget,3.8389,329,109679,331,331,3.85,227.0,34.0,70.0,68.58,10.27,21.15,166.0,61.0,34.0,27.0,43.0,5,10,High Complaint Risk
P475629,Honey Whip Peptide and Collagen Moisturizer,Wishful,Skincare,43.0,premium,4.5697,330,15716,331,331,4.57,294.0,16.0,21.0,88.82,4.83,6.34,256.0,38.0,16.0,11.0,10.0,5,10,Loved Product
P416923,Superfood Hydrate + Firm Peptide Eye Cream,Youth To The People,Skincare,38.0,premium,3.6564,326,38812,326,326,3.66,188.0,59.0,79.0,57.67,18.1,24.23,137.0,51.0,59.0,47.0,32.0,5,10,High Complaint Risk
P457522,Every Sun Day Sun Fluid SPF 50+,Dr. Jart+,Skincare,42.0,premium,4.4215,325,15285,325,325,4.42,287.0,24.0,14.0,88.31,7.38,4.31,195.0,92.0,24.0,8.0,6.0,5,10,Loved Product
P406104,24K Gold Pure Luxury Lift & Firm Hydra-Gel Eye Patches,Peter Thomas Roth,Skincare,75.0,luxury,3.7594,320,49824,322,322,3.74,214.0,22.0,86.0,66.46,6.83,26.71,159.0,55.0,22.0,38.0,48.0,5,10,High Complaint Risk
P397624,Dermask Micro Jet Clearing Solution,Dr. Jart+,Skincare,9.0,budget,4.4472,322,35931,322,322,4.45,276.0,16.0,30.0,85.71,4.97,9.32,235.0,41.0,16.0,15.0,15.0,5,10,Loved Product
P479633,Pore Remedy Purifying Mud Mask,Dr. Jart+,Skincare,9.0,budget,4.1781,320,18287,321,321,4.18,260.0,40.0,21.0,81.0,12.46,6.54,149.0,111.0,40.0,12.0,9.0,5,10,Normal Review Profile
P459130,Hyaluronic Serum,Dr. Lara Devgan Scientific Beauty,Skincare,245.0,luxury,4.785,321,2777,321,321,4.79,304.0,2.0,15.0,94.7,0.62,4.67,295.0,9.0,2.0,4.0,11.0,5,9,Loved Product
P467652,Lip Sleeping Mask,SEPHORA COLLECTION,Skincare,5.0,budget,3.5475,316,45533,320,316,3.56,185.0,48.0,87.0,57.81,15.0,27.19,131.0,54.0,48.0,38.0,49.0,5,13,High Complaint Risk
P432048,Resurfacing AHA + BHA Serum,Tata Harper,Skincare,92.0,luxury,4.2562,320,18261,320,320,4.26,251.0,31.0,38.0,78.44,9.69,11.88,208.0,43.0,31.0,19.0,19.0,5,10,Normal Review Profile
P482008,Self-Tanning Oil Mist,Isle of Paradise,Skincare,32.0,mid,4.3937,320,17225,320,319,4.39,270.0,16.0,34.0,84.38,5.0,10.63,230.0,40.0,16.0,14.0,20.0,5,7,Normal Review Profile
P462344,Hydro Masque Exfoliant,Dermalogica,Skincare,64.0,luxury,4.4406,320,6698,320,320,4.44,283.0,29.0,8.0,88.44,9.06,2.5,188.0,95.0,29.0,6.0,2.0,5,10,Loved Product
P441323,Mini Blueberry Bounce Gentle Cleanser,Glow Recipe,Skincare,10.0,budget,3.7057,316,47027,318,318,3.7,198.0,42.0,78.0,62.26,13.21,24.53,138.0,60.0,42.0,43.0,35.0,5,10,High Complaint Risk
P455924,The Eye Concentrate Cream,La Mer,Skincare,260.0,luxury,4.0535,318,16236,318,318,4.05,240.0,29.0,49.0,75.47,9.12,15.41,181.0,59.0,29.0,12.0,37.0,5,8,Normal Review Profile
P433457,Potent-C Vitamin C Targeted Spot Brightener,Peter Thomas Roth,Skincare,62.0,luxury,4.3428,318,8238,318,318,4.34,275.0,21.0,22.0,86.48,6.6,6.92,187.0,88.0,21.0,9.0,13.0,5,9,Loved Product
P483137,Targeted Dark Spots Serum with Enzymes,SEPHORA COLLECTION,Skincare,20.0,budget,4.6447,318,12192,318,318,4.64,296.0,17.0,5.0,93.08,5.35,1.57,235.0,61.0,17.0,2.0,3.0,5,10,Loved Product
P4032,Hydrating Toner,Murad,Skincare,42.0,premium,4.2934,317,15366,317,307,4.29,262.0,19.0,36.0,82.65,5.99,11.36,205.0,57.0,19.0,15.0,21.0,5,9,Normal Review Profile
P443351,Mini Multi-Active Toner,Dermalogica,Skincare,13.0,budget,4.3987,316,14201,317,317,4.4,274.0,28.0,15.0,86.44,8.83,4.73,189.0,85.0,28.0,11.0,4.0,5,10,Loved Product
P423150,Multi-Active Toner,Dermalogica,Skincare,43.0,premium,4.3987,316,16363,317,317,4.4,274.0,28.0,15.0,86.44,8.83,4.73,189.0,85.0,28.0,11.0,4.0,5,10,Loved Product
P482329,Retinal + Niacinamide Youth Serum,Youth To The People,Skincare,69.0,luxury,4.5841,315,41445,317,317,4.59,290.0,14.0,13.0,91.48,4.42,4.1,234.0,56.0,14.0,5.0,8.0,5,10,Loved Product
P453826,Rénergie Lift Multi-Action Ultra Dark Spot Correcting Cream SPF 30,Lancôme,Skincare,135.0,luxury,4.6909,317,8888,317,317,4.69,301.0,9.0,7.0,94.95,2.84,2.21,246.0,55.0,9.0,3.0,4.0,5,10,Loved Product
P446422,Avocado Nourishing Hydration Mask,Kiehl's Since 1851,Skincare,48.0,premium,3.9019,316,18646,316,314,3.9,230.0,34.0,52.0,72.78,10.76,16.46,131.0,99.0,34.0,28.0,24.0,5,11,Normal Review Profile
P397310,PoreDermabrasion Pore Perfecting Exfoliator,Dr. Brandt Skincare,Skincare,59.0,luxury,4.2437,316,20771,316,316,4.24,252.0,28.0,36.0,79.75,8.86,11.39,196.0,56.0,28.0,17.0,19.0,5,9,Normal Review Profile
P467111,Retinol Acne Clearing Oil,Dermalogica,Skincare,86.0,luxury,4.3981,314,4762,314,314,4.4,270.0,31.0,13.0,85.99,9.87,4.14,189.0,81.0,31.0,6.0,7.0,5,10,Loved Product
P503913,Ultra Facial Advanced Repair Barrier Cream,Kiehl's Since 1851,Skincare,48.0,premium,4.7556,311,6823,314,314,4.76,302.0,11.0,1.0,96.18,3.5,0.32,251.0,51.0,11.0,1.0,0.0,5,9,Loved Product
P421600,Jasmine Green Tea Oil Control Toner,Herbivore,Skincare,39.0,premium,4.0833,312,39251,313,313,4.08,227.0,30.0,56.0,72.52,9.58,17.89,187.0,40.0,30.0,35.0,21.0,5,11,Normal Review Profile
P455242,Super Amino Gel Cleanser,Summer Fridays,Skincare,35.0,mid,4.0833,312,30871,313,313,4.09,233.0,28.0,52.0,74.44,8.95,16.61,183.0,50.0,28.0,28.0,24.0,5,10,Normal Review Profile
P444226,Honey Grail Ultra-Hydrating Face Oil,Farmacy,Skincare,48.0,premium,4.2355,310,47186,312,312,4.23,242.0,24.0,46.0,77.56,7.69,14.74,208.0,34.0,24.0,26.0,20.0,5,10,Normal Review Profile
P482692,Water Bank Blue Hyaluronic Serum,LANEIGE,Skincare,45.0,premium,4.7355,310,24759,311,311,4.74,291.0,14.0,6.0,93.57,4.5,1.93,256.0,35.0,14.0,5.0,1.0,5,10,Loved Product
P423123,Daily Superfoliant Exfoliator,Dermalogica,Skincare,65.0,luxury,4.5631,309,10658,309,309,4.56,284.0,15.0,10.0,91.91,4.85,3.24,217.0,67.0,15.0,2.0,8.0,5,10,Loved Product
P450244,Ceramide Hydrating Night Treatment,The INKEY List,Skincare,15.99,budget,4.2899,307,36241,308,308,4.29,256.0,28.0,24.0,83.12,9.09,7.79,177.0,79.0,28.0,13.0,11.0,5,10,Normal Review Profile
P467118,That Limitless Glow Sheet Mask,JLo Beauty,Skincare,49.0,premium,4.013,307,11890,307,307,4.01,227.0,38.0,42.0,73.94,12.38,13.68,156.0,71.0,38.0,12.0,30.0,5,11,Normal Review Profile
P422013,Calendula Deep Clean Foaming Face Wash,Kiehl's Since 1851,Skincare,38.0,premium,4.5033,306,39855,307,307,4.5,264.0,19.0,24.0,85.99,6.19,7.82,231.0,33.0,19.0,12.0,12.0,5,10,Loved Product
P459128,Vitamin C+B+E Ferulic Serum,Dr. Lara Devgan Scientific Beauty,Skincare,145.0,luxury,4.8235,306,9243,307,307,4.82,296.0,1.0,10.0,96.42,0.33,3.26,282.0,14.0,1.0,2.0,8.0,5,9,Loved Product
P411254,MAGNETIGHT Age-Defier Mask,Dr. Brandt Skincare,Skincare,75.0,luxury,3.9216,306,19870,306,306,3.92,219.0,20.0,67.0,71.57,6.54,21.9,173.0,46.0,20.0,24.0,43.0,5,9,High Complaint Risk
P434550,Revitalixir Recovery Serum,Murad,Skincare,97.0,luxury,4.3693,306,7556,306,306,4.37,264.0,16.0,26.0,86.27,5.23,8.5,197.0,67.0,16.0,10.0,16.0,5,10,Loved Product
P470221,Milk-Peel Gentle Exfoliating Toner,Kiehl's Since 1851,Skincare,60.0,luxury,4.682,305,14773,305,305,4.68,285.0,14.0,6.0,93.44,4.59,1.97,238.0,47.0,14.0,2.0,4.0,5,10,Loved Product
P432823,Gua Sha Facial Lifting Tool,Mount Lai,Skincare,30.0,mid,4.1254,303,93790,304,302,4.13,231.0,24.0,49.0,75.99,7.89,16.12,192.0,39.0,24.0,18.0,31.0,5,10,Normal Review Profile
P474825,Advanced Retinol + Ferulic Triple Correction Eye Serum,Dr. Dennis Gross Skincare,Skincare,71.0,luxury,4.4967,304,29199,304,304,4.5,269.0,7.0,28.0,88.49,2.3,9.21,233.0,36.0,7.0,9.0,19.0,5,10,Loved Product
P460514,Cream Skin Milk Oil Cleanser,LANEIGE,Skincare,34.0,mid,4.3729,303,27415,304,304,4.38,253.0,24.0,27.0,83.22,7.89,8.88,209.0,44.0,24.0,10.0,17.0,5,10,Normal Review Profile
P430818,SEA Mermaid Skin Hyaluronic H2O Serum,tarte,Skincare,15.0,budget,4.1093,302,20912,302,302,4.11,226.0,28.0,48.0,74.83,9.27,15.89,182.0,44.0,28.0,23.0,25.0,5,10,Normal Review Profile
P454100,Prism AHA + BHA Exfoliating Glow Facial,Herbivore,Skincare,58.0,premium,4.2616,302,45368,302,302,4.26,242.0,20.0,40.0,80.13,6.62,13.25,204.0,38.0,20.0,15.0,25.0,5,10,Normal Review Profile
P469537,Bestsellers Trial Kit,Sulwhasoo,Skincare,58.0,premium,4.702,302,26274,302,302,4.7,284.0,7.0,11.0,94.04,2.32,3.64,247.0,37.0,7.0,5.0,6.0,5,10,Loved Product
P464245,Bakuchiol Hydrating Cleanser,Dr. Zenovia Skincare,Skincare,42.0,premium,4.4983,301,1784,301,301,4.5,272.0,21.0,8.0,90.37,6.98,2.66,191.0,81.0,21.0,4.0,4.0,5,10,Loved Product
P440482,"Facial Spray with Aloe, Herbs and Rosewater",Mario Badescu,Skincare,7.0,budget,3.7567,300,42146,300,300,3.77,200.0,23.0,77.0,66.67,7.67,25.67,166.0,34.0,23.0,19.0,58.0,5,10,High Complaint Risk
P449188,Green Defense Daily Mineral Sunscreen SPF 30,Farmacy,Skincare,36.0,premium,3.9767,300,31465,300,300,3.98,210.0,31.0,59.0,70.0,10.33,19.67,178.0,32.0,31.0,23.0,36.0,5,10,Normal Review Profile
P501581,Cocoa Cleans'r Soothing All-Over Cleansing Bar,Fenty Skin,Skincare,14.0,budget,4.1739,299,12779,300,300,4.18,234.0,47.0,19.0,78.0,15.67,6.33,143.0,91.0,47.0,14.0,5.0,5,11,Normal Review Profile
P504639,Banana Bright+ Vitamin CC Eye Sticks,OLEHENRIKSEN,Skincare,34.0,mid,4.604,298,17823,300,293,4.53,264.0,20.0,16.0,88.0,6.67,5.33,221.0,43.0,20.0,5.0,11.0,5,12,Loved Product
P483664,Midnight  Recovery Omega-Rich Cloud Cream,Kiehl's Since 1851,Skincare,60.0,luxury,4.5233,300,11696,300,300,4.51,268.0,17.0,15.0,89.33,5.67,5.0,208.0,60.0,17.0,8.0,7.0,5,10,Loved Product
P474332,Bye Bye Lines 1.5% Hyaluronic Acid Serum,IT Cosmetics,Skincare,29.0,mid,4.4615,273,8711,300,300,4.4,263.0,28.0,9.0,87.67,9.33,3.0,171.0,92.0,28.0,5.0,4.0,5,10,Loved Product
P482269,Get Even Sun Milk SPF 33,Josie Maran,Skincare,46.0,premium,4.6917,266,6781,300,299,4.7,282.0,10.0,8.0,94.0,3.33,2.67,241.0,41.0,10.0,3.0,5.0,5,10,Loved Product
P504429,Hydrating Serum,SEPHORA COLLECTION,Skincare,20.0,budget,4.8445,238,3242,300,300,4.81,292.0,6.0,2.0,97.33,2.0,0.67,254.0,38.0,6.0,1.0,1.0,5,8,Loved Product
P504421,Overnight Hydrating Mask,SEPHORA COLLECTION,Skincare,16.0,budget,4.8268,231,5527,300,300,4.81,294.0,4.0,2.0,98.0,1.33,0.67,251.0,43.0,4.0,2.0,0.0,5,9,Loved Product
P430903,Watermelon Brightening Serum,MILK MAKEUP,Skincare,36.0,premium,3.7258,299,38968,299,299,3.73,190.0,36.0,73.0,63.55,12.04,24.41,136.0,54.0,36.0,37.0,36.0,5,9,High Complaint Risk
P500894,Fat Water Hydrating Milky Toner Essence with Hyaluronic Acid + Tamarind,Fenty Skin,Skincare,34.0,mid,4.6554,296,24560,299,298,4.64,280.0,11.0,8.0,93.65,3.68,2.68,223.0,57.0,11.0,4.0,4.0,5,10,Loved Product
P469118,Melting Moisture Mask,Dermalogica,Skincare,69.0,luxury,4.6879,298,4950,299,299,4.69,282.0,16.0,1.0,94.31,5.35,0.33,224.0,58.0,16.0,1.0,0.0,5,10,Loved Product
P409630,SEA Pack Your Bags Undereye Patches,tarte,Skincare,22.0,budget,4.1779,298,56808,298,298,4.18,231.0,29.0,38.0,77.52,9.73,12.75,179.0,52.0,29.0,17.0,21.0,5,8,Normal Review Profile
P467630,Rénergie Lift Multi-Action Ultra Dark Circle Correcting Eye Cream,Lancôme,Skincare,82.0,luxury,4.6376,298,9874,298,298,4.64,275.0,8.0,15.0,92.28,2.68,5.03,235.0,40.0,8.0,8.0,7.0,4,9,Loved Product
P380000,"DayWear Advanced Multi-Protection Anti-Oxidant Moisturizer, Normal/Combination",Estée Lauder,Skincare,36.0,premium,4.3154,298,6300,298,298,4.32,254.0,34.0,10.0,85.23,11.41,3.36,154.0,100.0,34.0,4.0,6.0,5,10,Loved Product
P467617,Clear Complexion Acne Solutions System,Dr. Zenovia Skincare,Skincare,35.0,mid,4.5084,297,6191,297,297,4.51,269.0,14.0,14.0,90.57,4.71,4.71,206.0,63.0,14.0,1.0,13.0,5,10,Loved Product
P435209,Radiance Resurfacing Foam,Dr. Brandt Skincare,Skincare,72.0,luxury,4.4478,297,1903,297,297,4.45,271.0,19.0,7.0,91.25,6.4,2.36,170.0,101.0,19.0,3.0,4.0,5,9,Loved Product
P455365,"Vitamin B, C, and E Moisturizer",The INKEY List,Skincare,7.99,budget,4.1429,294,53343,296,296,4.14,224.0,39.0,33.0,75.68,13.18,11.15,156.0,68.0,39.0,22.0,11.0,5,10,Normal Review Profile
P455900,100% Plant-Derived Hemi-Squalane,The Ordinary,Skincare,5.0,budget,4.398,294,48131,296,296,4.4,251.0,23.0,22.0,84.8,7.77,7.43,194.0,57.0,23.0,13.0,9.0,5,9,Normal Review Profile
P480447,10 + 10 Moisturizer with 10% Vitamin C + 10% Peptide Complex + Ceramides,iNNBEAUTY PROJECT,Skincare,35.0,mid,4.5646,294,13877,295,294,4.57,266.0,8.0,21.0,90.17,2.71,7.12,228.0,38.0,8.0,10.0,11.0,5,9,Loved Product
P454389,PLAY Antioxidant Body Sunscreen Mist SPF 50 PA++++,Supergoop!,Skincare,21.0,budget,3.9048,294,28604,294,294,3.9,196.0,33.0,65.0,66.67,11.22,22.11,166.0,30.0,33.0,34.0,31.0,5,13,High Complaint Risk
P501282,C5 Super Boost Vitamin C Moisturizer,Paula's Choice,Skincare,45.0,premium,4.6986,292,13256,293,293,4.7,279.0,7.0,7.0,95.22,2.39,2.39,228.0,51.0,7.0,5.0,2.0,5,10,Loved Product
P501321,Luxury Sun Ritual Pore Smoothing Sunscreen SPF 30,Saint Jane Beauty,Skincare,38.0,premium,4.8262,282,10922,293,293,4.83,285.0,5.0,3.0,97.27,1.71,1.02,258.0,27.0,5.0,0.0,3.0,5,10,Loved Product
P436891,Jade De-Puffing Face Roller,Herbivore,Skincare,32.0,mid,3.5479,292,33236,292,292,3.55,176.0,30.0,86.0,60.27,10.27,29.45,128.0,48.0,30.0,28.0,58.0,5,11,High Complaint Risk
P460513,Cream Skin Mist,LANEIGE,Skincare,27.0,mid,4.5739,291,43168,292,292,4.58,259.0,15.0,18.0,88.7,5.14,6.16,223.0,36.0,15.0,14.0,4.0,5,10,Loved Product
P423254,Water Drench Hyaluronic Cloud Hydra-Gel Eye Patches,Peter Thomas Roth,Skincare,55.0,premium,4.069,290,60266,291,291,4.06,215.0,31.0,45.0,73.88,10.65,15.46,161.0,54.0,31.0,23.0,22.0,5,9,Normal Review Profile
P456572,Vitamin C Dark Circle Correcting Eye Serum,Murad,Skincare,67.0,luxury,4.0687,291,23093,291,291,4.07,224.0,27.0,40.0,76.98,9.28,13.75,149.0,75.0,27.0,18.0,22.0,5,10,Normal Review Profile
P443838,Glycolic Acid Exfoliating Toner,The INKEY List,Skincare,12.99,budget,4.3918,291,45406,291,291,4.39,246.0,22.0,23.0,84.54,7.56,7.9,194.0,52.0,22.0,11.0,12.0,5,10,Normal Review Profile
P500618,Turmeric Glow Foaming Cleanser,KORA Organics,Skincare,44.0,premium,4.6111,288,9992,290,290,4.61,268.0,9.0,13.0,92.41,3.1,4.48,218.0,50.0,9.0,7.0,6.0,5,10,Loved Product
P455894,Ultra Repair Oil-Control Moisturizer,First Aid Beauty,Skincare,36.0,premium,4.2388,289,24055,289,289,4.24,228.0,25.0,36.0,78.89,8.65,12.46,181.0,47.0,25.0,21.0,15.0,5,9,Normal Review Profile
P474333,Bye Bye Pores 10% Glycolic Acid Serum,IT Cosmetics,Skincare,29.0,mid,4.3532,269,12144,288,288,4.31,242.0,24.0,22.0,84.03,8.33,7.64,167.0,75.0,24.0,13.0,9.0,5,11,Normal Review Profile
P472302,Wild Nettle & Niacinamide Instant Firming Serum,alpyn beauty,Skincare,58.0,premium,4.7631,287,12209,288,288,4.76,276.0,5.0,7.0,95.83,1.74,2.43,241.0,35.0,5.0,3.0,4.0,5,9,Loved Product
P201439,Redness Solutions Soothing Cleanser,CLINIQUE,Skincare,26.5,mid,4.1672,287,9881,287,278,4.17,226.0,24.0,37.0,78.75,8.36,12.89,164.0,62.0,24.0,19.0,18.0,5,7,Normal Review Profile
P474330,Bye Bye Dark Spots 4% Niacinamide Serum,IT Cosmetics,Skincare,29.0,mid,4.3284,271,15408,287,287,4.25,232.0,39.0,16.0,80.84,13.59,5.57,150.0,82.0,39.0,10.0,6.0,5,11,Normal Review Profile
P464241,5% Benzoyl Peroxide Acne Spot Treatment,Dr. Zenovia Skincare,Skincare,25.0,budget,4.4021,286,7160,287,287,4.4,248.0,30.0,9.0,86.41,10.45,3.14,169.0,79.0,30.0,4.0,5.0,5,10,Loved Product
P474826,Advanced Retinol + Ferulic Texture Renewal Serum,Dr. Dennis Gross Skincare,Skincare,76.0,luxury,4.4667,285,22246,286,286,4.46,250.0,11.0,25.0,87.41,3.85,8.74,207.0,43.0,11.0,11.0,14.0,5,11,Loved Product
P294018,Cleansing Spa Water Cloths,Koh Gen Do,Skincare,23.0,budget,4.4789,284,23197,284,281,4.48,251.0,9.0,24.0,88.38,3.17,8.45,208.0,43.0,9.0,9.0,15.0,5,10,Loved Product
P122727,Repairwear Anti-Gravity Eye Cream,CLINIQUE,Skincare,54.0,premium,4.1702,282,11912,282,269,4.17,222.0,30.0,30.0,78.72,10.64,10.64,150.0,72.0,30.0,18.0,12.0,5,9,Normal Review Profile
P439927,Liquid ExfoliKate Triple Acid Resurfacing Treatment,Kate Somerville,Skincare,72.0,luxury,4.3723,282,20613,282,282,4.37,240.0,15.0,27.0,85.11,5.32,9.57,187.0,53.0,15.0,14.0,13.0,5,9,Loved Product
P448181,DERMAPORE Ultrasonic Pore Extractor & Serum Infuser,DERMAFLASH,Skincare,99.0,luxury,3.6157,281,51300,281,278,3.62,179.0,16.0,86.0,63.7,5.69,30.6,142.0,37.0,16.0,24.0,62.0,5,9,High Complaint Risk
P244701,Acne Solutions Oil-Control Cleansing Mask,CLINIQUE,Skincare,29.0,mid,4.4769,281,18472,281,277,4.48,249.0,19.0,13.0,88.61,6.76,4.63,186.0,63.0,19.0,6.0,7.0,5,9,Loved Product
P456988,Own Your Glow Kit,Isle of Paradise,Skincare,35.0,mid,3.7714,280,33502,280,280,3.77,190.0,27.0,63.0,67.86,9.64,22.5,130.0,60.0,27.0,22.0,41.0,5,8,High Complaint Risk
P504044,Pro-Retinol Megamoisture Face Cream,Josie Maran,Skincare,54.0,premium,4.7518,278,3498,279,279,4.75,266.0,10.0,3.0,95.34,3.58,1.08,227.0,39.0,10.0,2.0,1.0,5,6,Loved Product
P469439,Squalane+ Rose Vegan Lip Balm,Biossance,Skincare,16.0,budget,3.8809,277,29662,278,278,3.87,187.0,32.0,59.0,67.27,11.51,21.22,143.0,44.0,32.0,30.0,29.0,5,10,High Complaint Risk
P467251,Fenty Skin Travel Size Start'r Set,Fenty Skin,Skincare,45.0,premium,4.0647,278,38902,278,278,4.06,204.0,33.0,41.0,73.38,11.87,14.75,153.0,51.0,33.0,21.0,20.0,5,10,Normal Review Profile
P397623,Dermask Water Jet Vital Hydra Solution,Dr. Jart+,Skincare,7.0,budget,4.5507,276,40090,278,278,4.54,242.0,19.0,17.0,87.05,6.83,6.12,212.0,30.0,19.0,8.0,9.0,5,9,Loved Product
P450632,Gentle Cleansing Foam Hydrating Makeup Remover,Sulwhasoo,Skincare,38.0,premium,4.5596,277,22064,278,277,4.56,251.0,12.0,15.0,90.29,4.32,5.4,206.0,45.0,12.0,7.0,8.0,5,10,Loved Product
P476731,Mini Gentle Cleansing Foam Hydrating Makeup Remover,Sulwhasoo,Skincare,12.0,budget,4.5596,277,12981,278,277,4.56,251.0,12.0,15.0,90.29,4.32,5.4,206.0,45.0,12.0,7.0,8.0,5,10,Loved Product
P457510,Private Party: Supports Vaginal & Urinary Tract Health,HUM Nutrition,Skincare,26.0,mid,4.6727,278,14955,278,278,4.67,260.0,12.0,6.0,93.53,4.32,2.16,213.0,47.0,12.0,4.0,2.0,5,10,Loved Product
P475194,Brightening Treatment Drops Triple Vitamin C Serum,TULA Skincare,Skincare,56.0,premium,4.2572,276,10279,277,277,4.25,236.0,22.0,19.0,85.2,7.94,6.86,136.0,100.0,22.0,11.0,8.0,5,10,Loved Product
P505049,barrier+ Triple Lipid + Collagen Brightening Eye Treatment,Skinfix,Skincare,54.0,premium,4.7984,258,2065,277,277,4.8,268.0,9.0,0.0,96.75,3.25,0.0,231.0,37.0,9.0,0.0,0.0,5,8,Loved Product
P404794,Hydrating Oil Stick,MILK MAKEUP,Skincare,32.0,mid,3.8478,276,40465,276,276,3.85,187.0,26.0,63.0,67.75,9.42,22.83,145.0,42.0,26.0,28.0,35.0,5,10,High Complaint Risk
P402014,Blue Moon Clean-Rinse Cleansing Balm,Sunday Riley,Skincare,50.0,premium,4.2717,276,15699,276,276,4.27,215.0,25.0,36.0,77.9,9.06,13.04,185.0,30.0,25.0,23.0,13.0,5,8,Normal Review Profile
P482061,Max Clear Invisible Priming Sunscreen Broad Spectrum SPF 45,Peter Thomas Roth,Skincare,38.0,premium,4.4746,276,5462,276,276,4.47,242.0,12.0,22.0,87.68,4.35,7.97,196.0,46.0,12.0,13.0,9.0,5,10,Loved Product
P479340,Retinol Face Stick,Peace Out,Skincare,34.0,mid,4.5148,270,28434,274,274,4.52,246.0,8.0,20.0,89.78,2.92,7.3,202.0,44.0,8.0,9.0,11.0,5,9,Loved Product
P479692,Awaken Peptide Depuffing Eye Gel,Dermalogica,Skincare,59.0,luxury,4.7033,273,8685,273,273,4.7,260.0,4.0,9.0,95.24,1.47,3.3,221.0,39.0,4.0,2.0,7.0,5,10,Loved Product
P9939,Essential-C Toner,Murad,Skincare,42.0,premium,4.3088,272,15154,272,263,4.31,225.0,23.0,24.0,82.72,8.46,8.82,167.0,58.0,23.0,12.0,12.0,5,12,Normal Review Profile
P439643,Clinique iD Custom-Blend Hydrator Collection,CLINIQUE,Skincare,41.0,premium,3.631,271,59756,271,271,3.63,162.0,38.0,71.0,59.78,14.02,26.2,121.0,41.0,38.0,30.0,41.0,5,9,High Complaint Risk
P482006,Dewy Glow Moisturizer with Cherry Blossom & Niacinamide,innisfree,Skincare,26.0,mid,4.3745,267,40516,271,271,4.38,228.0,18.0,25.0,84.13,6.64,9.23,184.0,44.0,18.0,13.0,12.0,5,11,Normal Review Profile
P475086,BioLumin-C Vitamin-C Gel Moisturizer,Dermalogica,Skincare,69.0,luxury,4.6384,271,6836,271,271,4.64,253.0,11.0,7.0,93.36,4.06,2.58,200.0,53.0,11.0,5.0,2.0,5,10,Loved Product
P475159,Evercalm Redness Relief Serum,REN Clean Skincare,Skincare,60.0,luxury,4.3985,271,5110,271,271,4.4,237.0,29.0,5.0,87.45,10.7,1.85,149.0,88.0,29.0,3.0,2.0,4,9,Loved Product
P122782,Repairwear Intensive Lip Treatment,CLINIQUE,Skincare,31.5,mid,4.2963,270,15182,270,261,4.3,218.0,21.0,31.0,80.74,7.78,11.48,174.0,44.0,21.0,20.0,11.0,5,9,Normal Review Profile
P504433,Pro Collagen Multi-Peptide Booster,Paula's Choice,Skincare,58.0,premium,4.7386,264,21691,270,270,4.71,258.0,4.0,8.0,95.56,1.48,2.96,216.0,42.0,4.0,3.0,5.0,5,10,Loved Product
P385631,"Great Skin, Great Deal Set for Combination Oily Skin",CLINIQUE,Skincare,32.5,mid,4.3321,268,39928,268,268,4.33,224.0,17.0,27.0,83.58,6.34,10.07,173.0,51.0,17.0,14.0,13.0,5,10,Normal Review Profile
P459129,Peptide Eye Cream,Dr. Lara Devgan Scientific Beauty,Skincare,215.0,luxury,4.8172,268,5462,268,268,4.82,256.0,4.0,8.0,95.52,1.49,2.99,242.0,14.0,4.0,5.0,3.0,5,9,Loved Product
P429954,Clarifying Blemish & Oil Control Cleanser,Tata Harper,Skincare,88.0,luxury,3.9476,267,19570,267,266,3.95,192.0,21.0,54.0,71.91,7.87,20.22,157.0,35.0,21.0,12.0,42.0,4,10,High Complaint Risk
P462747,Mini Clarifying Blemish & Oil Control Cleanser,Tata Harper,Skincare,46.0,premium,3.9476,267,4047,267,266,3.95,192.0,21.0,54.0,71.91,7.87,20.22,157.0,35.0,21.0,12.0,42.0,4,10,High Complaint Risk
P424378,Mini Virgin Marula LuxuryFace Oil,Drunk Elephant,Skincare,38.0,premium,4.2368,266,48487,267,267,4.24,213.0,19.0,35.0,79.78,7.12,13.11,174.0,39.0,19.0,14.0,21.0,5,10,Normal Review Profile
P479351,Daily Dose Hydra-Ceramide Boost + SPF 40 Sunscreen Oil PA+++,Supergoop!,Skincare,46.0,premium,4.3783,267,23310,267,267,4.38,228.0,13.0,26.0,85.39,4.87,9.74,176.0,52.0,13.0,16.0,10.0,5,10,Loved Product
P504309,Solar Power Luminous SPF 30 Brightening Serum,ROSE INC,Skincare,46.0,premium,4.4604,265,1484,267,267,4.44,229.0,27.0,11.0,85.77,10.11,4.12,169.0,60.0,27.0,9.0,2.0,5,8,Loved Product
P468640,Full Spectrum 360º Refreshing Water Cream Organic Face Sunscreen SPF 50,COOLA,Skincare,48.0,premium,4.5805,267,6587,267,267,4.58,243.0,16.0,8.0,91.01,5.99,3.0,189.0,54.0,16.0,6.0,2.0,5,9,Loved Product
P464234,Advanced Retinol Night Repair Treatment,Dr. Zenovia Skincare,Skincare,72.0,luxury,4.5019,267,2860,267,267,4.5,243.0,21.0,3.0,91.01,7.87,1.12,162.0,81.0,21.0,2.0,1.0,5,10,Loved Product
P454095,Perfect Canvas Clean Jelly Oil Cleanser,REN Clean Skincare,Skincare,37.0,premium,4.0263,266,6031,266,266,4.03,199.0,29.0,38.0,74.81,10.9,14.29,132.0,67.0,29.0,18.0,20.0,5,10,Normal Review Profile
P502326,Dynamic Skin Recovery SPF50 Moisturizer,Dermalogica,Skincare,79.0,luxury,4.8189,265,5274,266,266,4.81,260.0,5.0,1.0,97.74,1.88,0.38,222.0,38.0,5.0,1.0,0.0,5,6,Loved Product
P296413,Gentle Rejuvenating Cleanser,Algenist,Skincare,28.0,mid,4.2689,264,7681,264,255,4.27,210.0,28.0,26.0,79.55,10.61,9.85,161.0,49.0,28.0,16.0,10.0,5,9,Normal Review Profile
P469510,CLINICAL 1% Retinol Treatment,Paula's Choice,Skincare,62.0,luxury,4.5551,263,60835,264,264,4.55,232.0,13.0,19.0,87.88,4.92,7.2,208.0,24.0,13.0,8.0,11.0,5,10,Loved Product
P455613,Line-Filling Eye Cream with Bakuchiol and Caffeine,alpyn beauty,Skincare,62.0,luxury,4.3206,262,12740,262,262,4.32,217.0,12.0,33.0,82.82,4.58,12.6,186.0,31.0,12.0,9.0,24.0,5,10,Normal Review Profile
P470058,Glowscreen Body Sunscreen SPF 40 PA+++,Supergoop!,Skincare,42.0,premium,4.4389,262,21531,262,262,4.44,226.0,17.0,19.0,86.26,6.49,7.25,184.0,42.0,17.0,5.0,14.0,5,10,Loved Product
P484067,Evercalm Barrier Support Face Oil,REN Clean Skincare,Skincare,60.0,luxury,4.8391,261,8281,262,262,4.84,259.0,2.0,1.0,98.85,0.76,0.38,225.0,34.0,2.0,0.0,1.0,5,10,Loved Product
P433143,Outsmart Acne Clarifying Treatment,Murad,Skincare,49.0,premium,4.1923,260,10030,260,258,4.19,206.0,16.0,38.0,79.23,6.15,14.62,163.0,43.0,16.0,17.0,21.0,5,10,Normal Review Profile
P417867,The Silk Cream,Tatcha,Skincare,125.0,luxury,4.1885,260,44847,260,260,4.19,204.0,19.0,37.0,78.46,7.31,14.23,165.0,39.0,19.0,14.0,23.0,5,9,Normal Review Profile
P501781,Instant Pore Perfector,Peace Out,Skincare,28.0,mid,4.5843,255,11314,260,260,4.58,233.0,13.0,14.0,89.62,5.0,5.38,203.0,30.0,13.0,3.0,11.0,5,10,Loved Product
P464235,Inflam-Aging Night Repair Treatment,Dr. Zenovia Skincare,Skincare,72.0,luxury,4.4769,260,1478,260,260,4.48,237.0,18.0,5.0,91.15,6.92,1.92,153.0,84.0,18.0,4.0,1.0,5,10,Loved Product
P462891,GinZing Into the Glow Brightening Serum,Origins,Skincare,46.0,premium,4.5328,259,25211,259,259,4.53,230.0,17.0,12.0,88.8,6.56,4.63,183.0,47.0,17.0,8.0,4.0,5,10,Loved Product
P503747,Take The Day Off Charcoal Cleansing Balm Makeup Remover,CLINIQUE,Skincare,38.0,premium,4.5521,259,2618,259,258,4.55,243.0,11.0,5.0,93.82,4.25,1.93,166.0,77.0,11.0,3.0,2.0,5,9,Loved Product
P500716,10 Day Results Kit,Algenist,Skincare,88.0,luxury,4.8023,258,3206,258,258,4.8,253.0,3.0,2.0,98.06,1.16,0.78,215.0,38.0,3.0,1.0,1.0,5,7,Loved Product
P461667,Mini GO OFF Makeup Dissolving Mist,ONE/SIZE by Patrick Starrr,Skincare,18.0,budget,4.168,256,9362,257,255,4.17,203.0,12.0,42.0,78.99,4.67,16.34,168.0,35.0,12.0,14.0,28.0,5,10,Normal Review Profile
P480629,Dark Spots Serum,Peace Out,Skincare,29.0,mid,4.2262,252,7931,257,257,4.22,211.0,17.0,29.0,82.1,6.61,11.28,148.0,63.0,17.0,12.0,17.0,5,10,Normal Review Profile
P483708,Mini Essential Comfort Firming Cream,Sulwhasoo,Skincare,28.0,mid,4.5019,257,3008,257,257,4.5,226.0,18.0,13.0,87.94,7.0,5.06,180.0,46.0,18.0,6.0,7.0,5,10,Loved Product
P483692,Essential Comfort Firming Cream,Sulwhasoo,Skincare,120.0,luxury,4.5019,257,2534,257,257,4.5,226.0,18.0,13.0,87.94,7.0,5.06,180.0,46.0,18.0,6.0,7.0,5,10,Loved Product
P442752,"""Buffet"" + Copper Peptides 1%",The Ordinary,Skincare,30.9,mid,4.1804,255,91079,255,255,4.18,201.0,15.0,39.0,78.82,5.88,15.29,162.0,39.0,15.0,16.0,23.0,5,9,Normal Review Profile
P478731,Lactic Acid AHA Exfoliating Serum,Shani Darden Skin Care,Skincare,88.0,luxury,4.6299,254,9772,255,255,4.63,238.0,8.0,9.0,93.33,3.14,3.53,189.0,49.0,8.0,7.0,2.0,5,10,Loved Product
P467973,Intensive Eye Renewal Cream with Firming Peptides,Shani Darden Skin Care,Skincare,68.0,luxury,4.2087,254,12224,254,254,4.21,200.0,24.0,30.0,78.74,9.45,11.81,153.0,47.0,24.0,14.0,16.0,5,10,Normal Review Profile
P38217,Renewing Cleansing Cream,Murad,Skincare,45.0,premium,4.4646,254,7682,254,249,4.46,223.0,12.0,19.0,87.8,4.72,7.48,182.0,41.0,12.0,5.0,14.0,5,11,Loved Product
P107306,Renewing Eye Cream,Murad,Skincare,89.0,luxury,4.0316,253,13212,253,248,4.03,191.0,16.0,46.0,75.49,6.32,18.18,143.0,48.0,16.0,19.0,27.0,5,12,Normal Review Profile
P91627362,GO OFF Makeup Dissolving Mist,ONE/SIZE by Patrick Starrr,Skincare,24.0,budget,4.1746,252,18322,253,252,4.18,200.0,12.0,41.0,79.05,4.74,16.21,166.0,34.0,12.0,14.0,27.0,5,10,Normal Review Profile
P447785,Eye Cream,Dr. Barbara Sturm,Skincare,145.0,luxury,3.8221,253,4529,253,253,3.82,164.0,62.0,27.0,64.82,24.51,10.67,80.0,84.0,62.0,18.0,9.0,5,10,Normal Review Profile
P481096,Nova 15% Vitamin C + Turmeric Brightening Serum,Herbivore,Skincare,65.0,luxury,4.504,252,24635,253,253,4.49,215.0,25.0,13.0,84.98,9.88,5.14,184.0,31.0,25.0,5.0,8.0,5,10,Normal Review Profile
P471039,Pimple Paste Overnight Blemish Drying Paste,iNNBEAUTY PROJECT,Skincare,17.0,budget,4.1673,251,23827,252,252,4.17,199.0,14.0,39.0,78.97,5.56,15.48,160.0,39.0,14.0,13.0,26.0,5,10,Normal Review Profile
P501190,Vitamin C Lactic Dewy Deep Cream,Dr. Dennis Gross Skincare,Skincare,75.0,luxury,4.8008,251,10107,252,252,4.79,239.0,10.0,3.0,94.84,3.97,1.19,217.0,22.0,10.0,2.0,1.0,5,10,Loved Product
P501243,GOOPGLOW Exfoliating Dark Spot Sleep Serum,goop,Skincare,98.0,luxury,4.0598,251,2143,251,251,4.06,189.0,47.0,15.0,75.3,18.73,5.98,98.0,91.0,47.0,9.0,6.0,4,8,Normal Review Profile
P458546,Set The Stage Hydrating Primer Serum,LAWLESS,Skincare,32.0,mid,4.5976,251,12625,251,251,4.6,231.0,7.0,13.0,92.03,2.79,5.18,191.0,40.0,7.0,5.0,8.0,5,10,Loved Product
P420143,Clarifying AHA + BHA Mask,Tata Harper,Skincare,75.0,luxury,3.916,250,16958,250,250,3.92,173.0,30.0,47.0,69.2,12.0,18.8,130.0,43.0,30.0,20.0,27.0,5,10,Normal Review Profile
P504028,Multi-Peptide Eye Serum,The Ordinary,Skincare,25.0,budget,3.9714,210,11059,249,249,3.99,182.0,51.0,16.0,73.09,20.48,6.43,84.0,98.0,51.0,12.0,4.0,5,10,Normal Review Profile
P500098,Makeup Melting Balm Cleanser,Community Sixty-Six,Skincare,16.0,budget,3.4032,248,1308,248,248,3.4,125.0,67.0,56.0,50.4,27.02,22.58,53.0,72.0,67.0,34.0,22.0,5,9,High Complaint Risk
P435975,Mini Charlotte's Magic Cream,Charlotte Tilbury,Skincare,30.0,mid,3.6585,246,62966,247,246,3.66,150.0,39.0,58.0,60.73,15.79,23.48,99.0,51.0,39.0,30.0,28.0,5,9,High Complaint Risk
P442753,Argireline Solution 10%,The Ordinary,Skincare,9.4,budget,4.1984,247,85389,247,247,4.2,196.0,17.0,34.0,79.35,6.88,13.77,159.0,37.0,17.0,9.0,25.0,5,9,Normal Review Profile
P405826,Raw Beauty Skin & Energy Green Superfood Powder,HUM Nutrition,Skincare,39.0,premium,4.1903,247,11891,247,245,4.19,190.0,25.0,32.0,76.92,10.12,12.96,157.0,33.0,25.0,11.0,21.0,5,8,Normal Review Profile
P474824,Advanced Retinol + Ferulic Overnight Wrinkle Treatment,Dr. Dennis Gross Skincare,Skincare,87.0,luxury,4.7287,247,15061,247,247,4.73,237.0,4.0,6.0,95.95,1.62,2.43,200.0,37.0,4.0,2.0,4.0,5,10,Loved Product
P483658,Mineral Sunscreen Zinc Oxide Broad Spectrum SPF 30,First Aid Beauty,Skincare,28.0,mid,4.4878,246,9664,246,246,4.49,221.0,11.0,14.0,89.84,4.47,5.69,166.0,55.0,11.0,7.0,7.0,5,9,Loved Product
P442757,"""B"" Oil",The Ordinary,Skincare,11.1,budget,4.2286,245,49358,245,245,4.23,194.0,15.0,36.0,79.18,6.12,14.69,158.0,36.0,15.0,21.0,15.0,4,10,Normal Review Profile
P379907,Advanced Anti-Aging Repairing Oil,Algenist,Skincare,82.0,luxury,4.4531,245,10676,245,244,4.45,213.0,7.0,25.0,86.94,2.86,10.2,182.0,31.0,7.0,11.0,14.0,5,6,Loved Product
P469530,Blemish Balm Cleanser,Peace Out,Skincare,22.0,budget,4.5597,243,16182,245,245,4.56,221.0,10.0,14.0,90.2,4.08,5.71,183.0,38.0,10.0,6.0,8.0,5,10,Loved Product
P480160,Premier Cru Anti Aging Cream Moisturizer with Hyaluronic Acid,Caudalie,Skincare,129.0,luxury,4.6379,243,20963,245,245,4.64,226.0,10.0,9.0,92.24,4.08,3.67,191.0,35.0,10.0,3.0,6.0,5,10,Loved Product
P417984,Moisture Surge Hydrating Supercharged Concentrate,CLINIQUE,Skincare,44.0,premium,4.0246,244,19480,244,244,4.02,182.0,20.0,42.0,74.59,8.2,17.21,136.0,46.0,20.0,16.0,26.0,5,10,Normal Review Profile
P455899,Marine Hyaluronics,The Ordinary,Skincare,8.9,budget,4.209,244,43421,244,244,4.21,190.0,23.0,31.0,77.87,9.43,12.7,154.0,36.0,23.0,13.0,18.0,4,10,Normal Review Profile
P500114,Retinol Resurfacing Night Moisturizer,Community Sixty-Six,Skincare,35.0,mid,4.0658,243,1442,243,243,4.07,182.0,48.0,13.0,74.9,19.75,5.35,93.0,89.0,48.0,10.0,3.0,5,9,Normal Review Profile
P473725,Resurfacing Peel Mask,SEPHORA COLLECTION,Skincare,18.0,budget,4.8299,241,20307,243,243,4.81,235.0,5.0,3.0,96.71,2.06,1.23,211.0,24.0,5.0,0.0,3.0,5,9,Loved Product
P442850,Redness Recovery+ Antioxidant Redness Treatment Overnight Mask,Skinfix,Skincare,52.0,premium,4.1577,241,19905,242,242,4.16,189.0,24.0,29.0,78.1,9.92,11.98,136.0,53.0,24.0,14.0,15.0,4,9,Normal Review Profile
P433453,LUNA fofo,FOREO,Skincare,89.0,luxury,2.888,241,9822,241,241,2.89,106.0,18.0,117.0,43.98,7.47,48.55,67.0,39.0,18.0,34.0,83.0,5,12,High Complaint Risk
P379711,Rejuvenating Anti-Aging Serum,Tata Harper,Skincare,146.0,luxury,3.4232,241,7907,241,240,3.42,131.0,26.0,84.0,54.36,10.79,34.85,109.0,22.0,26.0,30.0,54.0,5,9,High Complaint Risk
P400205,Orchid Antioxidant Beauty Face Oil - For Combination Skin,Herbivore,Skincare,74.0,luxury,4.3527,241,26322,241,241,4.35,193.0,20.0,28.0,80.08,8.3,11.62,173.0,20.0,20.0,16.0,12.0,5,8,Normal Review Profile
P500094,Hydrating Oil-Free Gel Moisturizer,Community Sixty-Six,Skincare,25.0,budget,4.1245,241,1039,241,241,4.12,185.0,40.0,16.0,76.76,16.6,6.64,103.0,82.0,40.0,15.0,1.0,5,9,Normal Review Profile
P472057,Vegan Makeup Remover and Cleansing Brush,SEPHORA COLLECTION,Skincare,14.0,budget,4.3651,241,19958,241,241,4.37,195.0,34.0,12.0,80.91,14.11,4.98,150.0,45.0,34.0,8.0,4.0,5,9,Normal Review Profile
P462339,Vitamin Enriched Eye Base,Bobbi Brown,Skincare,58.0,premium,4.639,241,24532,241,241,4.64,219.0,11.0,11.0,90.87,4.56,4.56,190.0,29.0,11.0,8.0,3.0,4,10,Loved Product
P503992,Chia + Moringa Algae Enzyme Cleansing Oil,MARA,Skincare,58.0,premium,4.8839,224,4444,241,241,4.88,238.0,1.0,2.0,98.76,0.41,0.83,217.0,21.0,1.0,2.0,0.0,5,7,Loved Product
P471227,Vinoperfect Brightening Glycolic Night Cream,Caudalie,Skincare,69.0,luxury,4.4667,240,14020,240,240,4.47,206.0,18.0,16.0,85.83,7.5,6.67,171.0,35.0,18.0,7.0,9.0,5,10,Loved Product
P503197,Juneberry & Collagen Hydrating Cold Cream Cleanser,alpyn beauty,Skincare,39.0,premium,4.895,238,5754,240,240,4.88,235.0,2.0,3.0,97.92,0.83,1.25,221.0,14.0,2.0,1.0,2.0,5,8,Loved Product
P429662,pores no more Vacuum Cleaner Pore Purifying Mask,Dr. Brandt Skincare,Skincare,44.0,premium,3.887,239,16237,239,239,3.89,172.0,26.0,41.0,71.97,10.88,17.15,104.0,68.0,26.0,18.0,23.0,5,10,Normal Review Profile
P398761,Alpha Beta Ultra Gentle Daily Peel Pads for Sensitive Skin,Dr. Dennis Gross Skincare,Skincare,20.0,budget,4.3389,239,23751,239,239,4.34,202.0,9.0,28.0,84.52,3.77,11.72,167.0,35.0,9.0,7.0,21.0,5,10,Normal Review Profile
P296415,Overnight Restorative Cream,Algenist,Skincare,94.0,luxury,4.3808,239,10578,239,236,4.38,199.0,16.0,24.0,83.26,6.69,10.04,166.0,33.0,16.0,13.0,11.0,5,8,Normal Review Profile
P457442,Face Serum,SEPHORA COLLECTION,Skincare,9.0,budget,3.3235,238,41657,238,238,3.32,127.0,38.0,73.0,53.36,15.97,30.67,63.0,64.0,38.0,33.0,40.0,5,10,High Complaint Risk
P232327,Broad Spectrum SPF 50 Sunscreen Face Cream,CLINIQUE,Skincare,30.0,mid,3.9706,238,16286,238,235,3.97,176.0,21.0,41.0,73.95,8.82,17.23,121.0,55.0,21.0,16.0,25.0,5,9,Normal Review Profile
P427405,Matrixyl* 10% + HA,The Ordinary,Skincare,10.5,budget,4.3165,237,83357,238,238,4.32,195.0,18.0,25.0,81.93,7.56,10.5,156.0,39.0,18.0,13.0,12.0,4,10,Normal Review Profile
P458724,Metal Facial Razor,SEPHORA COLLECTION,Skincare,18.0,budget,4.4726,237,38239,238,238,4.47,207.0,10.0,21.0,86.97,4.2,8.82,180.0,27.0,10.0,6.0,15.0,5,10,Loved Product
P469519,RESIST Advanced Replenishing Toner with Hyaluronic Acid,Paula's Choice,Skincare,26.0,mid,4.73,237,37158,238,238,4.73,224.0,7.0,7.0,94.12,2.94,2.94,199.0,25.0,7.0,3.0,4.0,5,9,Loved Product
P462829,Squalane + Elderberry Nourishing Jelly Cleanser,Biossance,Skincare,28.0,mid,3.6441,236,21228,237,237,3.64,146.0,26.0,65.0,61.6,10.97,27.43,102.0,44.0,26.0,34.0,31.0,5,10,High Complaint Risk
P6028,Gentle Buffing Cream,Caudalie,Skincare,35.0,mid,4.3051,236,8817,236,224,4.31,196.0,14.0,26.0,83.05,5.93,11.02,148.0,48.0,14.0,16.0,10.0,5,9,Normal Review Profile
P501169,Vitamin C Lactic 15% Firm & Bright Serum,Dr. Dennis Gross Skincare,Skincare,85.0,luxury,4.556,232,24244,234,234,4.53,205.0,10.0,19.0,87.61,4.27,8.12,183.0,22.0,10.0,7.0,12.0,5,10,Loved Product
P503867,Retinol Firming Cream Treatment with Peptides + Hyaluronic Acid,LANEIGE,Skincare,39.0,premium,4.5728,213,8178,234,234,4.58,222.0,11.0,1.0,94.87,4.7,0.43,150.0,72.0,11.0,0.0,1.0,5,6,Loved Product
P433973,Get Even Cold-Pressed Peel Pads,Naturally Serious,Skincare,32.0,mid,4.7217,230,8129,230,230,4.72,217.0,6.0,7.0,94.35,2.61,3.04,188.0,29.0,6.0,5.0,2.0,5,10,Loved Product
P474326,Pink Cloud Soft Moisture Cream,Herbivore,Skincare,46.0,premium,3.786,229,10870,229,229,3.79,147.0,20.0,62.0,64.19,8.73,27.07,130.0,17.0,20.0,27.0,35.0,5,10,High Complaint Risk
P392945,GENIUS Ultimate Anti-Aging Vitamin C+ Serum,Algenist,Skincare,118.0,luxury,3.9825,229,10068,229,229,3.98,166.0,18.0,45.0,72.49,7.86,19.65,129.0,37.0,18.0,20.0,25.0,5,8,Normal Review Profile
P461935,BEAR Facial Toning Device,FOREO,Skincare,329.0,luxury,4.4236,229,11753,229,229,4.42,201.0,10.0,18.0,87.77,4.37,7.86,154.0,47.0,10.0,7.0,11.0,5,9,Loved Product
P503827,Midnight Ritual Retinol Renewal Serum,Summer Fridays,Skincare,69.0,luxury,4.7588,228,14766,229,229,4.75,218.0,3.0,8.0,95.2,1.31,3.49,197.0,21.0,3.0,2.0,6.0,5,9,Loved Product
P481748,Bright Start Vitamin C Antioxidant Brightening Moisturizer,TULA Skincare,Skincare,56.0,premium,4.4061,229,6166,229,229,4.41,205.0,22.0,2.0,89.52,9.61,0.87,121.0,84.0,22.0,0.0,2.0,5,10,Loved Product
P481367,Isle Lip Balm SPF 30 with Sea Moss and Aloe Stem Cells,CAY SKIN,Skincare,14.0,budget,4.0814,221,23148,228,221,4.07,163.0,30.0,35.0,71.49,13.16,15.35,130.0,33.0,30.0,22.0,13.0,5,9,Normal Review Profile
P442759,Amino Acids + B5,The Ordinary,Skincare,8.9,budget,4.4123,228,55852,228,228,4.41,198.0,7.0,23.0,86.84,3.07,10.09,163.0,35.0,7.0,7.0,16.0,5,10,Loved Product
P405944,Ultra Sun Protection Lotion Broad Spectrum SPF 50+ WetForce for Sensitive Skin & Children,Shiseido,Skincare,42.0,premium,3.1858,226,12724,227,227,3.18,113.0,24.0,90.0,49.78,10.57,39.65,78.0,35.0,24.0,29.0,61.0,5,9,High Complaint Risk
P443837,Kaolin Mask,The INKEY List,Skincare,7.49,budget,4.3084,227,30744,227,227,4.31,187.0,23.0,17.0,82.38,10.13,7.49,129.0,58.0,23.0,15.0,2.0,5,9,Normal Review Profile
P422257,Midnight Recovery Botanical Cleansing Oil,Kiehl's Since 1851,Skincare,35.0,mid,4.2844,225,24814,226,225,4.29,179.0,22.0,25.0,79.2,9.73,11.06,147.0,32.0,22.0,15.0,10.0,5,9,Normal Review Profile
P122876,Clarifying Lotion 4,CLINIQUE,Skincare,20.0,budget,4.385,226,5508,226,222,4.38,193.0,17.0,16.0,85.4,7.52,7.08,146.0,47.0,17.0,6.0,10.0,5,8,Loved Product
P500039,The Neck Serum - With 5 Peptides | 9% Peptide Blend,Nécessaire,Skincare,60.0,luxury,4.6903,226,21558,226,225,4.69,210.0,9.0,7.0,92.92,3.98,3.1,182.0,28.0,9.0,4.0,3.0,5,10,Loved Product
P468396,PLANTSCRIPTION Multi-powered Anti-Aging Peptide Serum,Origins,Skincare,61.0,luxury,4.4356,225,3806,226,226,4.44,197.0,22.0,7.0,87.17,9.73,3.1,138.0,59.0,22.0,4.0,3.0,4,9,Loved Product
P423135,Super Rich Repair Moisturizer,Dermalogica,Skincare,94.0,luxury,4.6593,226,7054,226,226,4.66,210.0,13.0,3.0,92.92,5.75,1.33,168.0,42.0,13.0,3.0,0.0,5,9,Loved Product
P477492,Triple Vitamin C Brightening Bounce Cream Moisturizer,alpyn beauty,Skincare,49.0,premium,4.5422,225,7730,225,225,4.54,205.0,8.0,12.0,91.11,3.56,5.33,158.0,47.0,8.0,8.0,4.0,5,9,Loved Product
P483127,Retinol Remix 1% Retinol Treatment With Peptide & Tranexamic Acid,iNNBEAUTY PROJECT,Skincare,48.0,premium,4.7545,224,13387,225,225,4.76,216.0,5.0,4.0,96.0,2.22,1.78,185.0,31.0,5.0,2.0,2.0,5,10,Loved Product
P270543,Hydrating Face Cream Moisturizer,Bobbi Brown,Skincare,66.0,luxury,4.2188,224,14373,224,222,4.22,176.0,21.0,27.0,78.57,9.38,12.05,138.0,38.0,21.0,13.0,14.0,5,11,Normal Review Profile
P469862,Rich Bitch Cactus + Vitamin C Moisturizer,Freck Beauty,Skincare,34.0,mid,4.3784,222,17528,223,223,4.38,188.0,14.0,21.0,84.3,6.28,9.42,151.0,37.0,14.0,11.0,10.0,5,10,Normal Review Profile
P440937,Cannabis Sativa Seed Oil Herbal Concentrate (Hemp-Derived),Kiehl's Since 1851,Skincare,55.0,premium,4.1396,222,17721,222,222,4.14,170.0,17.0,35.0,76.58,7.66,15.77,144.0,26.0,17.0,9.0,26.0,5,9,Normal Review Profile
P503690,Water Drench Hyaluronic Cloud Rich Barrier Moisturizer,Peter Thomas Roth,Skincare,58.0,premium,4.7489,219,2975,222,222,4.75,209.0,6.0,7.0,94.14,2.7,3.15,191.0,18.0,6.0,3.0,4.0,5,9,Loved Product
P282935,Regenerative Anti-Aging Moisturizer,Algenist,Skincare,94.0,luxury,4.2715,221,6807,221,215,4.27,179.0,13.0,29.0,81.0,5.88,13.12,148.0,31.0,13.0,12.0,17.0,5,6,Normal Review Profile
P475932,Milk Marvel Dark Spot Serum with Niacinamide and Vitamin C,EADEM,Skincare,68.0,luxury,4.4791,215,15740,221,221,4.43,189.0,6.0,26.0,85.52,2.71,11.76,167.0,22.0,6.0,13.0,13.0,5,10,Loved Product
P474971,Daily Blemish Repairing Moisturizer,Peace Out,Skincare,28.0,mid,4.2624,221,8255,221,221,4.26,183.0,14.0,24.0,82.81,6.33,10.86,134.0,49.0,14.0,10.0,14.0,5,10,Normal Review Profile
P232902,Gentle Daily Wash,Kate Somerville,Skincare,44.0,premium,4.1909,220,7501,220,215,4.19,174.0,15.0,31.0,79.09,6.82,14.09,136.0,38.0,15.0,14.0,17.0,5,10,Normal Review Profile
P453713,Collagen POP + Vitamin C Dissolvable Tablets,HUM Nutrition,Skincare,12.0,budget,4.3455,220,5372,220,220,4.35,187.0,14.0,19.0,85.0,6.36,8.64,142.0,45.0,14.0,5.0,14.0,5,9,Loved Product
P479353,Hyaluronic Acid Cleanser,The INKEY List,Skincare,10.99,budget,4.1735,219,18857,220,220,4.16,170.0,33.0,17.0,77.27,15.0,7.73,113.0,57.0,33.0,6.0,11.0,5,10,Normal Review Profile
P469511,CLINICAL Niacinamide 20% Treatment,Paula's Choice,Skincare,52.0,premium,4.5318,220,36209,220,220,4.53,194.0,13.0,13.0,88.18,5.91,5.91,162.0,32.0,13.0,7.0,6.0,5,11,Loved Product
P428240,Calm Water Gel Moisturizer,Dermalogica,Skincare,55.0,premium,4.3562,219,8686,219,219,4.36,188.0,17.0,14.0,85.84,7.76,6.39,129.0,59.0,17.0,8.0,6.0,5,10,Loved Product
P479352,The Texture Tonic AHA Liquid Exfoliating Treatment,Tatcha,Skincare,62.0,luxury,4.6484,219,30103,219,219,4.65,205.0,4.0,10.0,93.61,1.83,4.57,171.0,34.0,4.0,5.0,5.0,5,10,Loved Product
P500244,FIRMx Collagen Face & Eye Hydra-Gel Patches,Peter Thomas Roth,Skincare,65.0,luxury,4.6912,217,16592,218,218,4.69,203.0,9.0,6.0,93.12,4.13,2.75,174.0,29.0,9.0,3.0,3.0,5,9,Loved Product
P474325,Aquarius Pore Purifying BHA Cream,Herbivore,Skincare,46.0,premium,4.287,216,16279,216,216,4.29,174.0,12.0,30.0,80.56,5.56,13.89,150.0,24.0,12.0,14.0,16.0,5,8,Normal Review Profile
P482529,Micro Essence Treatment Lotion with Bio-Ferment,Estée Lauder,Skincare,130.0,luxury,4.0556,216,1834,216,216,4.06,158.0,43.0,15.0,73.15,19.91,6.94,88.0,70.0,43.0,12.0,3.0,5,9,Normal Review Profile
P481335,Brightening Saffron Serum - Radiant Rani,RANAVAT,Skincare,135.0,luxury,4.7824,216,7269,216,216,4.78,205.0,4.0,7.0,94.91,1.85,3.24,189.0,16.0,4.0,5.0,2.0,5,9,Loved Product
P469507,10% Azelaic Acid Booster,Paula's Choice,Skincare,39.0,premium,4.7535,215,42037,216,216,4.75,202.0,8.0,6.0,93.52,3.7,2.78,185.0,17.0,8.0,4.0,2.0,5,10,Loved Product
P501213,Squalane + Retinol Night Serum,Biossance,Skincare,72.0,luxury,4.4742,213,12007,216,216,4.47,199.0,12.0,5.0,92.13,5.56,2.31,125.0,74.0,12.0,3.0,2.0,5,6,Loved Product
P407387,Beauty zzZz Sleep Support Supplement with Melatonin,HUM Nutrition,Skincare,10.0,budget,4.1542,214,14123,215,215,4.15,168.0,14.0,33.0,78.14,6.51,15.35,130.0,38.0,14.0,16.0,17.0,5,10,Normal Review Profile
P432831,Plump Jelly Hyaluronic Serum,Moon Juice,Skincare,58.0,premium,4.2605,215,12648,215,215,4.26,170.0,13.0,32.0,79.07,6.05,14.88,146.0,24.0,13.0,19.0,13.0,5,10,Normal Review Profile
P476028,Heavenly Sixteen All-In-One Face Oil,Summer Fridays,Skincare,55.0,premium,4.4507,213,46744,214,214,4.45,182.0,12.0,20.0,85.05,5.61,9.35,161.0,21.0,12.0,8.0,12.0,5,10,Loved Product
P480284,Premier Cru Anti-Aging Serum with Niacinamide and Hyaluronic Acid,Caudalie,Skincare,139.0,luxury,4.75,212,12449,212,212,4.75,203.0,8.0,1.0,95.75,3.77,0.47,169.0,34.0,8.0,1.0,0.0,5,10,Loved Product
P386739,Restorative Plumping + Brightening Eye Cream,Tata Harper,Skincare,130.0,luxury,4.11,209,12946,210,210,4.1,159.0,16.0,35.0,75.71,7.62,16.67,120.0,39.0,16.0,21.0,14.0,5,10,Normal Review Profile
P500112,N°41 Facial Sunscreen Mist with SPF 41,HABIT,Skincare,30.0,mid,4.4904,208,9474,209,209,4.49,182.0,5.0,22.0,87.08,2.39,10.53,164.0,18.0,5.0,9.0,13.0,5,10,Loved Product
P471033,CLOUD JELLY Plumping Hydration Serum,Herbivore,Skincare,50.0,premium,4.3876,209,19480,209,209,4.39,177.0,16.0,16.0,84.69,7.66,7.66,136.0,41.0,16.0,9.0,7.0,5,9,Normal Review Profile
P504644,"Personalized Cleanser, SPF Day Moisturizer, Night Cream Set",PROVEN Skincare,Skincare,169.99,luxury,4.3397,209,1660,209,209,4.34,170.0,23.0,16.0,81.34,11.0,7.66,131.0,39.0,23.0,11.0,5.0,5,8,Normal Review Profile
P482552,The Clarifying Clay Mask Exfoliating Pore Treatment,Tatcha,Skincare,70.0,luxury,4.6316,209,46732,209,209,4.63,194.0,1.0,14.0,92.82,0.48,6.7,170.0,24.0,1.0,5.0,9.0,5,10,Loved Product
P469818,Cactus Water Cleansing Lactic Acid Toner,Freck Beauty,Skincare,32.0,mid,4.5311,209,10510,209,208,4.53,188.0,10.0,11.0,89.95,4.78,5.26,150.0,38.0,10.0,4.0,7.0,5,10,Loved Product
P500055,Active Algae Lightweight Moisturizer,KORA Organics,Skincare,48.0,premium,4.6763,207,5384,209,209,4.68,191.0,10.0,8.0,91.39,4.78,3.83,172.0,19.0,10.0,4.0,4.0,5,9,Loved Product
P385253,Dr. Andrew Weil For Origins Mega-Bright SPF 30 Skin Tone Correcting Oil-Free Moisturizer,Origins,Skincare,63.0,luxury,4.0966,207,18986,207,207,4.1,157.0,19.0,31.0,75.85,9.18,14.98,113.0,44.0,19.0,19.0,12.0,5,10,Normal Review Profile
P449541,Pure Vitality Skin Renewing Cream,Kiehl's Since 1851,Skincare,75.0,luxury,4.3301,206,5068,207,207,4.31,177.0,13.0,17.0,85.51,6.28,8.21,118.0,59.0,13.0,11.0,6.0,5,9,Loved Product
P448201,Benefiance Wrinkle Smoothing Day Cream SPF 23,Shiseido,Skincare,75.0,luxury,4.5121,207,18392,207,207,4.51,181.0,12.0,14.0,87.44,5.8,6.76,156.0,25.0,12.0,4.0,10.0,5,9,Loved Product
P474809,Blue Algae Vitamin C Skinclarity Brightening Serum,Algenist,Skincare,72.0,luxury,4.6087,207,6040,207,207,4.61,187.0,13.0,7.0,90.34,6.28,3.38,154.0,33.0,13.0,6.0,1.0,5,10,Loved Product
P455898,Pycnogenol 5%,The Ordinary,Skincare,11.1,budget,4.5243,206,55894,206,206,4.52,180.0,7.0,19.0,87.38,3.4,9.22,159.0,21.0,7.0,13.0,6.0,5,10,Loved Product
P471038,Glaze Lip Oil,iNNBEAUTY PROJECT,Skincare,17.0,budget,4.4293,205,41560,206,202,4.42,169.0,20.0,17.0,82.04,9.71,8.25,148.0,21.0,20.0,10.0,7.0,5,9,Normal Review Profile
P483136,Targeted Anti-Aging Bakuchiol Serum,SEPHORA COLLECTION,Skincare,20.0,budget,4.6,205,10653,206,206,4.6,194.0,5.0,7.0,94.17,2.43,3.4,147.0,47.0,5.0,2.0,5.0,5,10,Loved Product
P504043,Hydrabarrier Nourishing Face Oil,OLEHENRIKSEN,Skincare,58.0,premium,4.8186,204,14652,206,206,4.82,198.0,6.0,2.0,96.12,2.91,0.97,180.0,18.0,6.0,0.0,2.0,5,8,Loved Product
P420230,Pout Prep Lip Exfoliant,tarte,Skincare,16.0,budget,4.1024,205,23307,205,205,4.1,151.0,25.0,29.0,73.66,12.2,14.15,115.0,36.0,25.0,18.0,11.0,5,9,Normal Review Profile
P416552,POWER Recharging Night Pressed Serum,Algenist,Skincare,95.0,luxury,4.3854,205,10859,205,205,4.39,172.0,12.0,21.0,83.9,5.85,10.24,147.0,25.0,12.0,7.0,14.0,5,10,Normal Review Profile
P475084,Extra-Firming Energy + Radiance Boosting Moisturizer,Clarins,Skincare,93.0,luxury,4.3415,205,1758,205,205,4.34,176.0,22.0,7.0,85.85,10.73,3.41,109.0,67.0,22.0,4.0,3.0,5,9,Loved Product
P423134,MultiVitamin Power Firm Eye Cream,Dermalogica,Skincare,69.0,luxury,4.1724,203,8383,204,204,4.18,159.0,30.0,15.0,77.94,14.71,7.35,103.0,56.0,30.0,8.0,7.0,5,10,Normal Review Profile
P481354,Renewing Bakuchi Crème - Eternal Reign,RANAVAT,Skincare,95.0,luxury,4.3676,204,2168,204,204,4.37,172.0,20.0,12.0,84.31,9.8,5.88,127.0,45.0,20.0,4.0,8.0,5,9,Normal Review Profile
P501030,Radian-C Brightening Treatment Essence,LANEIGE,Skincare,39.0,premium,4.6995,203,10478,203,203,4.7,198.0,4.0,1.0,97.54,1.97,0.49,149.0,49.0,4.0,0.0,1.0,5,9,Loved Product
P438637,Bright Eyes Collagen-Infused Brightening Colloidal Silver Eye Masks,BeautyBio,Skincare,40.0,premium,4.0594,202,16264,202,202,4.06,156.0,14.0,32.0,77.23,6.93,15.84,114.0,42.0,14.0,8.0,24.0,5,10,Normal Review Profile
P455338,100% L-Ascorbic Acid Powder,The Ordinary,Skincare,6.4,budget,4.3317,202,65023,202,202,4.33,164.0,15.0,23.0,81.19,7.43,11.39,142.0,22.0,15.0,9.0,14.0,5,11,Normal Review Profile
P473729,Vitamin Mask,SEPHORA COLLECTION,Skincare,10.0,budget,4.4826,201,27165,201,201,4.48,171.0,15.0,15.0,85.07,7.46,7.46,149.0,22.0,15.0,8.0,7.0,5,10,Loved Product
P470040,Ultra Facial Oil-Free Gel Cream,Kiehl's Since 1851,Skincare,38.0,premium,4.4876,201,11677,201,201,4.49,177.0,11.0,13.0,88.06,5.47,6.47,139.0,38.0,11.0,9.0,4.0,4,10,Loved Product
P122651,Clarifying Lotion 1,CLINIQUE,Skincare,20.0,budget,4.515,200,7569,200,196,4.51,178.0,10.0,12.0,89.0,5.0,6.0,145.0,33.0,10.0,4.0,8.0,5,9,Loved Product
P505160,The Moisturizing Soft Cream Moisturizer,La Mer,Skincare,380.0,luxury,4.5146,103,295,200,200,4.48,176.0,14.0,10.0,88.0,7.0,5.0,132.0,44.0,14.0,8.0,2.0,5,8,Loved Product
P469520,RESIST Perfectly Balanced Foaming Cleanser,Paula's Choice,Skincare,22.0,budget,4.73,200,27344,200,200,4.73,188.0,7.0,5.0,94.0,3.5,2.5,164.0,24.0,7.0,4.0,1.0,5,10,Loved Product
P505139,Phyto Nature Oxygen Cream,Dermalogica,Skincare,125.0,luxury,4.8646,192,274,200,200,4.83,197.0,3.0,0.0,98.5,1.5,0.0,169.0,28.0,3.0,0.0,0.0,5,9,Loved Product
P476459,Forest Lungs Anti-Stress Fragrance Travel Spray,The Nue Co.,Skincare,30.0,mid,4.2042,191,4285,199,199,4.24,159.0,21.0,19.0,79.9,10.55,9.55,115.0,44.0,21.0,10.0,9.0,5,10,Normal Review Profile
P417241,The Renewal Oil,La Mer,Skincare,270.0,luxury,4.4256,195,14920,199,199,4.42,173.0,10.0,16.0,86.93,5.03,8.04,133.0,40.0,10.0,9.0,7.0,5,12,Loved Product
P423127,Ultracalming Cleanser,Dermalogica,Skincare,42.0,premium,4.4523,199,11814,199,199,4.45,176.0,13.0,10.0,88.44,6.53,5.03,128.0,48.0,13.0,5.0,5.0,5,10,Loved Product
P503250,Watch Ya Tone 5% Niacinamide Dark Spot Serum with Vitamin C,Fenty Skin,Skincare,42.0,premium,4.5829,199,25289,199,199,4.58,184.0,9.0,6.0,92.46,4.52,3.02,137.0,47.0,9.0,6.0,0.0,5,8,Loved Product
P432243,Blackhead Solutions Self-heating Blackhead Extractor,CLINIQUE,Skincare,32.0,mid,3.0859,198,33034,198,198,3.09,93.0,15.0,90.0,46.97,7.58,45.45,67.0,26.0,15.0,37.0,53.0,5,9,High Complaint Risk
P472023,Nomad’s Cream Purifying & Exfoliating AHA Cleanser,DAMDAM,Skincare,38.0,premium,4.7929,198,3446,198,198,4.79,194.0,2.0,2.0,97.98,1.01,1.01,164.0,30.0,2.0,1.0,1.0,5,9,Loved Product
P392607,24K Gold Mask Pure Luxury Lift & Firm,Peter Thomas Roth,Skincare,85.0,luxury,3.5,196,16676,197,197,3.49,111.0,24.0,62.0,56.35,12.18,31.47,80.0,31.0,24.0,29.0,33.0,5,10,High Complaint Risk
P482753,Protect + Glow Daily Sunscreen Gel Broad Spectrum SPF 30,TULA Skincare,Skincare,38.0,premium,4.4256,195,8977,197,197,4.43,170.0,17.0,10.0,86.29,8.63,5.08,125.0,45.0,17.0,6.0,4.0,5,10,Loved Product
P479722,Mandelic Acid Treatment,The INKEY List,Skincare,11.99,budget,4.4615,195,23101,197,197,4.46,171.0,17.0,9.0,86.8,8.63,4.57,132.0,39.0,17.0,2.0,7.0,5,10,Loved Product
P424989,THE BODY Illuminating Self-Tan Drops,TAN-LUXE,Skincare,60.0,luxury,4.1959,194,22970,196,195,4.19,155.0,11.0,30.0,79.08,5.61,15.31,124.0,31.0,11.0,14.0,16.0,5,8,Normal Review Profile
P473133,Fruit-Tox Resurfacing Facial Remedy,Naturally Serious,Skincare,27.0,mid,4.6,195,1467,196,196,4.6,178.0,8.0,10.0,90.82,4.08,5.1,153.0,25.0,8.0,3.0,7.0,5,13,Loved Product
P472025,Silk Rice Makeup-Removing Cleansing Oil,DAMDAM,Skincare,46.0,premium,4.7602,196,6564,196,196,4.76,187.0,5.0,4.0,95.41,2.55,2.04,163.0,24.0,5.0,3.0,1.0,5,10,Loved Product
P500420,The Light Cream,Augustinus Bader,Skincare,180.0,luxury,4.3196,194,1389,195,195,4.32,169.0,19.0,7.0,86.67,9.74,3.59,98.0,71.0,19.0,5.0,2.0,5,9,Loved Product
P421997,Calendula Herbal Extract Alcohol Free Toner,Kiehl's Since 1851,Skincare,47.0,premium,4.2216,194,37317,194,194,4.22,147.0,23.0,24.0,75.77,11.86,12.37,129.0,18.0,23.0,9.0,15.0,5,10,Normal Review Profile
P500329,Plump + Juicy Lip Booster Buttery Treatment,Kosas,Skincare,25.0,budget,4.2938,194,22688,194,194,4.29,159.0,12.0,23.0,81.96,6.19,11.86,126.0,33.0,12.0,12.0,11.0,5,9,Normal Review Profile
P416312,Gentle Foaming Face Wash,Skin Laundry,Skincare,20.0,budget,4.2526,194,7009,194,194,4.25,157.0,14.0,23.0,80.93,7.22,11.86,117.0,40.0,14.0,15.0,8.0,5,10,Normal Review Profile
P474329,Face Glaze Skin Barrier Protect & Glow Moisturizer,iNNBEAUTY PROJECT,Skincare,25.0,budget,4.6237,194,18465,194,194,4.62,179.0,5.0,10.0,92.27,2.58,5.15,150.0,29.0,5.0,6.0,4.0,5,9,Loved Product
P473172,Glow Daily Vitamin C Gel Cream,REN Clean Skincare,Skincare,54.0,premium,4.5825,194,6074,194,194,4.58,183.0,5.0,6.0,94.33,2.58,3.09,131.0,52.0,5.0,5.0,1.0,5,10,Loved Product
P480628,10% Niacinamide Booster,Paula's Choice,Skincare,49.0,premium,4.7526,194,9601,194,194,4.75,185.0,6.0,3.0,95.36,3.09,1.55,160.0,25.0,6.0,1.0,2.0,5,9,Loved Product
P470217,Liquid Sun Shield Daily Brightening Mineral Sunscreen SPF 50,Dr. Brandt Skincare,Skincare,67.0,luxury,4.2804,189,9171,193,193,4.26,157.0,12.0,24.0,81.35,6.22,12.44,120.0,37.0,12.0,14.0,10.0,5,10,Normal Review Profile
P455623,The ZenBubble Gel Cream,BeautyBio,Skincare,69.0,luxury,4.4063,192,5539,193,193,4.4,164.0,14.0,15.0,84.97,7.25,7.77,131.0,33.0,14.0,6.0,9.0,5,9,Normal Review Profile
P456194,Extra-Firming + Smoothing Neck & Décolleté Moisturizer,Clarins,Skincare,96.0,luxury,4.6528,193,8236,193,193,4.65,178.0,11.0,4.0,92.23,5.7,2.07,146.0,32.0,11.0,3.0,1.0,5,10,Loved Product
P417242,The Lip Balm,La Mer,Skincare,75.0,luxury,3.9323,192,28090,192,191,3.93,137.0,14.0,41.0,71.35,7.29,21.35,113.0,24.0,14.0,11.0,30.0,5,9,High Complaint Risk
P471009,Vinoperfect Brightening Glycolic Peel Mask,Caudalie,Skincare,42.0,premium,4.5365,192,19999,192,191,4.54,169.0,13.0,10.0,88.02,6.77,5.21,141.0,28.0,13.0,5.0,5.0,5,9,Loved Product
P432239,Buttermask Intense Repair Lip Treatment,Kiehl's Since 1851,Skincare,28.0,mid,4.0419,191,40755,191,191,4.04,139.0,19.0,33.0,72.77,9.95,17.28,110.0,29.0,19.0,16.0,17.0,5,10,Normal Review Profile
P482695,Water Bank Blue Hyaluronic Gel Moisturizer,LANEIGE,Skincare,40.0,premium,4.0473,169,15636,191,191,4.14,150.0,9.0,32.0,78.53,4.71,16.75,123.0,27.0,9.0,9.0,23.0,5,9,Normal Review Profile
P504171,Fruit Babies Bestsellers Kit,Glow Recipe,Skincare,34.0,mid,4.6339,183,57316,190,190,4.64,177.0,6.0,7.0,93.16,3.16,3.68,145.0,32.0,6.0,3.0,4.0,5,10,Loved Product
P504073,Ultralight Moisture-Boosting Botanical Oil,The Outset,Skincare,44.0,premium,4.836,189,1949,190,190,4.83,186.0,3.0,1.0,97.89,1.58,0.53,163.0,23.0,3.0,1.0,0.0,5,8,Loved Product
P448853,Mini SOS Daily Rescue Facial Spray,Tower 28 Beauty,Skincare,12.0,budget,3.9091,187,64871,189,189,3.9,128.0,18.0,43.0,67.72,9.52,22.75,108.0,20.0,18.0,21.0,22.0,5,9,High Complaint Risk
P429043,LUXE+ Advanced Sonic Dermaplaning + Peach Fuzz Removal,DERMAFLASH,Skincare,199.0,luxury,3.9735,189,37545,189,187,3.97,136.0,13.0,40.0,71.96,6.88,21.16,112.0,24.0,13.0,16.0,24.0,5,12,High Complaint Risk
P472455,Vinosource-Hydra SOS Hydrating Hyaluronic Acid Serum,Caudalie,Skincare,52.0,premium,4.6614,189,29046,189,189,4.66,172.0,6.0,11.0,91.01,3.17,5.82,156.0,16.0,6.0,8.0,3.0,5,9,Loved Product
P481145,Hydration Replenish Microencapsulated Plumping Gel Moisturizer,ROSE INC,Skincare,70.0,luxury,4.6561,189,5567,189,189,4.66,175.0,6.0,8.0,92.59,3.17,4.23,150.0,25.0,6.0,4.0,4.0,5,10,Loved Product
P431847,Glow Sweet Glow - Skin Hydration Vegan Gummies with Hyaluronic Acid & Vitamin C + E,HUM Nutrition,Skincare,26.0,mid,4.107,187,18297,188,188,4.11,141.0,18.0,29.0,75.0,9.57,15.43,115.0,26.0,18.0,11.0,18.0,5,10,Normal Review Profile
P422248,Rare Earth Deep Pore Daily Cleanser,Kiehl's Since 1851,Skincare,28.0,mid,4.2872,188,22813,188,187,4.29,148.0,17.0,23.0,78.72,9.04,12.23,131.0,17.0,17.0,9.0,14.0,5,9,Normal Review Profile
P500696,Eye Revival Brightening Eye Cream,ROSE INC,Skincare,55.0,premium,4.6915,188,7827,188,188,4.69,177.0,6.0,5.0,94.15,3.19,2.66,148.0,29.0,6.0,3.0,2.0,5,10,Loved Product
P483697,Firming Vegan Collagen Prep Serum,The Outset,Skincare,46.0,premium,4.6898,187,7728,188,188,4.69,178.0,7.0,3.0,94.68,3.72,1.6,145.0,33.0,7.0,1.0,2.0,5,10,Loved Product
P448934,Bye Bye Pores Leave-On Solution Pore-Refining Toner,IT Cosmetics,Skincare,34.0,mid,4.0481,187,25082,187,187,4.05,137.0,15.0,35.0,73.26,8.02,18.72,118.0,19.0,15.0,11.0,24.0,5,10,Normal Review Profile
P461522,Clean Charcoal Nose Strip,SEPHORA COLLECTION,Skincare,3.0,budget,3.0273,183,25388,186,186,2.99,84.0,22.0,80.0,45.16,11.83,43.01,60.0,24.0,22.0,15.0,65.0,5,9,High Complaint Risk
P467115,Facial Radiance Niacinamide Dark Spot Serum,First Aid Beauty,Skincare,42.0,premium,3.6559,186,27888,186,186,3.66,113.0,19.0,54.0,60.75,10.22,29.03,87.0,26.0,19.0,30.0,24.0,5,10,High Complaint Risk
P482260,Rice Drops Face Oil Hydrating Serum,DAMDAM,Skincare,68.0,luxury,4.8548,186,2203,186,186,4.85,183.0,3.0,0.0,98.39,1.61,0.0,162.0,21.0,3.0,0.0,0.0,5,9,Loved Product
P471541,Vinosource-Hydra Grape Water Gel Moisturizer,Caudalie,Skincare,45.0,premium,4.2432,185,7757,185,185,4.24,149.0,8.0,28.0,80.54,4.32,15.14,127.0,22.0,8.0,10.0,18.0,5,10,Normal Review Profile
P475201,24-7 Power Swipe Hydrating Day & Night Treatment Eye Balm,TULA Skincare,Skincare,38.0,premium,4.2595,185,7302,185,185,4.26,161.0,12.0,12.0,87.03,6.49,6.49,92.0,69.0,12.0,4.0,8.0,5,9,Loved Product
P501157,Vitamin C Lactic Firm & Bright Eye Treatment,Dr. Dennis Gross Skincare,Skincare,68.0,luxury,4.7459,185,12157,185,184,4.75,177.0,1.0,7.0,95.68,0.54,3.78,159.0,18.0,1.0,1.0,6.0,5,9,Loved Product
P503865,Bright & Tight Dark Circle Firming Eye Cream with Vitamin C & Peptides,iNNBEAUTY PROJECT,Skincare,34.0,mid,4.4176,182,15443,184,184,4.39,153.0,9.0,22.0,83.15,4.89,11.96,136.0,17.0,9.0,11.0,11.0,5,8,Normal Review Profile
P474068,Minty Mineral Hydration Face Mist with Aloe Vera,KORA Organics,Skincare,44.0,premium,4.5027,183,4877,184,184,4.51,168.0,6.0,10.0,91.3,3.26,5.43,124.0,44.0,6.0,5.0,5.0,5,10,Loved Product
P479319,Pre-Show Glow Instant Retexturizing 10% AHA Treatment + Reusable Applicator,Fenty Skin,Skincare,42.0,premium,4.4348,184,17786,184,184,4.43,163.0,11.0,10.0,88.59,5.98,5.43,117.0,46.0,11.0,4.0,6.0,5,10,Loved Product
P476010,Skin Resolution Clean Exfoliating Acid Toner,ROSE INC,Skincare,32.0,mid,4.6848,184,8679,184,184,4.68,171.0,7.0,6.0,92.93,3.8,3.26,147.0,24.0,7.0,4.0,2.0,5,9,Loved Product
P504315,Mini Skin Resolution Clarifying Acid Toner,ROSE INC,Skincare,15.0,budget,4.6848,184,1962,184,184,4.68,171.0,7.0,6.0,92.93,3.8,3.26,147.0,24.0,7.0,4.0,2.0,5,9,Loved Product
P448192,Mini Sugar Strawberry Exfoliating Face Wash,fresh,Skincare,15.0,budget,3.8956,182,25388,183,183,3.89,125.0,25.0,33.0,68.31,13.66,18.03,85.0,40.0,25.0,18.0,15.0,4,10,Normal Review Profile
P468211,Sunvisor Radiant Moisturizing Face Sunscreen SPF 35,Saie,Skincare,38.0,premium,4.0939,181,14842,183,181,4.1,131.0,25.0,27.0,71.58,13.66,14.75,112.0,19.0,25.0,13.0,14.0,4,10,Normal Review Profile
P504212,Berries n' Choco Kisses Set,LANEIGE,Skincare,26.0,mid,4.5954,173,71206,183,183,4.6,166.0,5.0,12.0,90.71,2.73,6.56,143.0,23.0,5.0,8.0,4.0,5,10,Loved Product
P504076,Exfoliating Revitalizing & Energizing Caffeine Micro Polish,The Outset,Skincare,34.0,mid,4.7705,183,933,183,183,4.77,175.0,5.0,3.0,95.63,2.73,1.64,153.0,22.0,5.0,2.0,1.0,5,8,Loved Product
P422011,Ultra Facial Toner,Kiehl's Since 1851,Skincare,24.0,budget,4.2637,182,27710,182,182,4.26,143.0,11.0,28.0,78.57,6.04,15.38,127.0,16.0,11.0,16.0,12.0,5,10,Normal Review Profile
P385632,"Great Skin, Great Deal Set for Dry Combination Skin",CLINIQUE,Skincare,32.5,mid,4.2143,182,29926,182,182,4.21,146.0,9.0,27.0,80.22,4.95,14.84,116.0,30.0,9.0,13.0,14.0,5,9,Normal Review Profile
P443369,Sound Sleep Cocoon Night Gel-Cream,Dermalogica,Skincare,89.0,luxury,4.1823,181,7619,181,178,4.18,147.0,13.0,21.0,81.22,7.18,11.6,99.0,48.0,13.0,10.0,11.0,5,8,Normal Review Profile
P403315,Gold Camellia Beauty Oil,Tatcha,Skincare,98.0,luxury,4.4751,181,47809,181,181,4.48,152.0,9.0,20.0,83.98,4.97,11.05,141.0,11.0,9.0,14.0,6.0,5,8,Normal Review Profile
P424986,THE BUTTER Illuminating Tanning Butter,TAN-LUXE,Skincare,38.0,premium,4.3425,181,17319,181,181,4.34,149.0,13.0,19.0,82.32,7.18,10.5,123.0,26.0,13.0,9.0,10.0,5,7,Normal Review Profile
P483453,Shave Starter Set,Hanni,Skincare,68.0,luxury,4.55,180,4292,181,175,4.55,158.0,8.0,15.0,87.29,4.42,8.29,144.0,14.0,8.0,9.0,6.0,5,9,Loved Product
P481336,Resurfacing Saffron AHA Masque - Radiant Rani,RANAVAT,Skincare,75.0,luxury,4.6298,181,4918,181,181,4.63,166.0,7.0,8.0,91.71,3.87,4.42,140.0,26.0,7.0,5.0,3.0,5,9,Loved Product
P472448,Glass & Gloss 2-Step Facial Retexturizing & Brightening Treatment,BeautyBio,Skincare,69.0,luxury,4.6354,181,4079,181,181,4.64,169.0,10.0,2.0,93.37,5.52,1.1,129.0,40.0,10.0,2.0,0.0,5,10,Loved Product
P432824,De-Puffing Jade Facial Roller,Mount Lai,Skincare,36.0,premium,3.8771,179,32471,179,179,3.88,125.0,13.0,41.0,69.83,7.26,22.91,95.0,30.0,13.0,19.0,22.0,5,9,High Complaint Risk
P465365,Puffy Under-Eye Patches,Peace Out,Skincare,25.0,budget,4.2599,177,28152,179,179,4.27,146.0,16.0,17.0,81.56,8.94,9.5,107.0,39.0,16.0,8.0,9.0,5,9,Normal Review Profile
P481142,PRO Strength Vitamin A/C/E Retinoid Treatment,Peter Thomas Roth,Skincare,65.0,luxury,4.7416,178,7915,178,178,4.74,169.0,7.0,2.0,94.94,3.93,1.12,143.0,26.0,7.0,2.0,0.0,5,10,Loved Product
P448932,+Retinol Vitamin C Moisturizer,Kate Somerville,Skincare,110.0,luxury,4.2938,177,11055,177,177,4.29,148.0,12.0,17.0,83.62,6.78,9.6,107.0,41.0,12.0,8.0,9.0,5,9,Normal Review Profile
P444216,After-Dark Natural Peptide Sleeping Cream,Naturally Serious,Skincare,37.0,premium,4.4407,177,6996,177,177,4.44,149.0,13.0,15.0,84.18,7.34,8.47,123.0,26.0,13.0,13.0,2.0,5,10,Normal Review Profile
P440981,Age Adapting CBD Serum,Flora + Bast,Skincare,77.0,luxury,4.6158,177,13007,177,177,4.62,155.0,9.0,13.0,87.57,5.08,7.34,149.0,6.0,9.0,8.0,5.0,5,10,Loved Product
P468813,Vinoclean Moisturizing Toner with Rose Water,Caudalie,Skincare,30.0,mid,4.3352,176,14957,176,176,4.34,148.0,7.0,21.0,84.09,3.98,11.93,124.0,24.0,7.0,5.0,16.0,5,9,Normal Review Profile
P469444,Vinoclean Gentle Cleansing Almond Milk,Caudalie,Skincare,30.0,mid,4.3523,176,10000,176,176,4.35,141.0,22.0,13.0,80.11,12.5,7.39,117.0,24.0,22.0,6.0,7.0,5,10,Normal Review Profile
P503657,Premier Cru Skin Barrier Rich Moisturizer with Bio-Ceramides,Caudalie,Skincare,129.0,luxury,4.5665,173,12606,176,176,4.57,157.0,9.0,10.0,89.2,5.11,5.68,135.0,22.0,9.0,5.0,5.0,5,10,Loved Product
P481363,Smoothing Facial Polish - Imperial Glow,RANAVAT,Skincare,45.0,premium,4.6364,176,3144,176,176,4.64,164.0,8.0,4.0,93.18,4.55,2.27,129.0,35.0,8.0,3.0,1.0,5,9,Loved Product
P503923,Super Nova 5% THD Vitamin C + Caffeine Brightening Eye Cream,Herbivore,Skincare,48.0,premium,4.6207,174,14229,176,176,4.61,165.0,8.0,3.0,93.75,4.55,1.7,122.0,43.0,8.0,3.0,0.0,5,8,Loved Product
P443834,Rosehip Nourishing Night Oil,The INKEY List,Skincare,11.99,budget,4.1029,175,34950,175,175,4.1,136.0,17.0,22.0,77.71,9.71,12.57,90.0,46.0,17.0,11.0,11.0,5,10,Normal Review Profile
P502852,NuFACE Mini+ Petite Facial Toning Device,NuFACE,Skincare,245.0,luxury,4.5314,175,11514,175,174,4.53,160.0,12.0,3.0,91.43,6.86,1.71,111.0,49.0,12.0,3.0,0.0,5,8,Loved Product
P4039,Perfecting Day Cream Broad Spectrum SPF 30 PA+++,Murad,Skincare,65.0,luxury,4.1724,174,7792,174,172,4.17,136.0,15.0,23.0,78.16,8.62,13.22,106.0,30.0,15.0,8.0,15.0,5,9,Normal Review Profile
P461491,Bright Repair Eye Cream – 10% Vitamin C,Saint Jane Beauty,Skincare,65.0,luxury,4.2948,173,7304,174,174,4.28,135.0,17.0,22.0,77.59,9.77,12.64,121.0,14.0,17.0,10.0,12.0,5,9,Normal Review Profile
P467748,Resveratrol Lift Firming Eye Gel-Cream,Caudalie,Skincare,62.0,luxury,4.3333,174,20074,174,174,4.33,140.0,16.0,18.0,80.46,9.2,10.34,116.0,24.0,16.0,12.0,6.0,5,9,Normal Review Profile
P440305,Goat Milk Moisturizing Cleanser,Kate Somerville,Skincare,44.0,premium,4.5575,174,16803,174,174,4.56,155.0,7.0,12.0,89.08,4.02,6.9,133.0,22.0,7.0,7.0,5.0,5,10,Loved Product
P450290,The Regenerating Serum,La Mer,Skincare,410.0,luxury,4.375,152,5356,174,174,4.4,147.0,17.0,10.0,84.48,9.77,5.75,114.0,33.0,17.0,3.0,7.0,5,10,Normal Review Profile
P424990,THE GRADUAL Illuminating Gradual Tan Lotion,TAN-LUXE,Skincare,34.0,mid,4.1111,171,23906,173,172,4.1,135.0,9.0,29.0,78.03,5.2,16.76,105.0,30.0,9.0,8.0,21.0,5,7,Normal Review Profile
P481371,Balancing Crème Cleanser - Luminous Ceremony,RANAVAT,Skincare,45.0,premium,4.4682,173,2102,173,173,4.47,148.0,21.0,4.0,85.55,12.14,2.31,112.0,36.0,21.0,2.0,2.0,5,9,Loved Product
P430812,Max Mineral Tinted Sunscreen Broad Spectrum SPF 45,Peter Thomas Roth,Skincare,38.0,premium,4.2035,172,17046,172,172,4.2,133.0,17.0,22.0,77.33,9.88,12.79,105.0,28.0,17.0,13.0,9.0,4,9,Normal Review Profile
P455339,Lactic Acid 5% + HA,The Ordinary,Skincare,7.8,budget,4.3081,172,74003,172,171,4.31,143.0,9.0,20.0,83.14,5.23,11.63,115.0,28.0,9.0,7.0,13.0,4,10,Normal Review Profile
P467749,Resveratrol Lift Retinol Alternative Firming Night Moisturizer,Caudalie,Skincare,72.0,luxury,4.407,172,13614,172,172,4.41,147.0,15.0,10.0,85.47,8.72,5.81,112.0,35.0,15.0,3.0,7.0,5,9,Loved Product
P476447,Debloat+ Anti-Bloat Supplement with Digestive Enzymes,The Nue Co.,Skincare,45.0,premium,4.2651,166,1867,172,172,4.29,141.0,23.0,8.0,81.98,13.37,4.65,92.0,49.0,23.0,5.0,3.0,5,9,Normal Review Profile
P468369,Hello Results Wrinkle-Reducing Daily Retinol Serum-in-Cream,IT Cosmetics,Skincare,69.0,luxury,4.4419,172,6989,172,172,4.44,156.0,10.0,6.0,90.7,5.81,3.49,101.0,55.0,10.0,3.0,3.0,5,9,Loved Product
P505158,Max Vitamin D-Fense Sunscreen Serum Broad Spectrum SPF 50,Peter Thomas Roth,Skincare,42.0,premium,4.8514,148,340,172,172,4.81,168.0,2.0,2.0,97.67,1.16,1.16,147.0,21.0,2.0,1.0,1.0,5,10,Loved Product
P402942,Silk Sleepmask,Slip,Skincare,50.0,premium,3.7778,171,45835,171,167,3.78,110.0,18.0,43.0,64.33,10.53,25.15,86.0,24.0,18.0,23.0,20.0,5,12,High Complaint Risk
P450583,Prism AHA + BHA Exfoliating Glow Serum,Herbivore,Skincare,54.0,premium,3.9532,171,31466,171,171,3.95,121.0,10.0,40.0,70.76,5.85,23.39,100.0,21.0,10.0,22.0,18.0,4,9,High Complaint Risk
P432818,Clean Smart Facial Cleansing Device,PMD,Skincare,99.0,luxury,3.9825,171,12284,171,171,3.98,122.0,13.0,36.0,71.35,7.6,21.05,102.0,20.0,13.0,16.0,20.0,5,10,High Complaint Risk
P461948,Super Multi-Corrective Anti-Aging Face and Neck Cream,Kiehl's Since 1851,Skincare,76.0,luxury,4.2824,170,9733,171,171,4.26,142.0,11.0,18.0,83.04,6.43,10.53,100.0,42.0,11.0,10.0,8.0,5,10,Normal Review Profile
P392144,Purifying Pore Detox Cleanser,Tata Harper,Skincare,88.0,luxury,4.2059,170,14771,170,170,4.21,132.0,17.0,21.0,77.65,10.0,12.35,106.0,26.0,17.0,9.0,12.0,5,10,Normal Review Profile
P462748,Mini Purifying Pore Detox Cleanser,Tata Harper,Skincare,46.0,premium,4.2059,170,3104,170,170,4.21,132.0,17.0,21.0,77.65,10.0,12.35,106.0,26.0,17.0,9.0,12.0,5,10,Normal Review Profile
P481348,Clinical 0.3% Retinol + 2% Bakuchiol Treatment,Paula's Choice,Skincare,62.0,luxury,4.8235,170,13939,170,170,4.82,165.0,3.0,2.0,97.06,1.76,1.18,148.0,17.0,3.0,1.0,1.0,5,8,Loved Product
P122767,All About Lips,CLINIQUE,Skincare,28.0,mid,4.0178,169,6581,169,165,4.02,126.0,18.0,25.0,74.56,10.65,14.79,87.0,39.0,18.0,9.0,16.0,5,9,Normal Review Profile
P471000,Algae Niacinamide Moisture Veil,Algenist,Skincare,65.0,luxury,4.6982,169,4845,169,169,4.7,160.0,5.0,4.0,94.67,2.96,2.37,133.0,27.0,5.0,2.0,2.0,5,10,Loved Product
P433971,Skin Warrior Moisture Rescue Cream,Naturally Serious,Skincare,35.0,mid,4.1905,168,3211,168,168,4.19,132.0,10.0,26.0,78.57,5.95,15.48,111.0,21.0,10.0,9.0,17.0,5,10,Normal Review Profile
P467250,Instant Reset Brightening Overnight Recovery Gel-Cream With Niacinamide + Kalahari Melon Oil,Fenty Skin,Skincare,45.0,premium,4.1988,166,35804,168,168,4.21,133.0,12.0,23.0,79.17,7.14,13.69,106.0,27.0,12.0,10.0,13.0,5,10,Normal Review Profile
P504240,Mini Instant Reset Brightening Overnight Recovery Gel-Cream With Niacinamide + Kalahari Melon Oil,Fenty Skin,Skincare,26.0,mid,4.1988,166,4881,168,168,4.21,133.0,12.0,23.0,79.17,7.14,13.69,106.0,27.0,12.0,10.0,13.0,5,10,Normal Review Profile
P504575,PRO ACV Healthy Gut Vegan Gummies with 100% Organic Apple Cider Vinegar and Probiotics,HUM Nutrition,Skincare,26.0,mid,4.6607,168,797,168,168,4.66,158.0,7.0,3.0,94.05,4.17,1.79,126.0,32.0,7.0,1.0,2.0,5,10,Loved Product
P440503,Lip Balm,Mario Badescu,Skincare,8.0,budget,4.2515,167,32609,167,167,4.25,134.0,10.0,23.0,80.24,5.99,13.77,114.0,20.0,10.0,7.0,16.0,5,10,Normal Review Profile
P455614,Creamy Bubbling Cleanser with Vitamin C & AHAs,alpyn beauty,Skincare,36.0,premium,4.3832,167,13297,167,167,4.38,139.0,7.0,21.0,83.23,4.19,12.57,121.0,18.0,7.0,13.0,8.0,5,10,Normal Review Profile
P500121,SOS Intensive Redness Relief Serum,Tower 28 Beauty,Skincare,34.0,mid,4.1902,163,21555,167,167,4.2,132.0,19.0,16.0,79.04,11.38,9.58,90.0,42.0,19.0,10.0,6.0,5,9,Normal Review Profile
P455612,Vitamin C & Bearberry Instant Glow Serum,alpyn beauty,Skincare,59.0,luxury,4.503,167,10316,167,167,4.5,144.0,15.0,8.0,86.23,8.98,4.79,120.0,24.0,15.0,3.0,5.0,5,11,Loved Product
P476538,Prebiotic + Probiotic Vegan Gut Microbiome Supplement,The Nue Co.,Skincare,55.0,premium,4.4356,163,1820,167,167,4.45,146.0,15.0,6.0,87.43,8.98,3.59,102.0,44.0,15.0,6.0,0.0,5,9,Loved Product
P427404,Ascorbyl Tetraisopalmitate Solution 20% in Vitamin F,The Ordinary,Skincare,19.8,budget,3.8193,166,58355,166,166,3.82,112.0,14.0,40.0,67.47,8.43,24.1,83.0,29.0,14.0,21.0,19.0,5,10,High Complaint Risk
P476009,Radiant Reveal Clean Brightening Vitamin C Serum,ROSE INC,Skincare,74.0,luxury,4.6687,166,4769,166,166,4.67,159.0,1.0,6.0,95.78,0.6,3.61,125.0,34.0,1.0,5.0,1.0,5,10,Loved Product
P471793,Omega + Complex Cleansing Balm,Paula's Choice,Skincare,29.0,mid,4.6667,165,14266,166,166,4.66,151.0,10.0,5.0,90.96,6.02,3.01,133.0,18.0,10.0,1.0,4.0,5,10,Loved Product
P477961,Get That Glow - GloPRO Facial Microneedling Discovery Set,BeautyBio,Skincare,199.0,luxury,4.7229,166,5836,166,166,4.72,156.0,8.0,2.0,93.98,4.82,1.2,134.0,22.0,8.0,0.0,2.0,4,10,Loved Product
P392648,Extra Illuminating Moisture Balm,Bobbi Brown,Skincare,74.0,luxury,3.3697,165,10298,165,165,3.37,82.0,29.0,54.0,49.7,17.58,32.73,60.0,22.0,29.0,27.0,27.0,5,10,High Complaint Risk
P217931,Tonique Radiance Clarifying Refining Toner,Lancôme,Skincare,31.0,mid,4.103,165,6619,165,162,4.1,124.0,20.0,21.0,75.15,12.12,12.73,90.0,34.0,20.0,10.0,11.0,5,9,Normal Review Profile
P480274,GENIUS Liquid Skin Resurfacing 2% BHA Toner,Algenist,Skincare,40.0,premium,4.7939,165,4693,165,165,4.79,163.0,1.0,1.0,98.79,0.61,0.61,135.0,28.0,1.0,0.0,1.0,5,10,Loved Product
P442755,Resveratrol 3% + Ferulic Acid 3%,The Ordinary,Skincare,10.0,budget,4.0,162,60746,164,164,3.99,117.0,16.0,31.0,71.34,9.76,18.9,95.0,22.0,16.0,12.0,19.0,4,10,Normal Review Profile
P398717,Dramatically Different Moisturizing Cream,CLINIQUE,Skincare,32.5,mid,4.4085,164,8553,164,164,4.41,138.0,10.0,16.0,84.15,6.1,9.76,115.0,23.0,10.0,10.0,6.0,5,9,Normal Review Profile
P473726,Smoothing Cleanser,SEPHORA COLLECTION,Skincare,12.0,budget,4.638,163,10098,164,164,4.63,149.0,6.0,9.0,90.85,3.66,5.49,133.0,16.0,6.0,3.0,6.0,5,10,Loved Product
P448200,Benefiance Wrinkle Smoothing Cream,Shiseido,Skincare,75.0,luxury,4.6037,164,6215,164,164,4.6,152.0,5.0,7.0,92.68,3.05,4.27,123.0,29.0,5.0,2.0,5.0,5,9,Loved Product
P500102,Hydro Ungrip Makeup Removing Cleansing Balm,MILK MAKEUP,Skincare,36.0,premium,4.6829,164,17719,164,164,4.68,156.0,3.0,5.0,95.12,1.83,3.05,126.0,30.0,3.0,4.0,1.0,5,10,Loved Product
P442756,Ascorbyl Glucoside Solution 12%,The Ordinary,Skincare,14.3,budget,4.0926,162,43799,163,163,4.1,121.0,18.0,24.0,74.23,11.04,14.72,96.0,25.0,18.0,10.0,14.0,5,11,Normal Review Profile
P442713,FAB Skin Lab Retinol Eye Cream with Triple Hyaluronic Acid,First Aid Beauty,Skincare,44.0,premium,3.7222,162,37716,162,162,3.72,105.0,14.0,43.0,64.81,8.64,26.54,79.0,26.0,14.0,19.0,24.0,5,10,High Complaint Risk
P465752,Mini Protini Polypeptide Moisturizer,Drunk Elephant,Skincare,22.0,budget,3.805,159,52282,162,162,3.83,111.0,19.0,32.0,68.52,11.73,19.75,71.0,40.0,19.0,16.0,16.0,5,10,Normal Review Profile
P500626,Melting Cleansing Balm Cleanse + Balance,SEPHORA COLLECTION,Skincare,12.0,budget,4.0131,153,15903,161,161,3.98,112.0,14.0,35.0,69.57,8.7,21.74,94.0,18.0,14.0,21.0,14.0,5,10,High Complaint Risk
P472451,Vinosource-Hydra Moisturizing Mask,Caudalie,Skincare,42.0,premium,4.764,161,17013,161,161,4.76,153.0,6.0,2.0,95.03,3.73,1.24,134.0,19.0,6.0,1.0,1.0,5,10,Loved Product
P429683,Self Tan Purity Bronzing Water Mousse,St. Tropez,Skincare,44.0,premium,3.8312,160,9236,160,160,3.83,107.0,19.0,34.0,66.88,11.88,21.25,77.0,30.0,19.0,17.0,17.0,4,6,High Complaint Risk
P474371,Evercalm Gentle Cleansing Milk,REN Clean Skincare,Skincare,38.0,premium,4.3208,159,2764,160,160,4.33,136.0,17.0,7.0,85.0,10.63,4.38,86.0,50.0,17.0,4.0,3.0,5,10,Loved Product
P501518,Calming Herbal Repair Overnight Recovery Balm for Skin Barrier Support,Mount Lai,Skincare,60.0,luxury,4.0875,160,2516,160,160,4.09,126.0,27.0,7.0,78.75,16.88,4.38,57.0,69.0,27.0,5.0,2.0,5,9,Normal Review Profile
P473304,O-Bloos Rosi Glow Drops,Drunk Elephant,Skincare,38.0,premium,3.6943,157,49327,159,159,3.69,99.0,14.0,46.0,62.26,8.81,28.93,73.0,26.0,14.0,29.0,17.0,5,9,High Complaint Risk
P387511,Immortelle Divine Cream,L'Occitane,Skincare,115.0,luxury,3.8805,159,6151,159,159,3.88,103.0,22.0,34.0,64.78,13.84,21.38,82.0,21.0,22.0,23.0,11.0,5,9,High Complaint Risk
P456421,Black Pine 3D Eye-Lift Super Serum,KORRES,Skincare,61.0,luxury,4.0063,158,4302,159,158,4.01,113.0,12.0,34.0,71.07,7.55,21.38,99.0,14.0,12.0,16.0,18.0,5,11,High Complaint Risk
P416825,FAB Skin Lab Retinol Serum 0.25% Pure Concentrate,First Aid Beauty,Skincare,58.0,premium,3.9811,159,24816,159,159,3.98,118.0,13.0,28.0,74.21,8.18,17.61,85.0,33.0,13.0,9.0,19.0,5,9,Normal Review Profile
P476554,Skin Hydrator Ceramide and Hyaluronic Acid Supplement,The Nue Co.,Skincare,45.0,premium,4.1883,154,1560,159,159,4.21,123.0,22.0,14.0,77.36,13.84,8.81,91.0,32.0,22.0,7.0,7.0,5,9,Normal Review Profile
P408230,V-Facial Instant Depuffing Face Mask,Clarins,Skincare,67.0,luxury,4.7547,159,26393,159,159,4.75,149.0,6.0,4.0,93.71,3.77,2.52,134.0,15.0,6.0,4.0,0.0,5,10,Loved Product
P422012,Ultra Facial Cream Sunscreen SPF 30,Kiehl's Since 1851,Skincare,38.0,premium,3.8344,157,24886,158,158,3.84,104.0,18.0,36.0,65.82,11.39,22.78,83.0,21.0,18.0,18.0,18.0,5,9,High Complaint Risk
P432053,Multivitamins 15% Vitamin C + Retinol Mini Set,Sunday Riley,Skincare,28.0,mid,3.8481,158,54878,158,158,3.85,103.0,24.0,31.0,65.19,15.19,19.62,77.0,26.0,24.0,16.0,15.0,5,10,Normal Review Profile
P476553,Skin Filter Vitamin A and Zinc Blemish + Brightening Supplement,The Nue Co.,Skincare,45.0,premium,4.1544,149,2584,158,158,4.19,120.0,28.0,10.0,75.95,17.72,6.33,82.0,38.0,28.0,6.0,4.0,5,9,Normal Review Profile
P416824,Fresh Pressed Daily Booster with Pure Vitamin C 10%,CLINIQUE,Skincare,85.0,luxury,3.9299,157,23281,157,157,3.93,105.0,19.0,33.0,66.88,12.1,21.02,85.0,20.0,19.0,22.0,11.0,5,9,High Complaint Risk
P461520,Clean Foot Mask,SEPHORA COLLECTION,Skincare,5.0,budget,4.2692,156,34386,157,156,4.27,129.0,8.0,20.0,82.17,5.1,12.74,104.0,25.0,8.0,7.0,13.0,5,10,Normal Review Profile
P418221,Organic Sunless Tan Anti-Aging Face Serum,COOLA,Skincare,54.0,premium,3.9744,156,16938,156,156,3.97,109.0,13.0,34.0,69.87,8.33,21.79,92.0,17.0,13.0,19.0,15.0,5,7,High Complaint Risk
P423125,Ultracalming Serum Concentrate,Dermalogica,Skincare,66.0,luxury,4.3077,156,7347,156,156,4.31,129.0,15.0,12.0,82.69,9.62,7.69,90.0,39.0,15.0,9.0,3.0,5,10,Normal Review Profile
P457697,DeliKate Recovery Serum,Kate Somerville,Skincare,98.0,luxury,4.641,156,8729,156,156,4.64,146.0,7.0,3.0,93.59,4.49,1.92,115.0,31.0,7.0,1.0,2.0,4,9,Loved Product
P503991,Algae + Moringa Universal Hydrating Face Oil,MARA,Skincare,72.0,luxury,4.9009,111,1595,156,155,4.87,152.0,3.0,1.0,97.44,1.92,0.64,141.0,11.0,3.0,1.0,0.0,5,8,Loved Product
P504026,Mini Algae + Moringa Universal Face Oil,MARA,Skincare,40.0,premium,4.9009,111,1333,156,155,4.87,152.0,3.0,1.0,97.44,1.92,0.64,141.0,11.0,3.0,1.0,0.0,5,8,Loved Product
P449158,Mini Lotus Anti-Aging Night Moisturizer,fresh,Skincare,22.0,budget,3.9935,154,34666,155,155,3.99,100.0,34.0,21.0,64.52,21.94,13.55,83.0,17.0,34.0,13.0,8.0,5,9,Normal Review Profile
P500687,Keep It Clean Hydrating Gel Cleanser with Ceramides & 10 Amino Acids,iNNBEAUTY PROJECT,Skincare,26.0,mid,4.5226,155,7237,155,155,4.52,137.0,10.0,8.0,88.39,6.45,5.16,112.0,25.0,10.0,3.0,5.0,5,10,Loved Product
P483455,The Weighted Razor Kit,Hanni,Skincare,42.0,premium,4.6452,155,5333,155,153,4.65,143.0,5.0,7.0,92.26,3.23,4.52,124.0,19.0,5.0,2.0,5.0,5,10,Loved Product
P504056,"Perfect Canvas Smooth, Prep & Plump Essence",REN Clean Skincare,Skincare,55.0,premium,4.7677,155,1944,155,155,4.77,150.0,4.0,1.0,96.77,2.58,0.65,126.0,24.0,4.0,0.0,1.0,5,6,Loved Product
P470007,Vinoclean Gentle Foam Cleanser,Caudalie,Skincare,30.0,mid,4.1753,154,11568,154,154,4.18,120.0,13.0,21.0,77.92,8.44,13.64,95.0,25.0,13.0,8.0,13.0,4,11,Normal Review Profile
P481703,Black Tea Corset Cream Firming Moisturizer,fresh,Skincare,95.0,luxury,4.0065,153,3371,153,153,4.01,110.0,11.0,32.0,71.9,7.19,20.92,93.0,17.0,11.0,15.0,17.0,5,11,High Complaint Risk
P474113,TL Advanced  Tightening Neck Cream PLUS for Firming & Brightening,StriVectin,Skincare,95.0,luxury,4.0392,153,10042,153,152,4.04,116.0,5.0,32.0,75.82,3.27,20.92,103.0,13.0,5.0,4.0,28.0,5,9,High Complaint Risk
P474117,Mini TL Advanced  Tightening Neck Cream PLUS for Firming & Brightening,StriVectin,Skincare,15.0,budget,4.0392,153,7539,153,152,4.04,116.0,5.0,32.0,75.82,3.27,20.92,103.0,13.0,5.0,4.0,28.0,5,9,High Complaint Risk
P481828,Nudescreen Daily Mineral Veil SPF 30,NUDESTIX,Skincare,36.0,premium,4.0789,152,5697,153,153,4.06,124.0,14.0,15.0,81.05,9.15,9.8,62.0,62.0,14.0,6.0,9.0,5,9,Normal Review Profile
P428255,Capture Youth Serum Collection,Dior,Skincare,110.0,luxury,4.2434,152,47079,152,152,4.24,120.0,11.0,21.0,78.95,7.24,13.82,102.0,18.0,11.0,9.0,12.0,4,10,Normal Review Profile
P481825,Hydro UV Defense Sunscreen Broad Spectrum SPF 50+,LANEIGE,Skincare,30.0,mid,4.2583,151,19738,152,152,4.26,123.0,14.0,15.0,80.92,9.21,9.87,92.0,31.0,14.0,6.0,9.0,5,9,Normal Review Profile
P483699,Restorative Niacinamide Night Cream,The Outset,Skincare,54.0,premium,4.6225,151,5533,152,152,4.61,135.0,10.0,7.0,88.82,6.58,4.61,118.0,17.0,10.0,5.0,2.0,5,8,Loved Product
P483457,Shave Pillow Moisturizing Body Gel,Hanni,Skincare,24.0,budget,4.6954,151,3023,152,152,4.7,142.0,5.0,5.0,93.42,3.29,3.29,124.0,18.0,5.0,2.0,3.0,5,9,Loved Product
P431840,Coconut Milk Bath Soak,Herbivore,Skincare,22.0,budget,3.5497,151,31953,151,151,3.55,87.0,22.0,42.0,57.62,14.57,27.81,59.0,28.0,22.0,21.0,21.0,5,9,High Complaint Risk
P443358,Intensive Moisture Balance Moisturizer,Dermalogica,Skincare,47.0,premium,4.4667,150,10341,151,150,4.47,135.0,8.0,8.0,89.4,5.3,5.3,98.0,37.0,8.0,5.0,3.0,5,10,Loved Product
P481701,Cloud Cushion Plush Moisturizer with Ceramides + Peptides,EADEM,Skincare,58.0,premium,4.7467,150,11518,151,151,4.75,142.0,3.0,6.0,94.04,1.99,3.97,130.0,12.0,3.0,4.0,2.0,5,11,Loved Product
P377576,Repairwear Laser Focus Wrinkle Correcting Eye Cream,CLINIQUE,Skincare,54.0,premium,3.9067,150,9568,150,147,3.91,103.0,11.0,36.0,68.67,7.33,24.0,87.0,16.0,11.0,18.0,18.0,5,6,High Complaint Risk
P465803,Blue Aventurine De-Puffing Facial Roller,SEPHORA COLLECTION,Skincare,20.0,budget,4.8993,149,11904,150,150,4.89,147.0,1.0,2.0,98.0,0.67,1.33,141.0,6.0,1.0,0.0,2.0,5,10,Loved Product
P500988,Moon Dew 1% Bakuchiol + Peptides Retinol Alternative Eye Cream,Herbivore,Skincare,48.0,premium,4.2297,148,22997,149,149,4.22,117.0,11.0,21.0,78.52,7.38,14.09,96.0,21.0,11.0,11.0,10.0,5,8,Normal Review Profile
P404465,GLO Lit Teeth Whitening Vials 3 Pack,GLO Science,Skincare,24.0,budget,4.1409,149,35507,149,149,4.14,120.0,9.0,20.0,80.54,6.04,13.42,85.0,35.0,9.0,5.0,15.0,5,9,Normal Review Profile
P427393,Hyaluronic Marine Dew It Right Eye Gel,Dr. Dennis Gross Skincare,Skincare,55.0,premium,3.5442,147,12365,148,148,3.53,88.0,12.0,48.0,59.46,8.11,32.43,65.0,23.0,12.0,21.0,27.0,5,10,High Complaint Risk
P483643,Willow & Sweet Agave Plumping Lip Mask,alpyn beauty,Skincare,28.0,mid,4.5405,148,12568,148,148,4.54,132.0,7.0,9.0,89.19,4.73,6.08,112.0,20.0,7.0,2.0,7.0,5,10,Loved Product
P481700,Cicapair Redness Rescue Kit,Dr. Jart+,Skincare,39.0,premium,4.2857,147,17922,148,148,4.28,122.0,18.0,8.0,82.43,12.16,5.41,80.0,42.0,18.0,3.0,5.0,5,6,Normal Review Profile
P467614,C Scription Vitamin C Brightening Serum,Dr. Brandt Skincare,Skincare,120.0,luxury,4.6959,148,4599,148,148,4.7,134.0,8.0,6.0,90.54,5.41,4.05,126.0,8.0,8.0,3.0,3.0,5,9,Loved Product
P449177,AGE Smart Phyto-Nature Firming Serum,Dermalogica,Skincare,155.0,luxury,4.3311,148,2823,148,148,4.33,125.0,17.0,6.0,84.46,11.49,4.05,81.0,44.0,17.0,3.0,3.0,4,9,Normal Review Profile
P447213,4.5% Retinol Serum,SOBEL SKIN Rx,Skincare,105.0,luxury,4.4459,148,6274,148,148,4.45,131.0,12.0,5.0,88.51,8.11,3.38,91.0,40.0,12.0,2.0,3.0,4,9,Loved Product
P443839,Squalane Oil,The INKEY List,Skincare,12.99,budget,4.4422,147,23440,148,148,4.44,133.0,12.0,3.0,89.86,8.11,2.03,84.0,49.0,12.0,2.0,1.0,4,9,Loved Product
P505211,(Glow)Setting 100% Mineral Powder SPF 35,Supergoop!,Skincare,36.0,premium,4.4758,124,2352,147,147,4.48,127.0,13.0,7.0,86.39,8.84,4.76,99.0,28.0,13.0,6.0,1.0,5,7,Loved Product
P474823,Advanced Retinol + Ferulic Overnight Texture Renewal Peel,Dr. Dennis Gross Skincare,Skincare,82.0,luxury,4.7415,147,11560,147,147,4.74,141.0,4.0,2.0,95.92,2.72,1.36,118.0,23.0,4.0,1.0,1.0,5,9,Loved Product
P383053,Do Not Age with Dr. Brandt Triple Peptide Eye Cream,Dr. Brandt Skincare,Skincare,82.0,luxury,4.0822,146,8950,146,145,4.08,109.0,8.0,29.0,74.66,5.48,19.86,94.0,15.0,8.0,13.0,16.0,5,7,Normal Review Profile
P416755,Hyaluronic Marine Oil-Free Moisture Cushion,Dr. Dennis Gross Skincare,Skincare,65.0,luxury,4.0342,146,13709,146,146,4.03,108.0,10.0,28.0,73.97,6.85,19.18,84.0,24.0,10.0,15.0,13.0,5,9,Normal Review Profile
P469505,Skin Perfecting BHA 9 Treatment,Paula's Choice,Skincare,46.0,premium,4.7055,146,11291,146,146,4.71,136.0,3.0,7.0,93.15,2.05,4.79,124.0,12.0,3.0,3.0,4.0,5,9,Loved Product
P457696,DeliKate Soothing Cleanser,Kate Somerville,Skincare,44.0,premium,4.1875,144,4060,144,144,4.19,116.0,10.0,18.0,80.56,6.94,12.5,84.0,32.0,10.0,7.0,11.0,4,9,Normal Review Profile
P388545,Perfect Cleansing Oil,Shiseido,Skincare,35.0,mid,4.4514,144,21389,144,144,4.45,124.0,11.0,9.0,86.11,7.64,6.25,101.0,23.0,11.0,2.0,7.0,5,9,Loved Product
P478239,Vinopure Purifying Clay Mask,Caudalie,Skincare,42.0,premium,4.6319,144,18954,144,144,4.63,136.0,3.0,5.0,94.44,2.08,3.47,107.0,29.0,3.0,2.0,3.0,5,9,Loved Product
P504506,The Silk Serum Wrinkle-Smoothing Retinol Alternative,Tatcha,Skincare,98.0,luxury,4.8387,124,2589,144,144,4.8,140.0,1.0,3.0,97.22,0.69,2.08,124.0,16.0,1.0,1.0,2.0,5,7,Loved Product
P476428,Brightening Dark Spot Vitamin C Serum,Hyper Skin,Skincare,58.0,premium,4.5664,143,13429,143,143,4.57,132.0,2.0,9.0,92.31,1.4,6.29,104.0,28.0,2.0,6.0,3.0,5,10,Loved Product
P456395,Volcanic Clusters Pore Clearing Toner,innisfree,Skincare,22.0,budget,4.5664,143,12712,143,143,4.57,128.0,8.0,7.0,89.51,5.59,4.9,105.0,23.0,8.0,5.0,2.0,5,11,Loved Product
P443383,Moisture Surge Eye 96-Hour Hydro-Filler Concentrate,CLINIQUE,Skincare,37.0,premium,3.338,142,11769,142,142,3.34,76.0,12.0,54.0,53.52,8.45,38.03,60.0,16.0,12.0,20.0,34.0,5,9,High Complaint Risk
P419633,ESPADA Blue Light Acne Treatment,FOREO,Skincare,159.0,luxury,3.8873,142,17954,142,141,3.89,102.0,12.0,28.0,71.83,8.45,19.72,75.0,27.0,12.0,5.0,23.0,5,12,Normal Review Profile
P502395,Concentrated Ginseng Renewing Serum,Sulwhasoo,Skincare,210.0,luxury,4.6972,142,1645,142,142,4.7,132.0,7.0,3.0,92.96,4.93,2.11,112.0,20.0,7.0,3.0,0.0,5,7,Loved Product
P502745,Plump + Juicy Vegan Collagen + Probiotic Spray-On Serum,Kosas,Skincare,48.0,premium,4.3741,139,22286,141,141,4.38,122.0,9.0,10.0,86.52,6.38,7.09,91.0,31.0,9.0,2.0,8.0,5,7,Loved Product
P479313,Advanced Retinol + Ferulic Intense Wrinkle Cream,Dr. Dennis Gross Skincare,Skincare,77.0,luxury,4.695,141,17314,141,141,4.7,132.0,3.0,6.0,93.62,2.13,4.26,119.0,13.0,3.0,0.0,6.0,5,9,Loved Product
P443366,Prisma Protect SPF 30 Moisturizer,Dermalogica,Skincare,69.0,luxury,4.3571,140,6322,141,141,4.36,126.0,9.0,6.0,89.36,6.38,4.26,75.0,51.0,9.0,3.0,3.0,5,10,Loved Product
P455930,Weightless Oil-Free Moisturizer,Shani Darden Skin Care,Skincare,48.0,premium,4.2571,140,7756,140,140,4.26,108.0,12.0,20.0,77.14,8.57,14.29,96.0,12.0,12.0,12.0,8.0,4,10,Normal Review Profile
P442833,EUK 134 0.1%,The Ordinary,Skincare,11.1,budget,4.35,140,35874,140,140,4.35,115.0,7.0,18.0,82.14,5.0,12.86,102.0,13.0,7.0,8.0,10.0,5,8,Normal Review Profile
P379064,Lotus Balancing & Hydrating Natural Face Treatment Oil,Clarins,Skincare,65.0,luxury,4.4029,139,8723,139,139,4.4,113.0,9.0,17.0,81.29,6.47,12.23,106.0,7.0,9.0,10.0,7.0,5,7,Normal Review Profile
P474936,Vinopure Oil-Control Moisturizer for Acne Prone Skin,Caudalie,Skincare,38.0,premium,4.3885,139,15759,139,139,4.39,118.0,7.0,14.0,84.89,5.04,10.07,93.0,25.0,7.0,10.0,4.0,5,9,Normal Review Profile
P500101,Hydro Ungrip Makeup Remover + Cleansing Water,MILK MAKEUP,Skincare,32.0,mid,4.6475,139,14632,139,139,4.65,130.0,5.0,4.0,93.53,3.6,2.88,105.0,25.0,5.0,2.0,2.0,5,10,Loved Product
P474843,Absolue Soft Cream Revitalizing & Brightening Moisturizer,Lancôme,Skincare,150.0,luxury,4.6763,139,5913,139,139,4.68,132.0,6.0,1.0,94.96,4.32,0.72,102.0,30.0,6.0,1.0,0.0,5,9,Loved Product
P442989,Youth or Dare Multi-Acid & C-Serum,tarte,Skincare,42.0,premium,3.1014,138,11296,138,138,3.1,70.0,11.0,57.0,50.72,7.97,41.3,46.0,24.0,11.0,12.0,45.0,4,6,High Complaint Risk
P480278,Rapid Radiance Set,Biossance,Skincare,35.0,mid,4.1324,136,55347,138,138,4.12,104.0,12.0,22.0,75.36,8.7,15.94,86.0,18.0,12.0,8.0,14.0,5,10,Normal Review Profile
P302900,Turnaround Revitalizing Serum,CLINIQUE,Skincare,53.0,premium,4.3261,138,6909,138,135,4.33,117.0,6.0,15.0,84.78,4.35,10.87,87.0,30.0,6.0,9.0,6.0,5,6,Normal Review Profile
P422003,Daily Reviving Concentrate,Kiehl's Since 1851,Skincare,59.0,luxury,4.3986,138,26859,138,138,4.4,113.0,12.0,13.0,81.88,8.7,9.42,98.0,15.0,12.0,8.0,5.0,5,9,Normal Review Profile
P473126,CLINICAL Discoloration Repair Serum,Paula's Choice,Skincare,52.0,premium,4.6522,138,18644,138,138,4.65,128.0,3.0,7.0,92.75,2.17,5.07,111.0,17.0,3.0,3.0,4.0,5,10,Loved Product
P429637,The Moisturizing Cool Gel Cream,La Mer,Skincare,200.0,luxury,3.6788,137,8727,137,137,3.68,92.0,8.0,37.0,67.15,5.84,27.01,67.0,25.0,8.0,8.0,29.0,4,9,High Complaint Risk
P385262,Ultimate Sun Protection Spray Broad Spectrum SPF 50+ For Face/Body,Shiseido,Skincare,40.0,premium,3.8175,137,17778,137,137,3.82,94.0,10.0,33.0,68.61,7.3,24.09,70.0,24.0,10.0,14.0,19.0,5,9,High Complaint Risk
P450211,Mini Vitamin Nectar Glow Juice Antioxidant Face Serum,fresh,Skincare,28.0,mid,3.9926,136,38157,137,137,3.97,93.0,22.0,22.0,67.88,16.06,16.06,75.0,18.0,22.0,9.0,13.0,5,10,Normal Review Profile
P410883,Acne Clearing Wash,Peter Thomas Roth,Skincare,39.0,premium,4.2263,137,10371,137,137,4.23,111.0,7.0,19.0,81.02,5.11,13.87,88.0,23.0,7.0,7.0,12.0,5,10,Normal Review Profile
P385773,Hyaluronic Marine Hydration Booster,Dr. Dennis Gross Skincare,Skincare,72.0,luxury,4.2555,137,13677,137,137,4.26,110.0,10.0,17.0,80.29,7.3,12.41,92.0,18.0,10.0,4.0,13.0,5,9,Normal Review Profile
P469528,Skin Perfecting 25% AHA + 2% BHA Exfoliant Peel,Paula's Choice,Skincare,42.0,premium,4.5036,137,33137,137,137,4.5,122.0,6.0,9.0,89.05,4.38,6.57,97.0,25.0,6.0,5.0,4.0,5,10,Loved Product
P500778,N°39 Facial Sunscreen Mist with SPF 39,HABIT,Skincare,30.0,mid,4.708,137,5554,137,137,4.71,130.0,0.0,7.0,94.89,0.0,5.11,117.0,13.0,0.0,1.0,6.0,5,10,Loved Product
P483128,Scar Gel Treatment,Dr. Zenovia Skincare,Skincare,48.0,premium,4.3285,137,4241,137,137,4.33,114.0,18.0,5.0,83.21,13.14,3.65,75.0,39.0,18.0,3.0,2.0,5,10,Normal Review Profile
P379709,Repairative Anti-Aging Moisturizer,Tata Harper,Skincare,130.0,luxury,3.4118,136,6030,136,136,3.41,73.0,18.0,45.0,53.68,13.24,33.09,51.0,22.0,18.0,22.0,23.0,5,9,High Complaint Risk
P439672,Rose Quartz Facial Roller,SEPHORA COLLECTION,Skincare,22.0,budget,3.7111,135,29366,136,136,3.7,87.0,16.0,33.0,63.97,11.76,24.26,62.0,25.0,16.0,12.0,21.0,5,9,High Complaint Risk
P423157,Sex Dust   Adaptogens For Fire*,Moon Juice,Skincare,38.0,premium,3.8529,136,14485,136,136,3.85,98.0,10.0,28.0,72.06,7.35,20.59,68.0,30.0,10.0,6.0,22.0,5,9,High Complaint Risk
P446630,Clean Pro Rose Quartz,PMD,Skincare,179.0,luxury,4.4559,136,8990,136,136,4.46,116.0,8.0,12.0,85.29,5.88,8.82,101.0,15.0,8.0,5.0,7.0,5,9,Loved Product
P447200,Baba Bomb Moisturizer,tarte,Skincare,39.0,premium,4.4104,134,10945,135,135,4.41,110.0,13.0,12.0,81.48,9.63,8.89,96.0,14.0,13.0,9.0,3.0,4,10,Normal Review Profile
P386755,Collagen Love Skin Firming Supplement with Hyaluronic Acid & Vitamin C,HUM Nutrition,Skincare,40.0,premium,4.4074,135,17120,135,135,4.41,118.0,8.0,9.0,87.41,5.93,6.67,90.0,28.0,8.0,0.0,9.0,5,9,Loved Product
P413613,Pro Facial Steamer,Dr. Dennis Gross Skincare,Skincare,159.0,luxury,4.1493,134,40031,134,134,4.15,105.0,8.0,21.0,78.36,5.97,15.67,84.0,21.0,8.0,7.0,14.0,5,11,Normal Review Profile
P440658,Baby Bar Travel Duo with Case,Drunk Elephant,Skincare,22.0,budget,4.3955,134,22114,134,134,4.4,110.0,12.0,12.0,82.09,8.96,8.96,95.0,15.0,12.0,6.0,6.0,4,9,Normal Review Profile
P500002,Brighten. Tighten. Hydrate. 3-Piece Set,JLo Beauty,Skincare,64.0,luxury,4.2782,133,3952,134,134,4.28,110.0,16.0,8.0,82.09,11.94,5.97,71.0,39.0,16.0,7.0,1.0,5,10,Normal Review Profile
P504277,Face Stone Nourishing Solid Refillable Facial Oil with Tamanu + Blue Tansy,Kate McLeod,Skincare,68.0,luxury,4.6567,134,1182,134,134,4.66,124.0,6.0,4.0,92.54,4.48,2.99,103.0,21.0,6.0,3.0,1.0,5,6,Loved Product
P469524,RESIST Super-Light Daily Wrinkle Defense SPF 30,Paula's Choice,Skincare,37.0,premium,4.2556,133,19795,133,133,4.26,99.0,19.0,15.0,74.44,14.29,11.28,87.0,12.0,19.0,11.0,4.0,4,8,Normal Review Profile
P395389,GLO Brilliant Teeth Whitening GLO Vials 10 Pack plus Lip Care,GLO Science,Skincare,65.0,luxury,4.4211,133,16148,133,133,4.42,113.0,10.0,10.0,84.96,7.52,7.52,92.0,21.0,10.0,4.0,6.0,5,9,Normal Review Profile
P410756,GenOptics Aura Essence Serum,SK-II,Skincare,245.0,luxury,4.0758,132,16102,132,132,4.08,98.0,12.0,22.0,74.24,9.09,16.67,71.0,27.0,12.0,17.0,5.0,5,8,Normal Review Profile
P451748,15% Niacinamide Gel Serum,SOBEL SKIN Rx,Skincare,75.0,luxury,4.1591,132,1702,132,132,4.16,104.0,22.0,6.0,78.79,16.67,4.55,57.0,47.0,22.0,4.0,2.0,4,8,Normal Review Profile
P504637,Equilibrium Resurfacing Retinoid Treatment,Hourglass,Skincare,110.0,luxury,4.8898,118,278,132,132,4.87,132.0,0.0,0.0,100.0,0.0,0.0,115.0,17.0,0.0,0.0,0.0,5,9,Loved Product
P411881,Retinol Firming Eye Cream,Kate Somerville,Skincare,98.0,luxury,3.4462,130,17127,131,131,3.44,71.0,17.0,43.0,54.2,12.98,32.82,54.0,17.0,17.0,19.0,24.0,5,7,High Complaint Risk
P476733,Mineral Mattescreen Sunscreen SPF 40 PA+++,Supergoop!,Skincare,38.0,premium,4.0153,131,22699,131,131,4.02,97.0,8.0,26.0,74.05,6.11,19.85,74.0,23.0,8.0,14.0,12.0,5,10,Normal Review Profile
P476683,Full Face Sculpt Kit - 14-Day Challenge,FaceGym,Skincare,75.0,luxury,4.4733,131,5438,131,131,4.47,121.0,5.0,5.0,92.37,3.82,3.82,80.0,41.0,5.0,2.0,3.0,5,10,Loved Product
P482696,Water Bank Blue Hyaluronic Eye Cream,LANEIGE,Skincare,43.0,premium,4.5385,130,16508,131,131,4.53,117.0,10.0,4.0,89.31,7.63,3.05,90.0,27.0,10.0,2.0,2.0,5,10,Loved Product
P397622,Dermask Water Jet Soothing Hydra Solution,Dr. Jart+,Skincare,7.0,budget,4.0538,130,22325,130,130,4.05,98.0,9.0,23.0,75.38,6.92,17.69,75.0,23.0,9.0,10.0,13.0,5,10,Normal Review Profile
P471097,Facial Sculpting Wand,Shani Darden Skin Care,Skincare,399.0,luxury,4.5462,130,7753,130,130,4.55,116.0,4.0,10.0,89.23,3.08,7.69,99.0,17.0,4.0,6.0,4.0,5,9,Loved Product
P447199,Super Glow Hyaluronic Self-Tan Serum,TAN-LUXE,Skincare,49.0,premium,3.9845,129,13931,129,129,3.98,91.0,11.0,27.0,70.54,8.53,20.93,78.0,13.0,11.0,12.0,15.0,4,7,High Complaint Risk
P394702,Plantscription Anti-Aging Power Eye Cream,Origins,Skincare,58.0,premium,3.8372,129,11304,129,129,3.84,81.0,21.0,27.0,62.79,16.28,20.93,66.0,15.0,21.0,15.0,12.0,5,7,High Complaint Risk
P408301,Purifying Pore & Blackhead Detox Mask,Tata Harper,Skincare,75.0,luxury,3.845,129,18342,129,128,3.84,91.0,12.0,26.0,70.54,9.3,20.16,65.0,26.0,12.0,5.0,21.0,5,8,High Complaint Risk
P470240,Truth Serum Vitamin C Serum,OLEHENRIKSEN,Skincare,56.0,premium,4.1875,128,38002,129,129,4.19,98.0,15.0,16.0,75.97,11.63,12.4,82.0,16.0,15.0,6.0,10.0,5,10,Normal Review Profile
P503920,Triple Acid Signature Peel,Shani Darden Skin Care,Skincare,125.0,luxury,4.876,129,7097,129,129,4.88,128.0,0.0,1.0,99.22,0.0,0.78,116.0,12.0,0.0,0.0,1.0,5,7,Loved Product
P502986,Jade Facial Roller,SEPHORA COLLECTION,Skincare,22.0,budget,4.8915,129,1060,129,129,4.89,126.0,3.0,0.0,97.67,2.33,0.0,118.0,8.0,3.0,0.0,0.0,5,8,Loved Product
P474844,Absolue Revitalizing Eye Cream,Lancôme,Skincare,135.0,luxury,4.6094,128,5509,128,128,4.61,116.0,6.0,6.0,90.63,4.69,4.69,97.0,19.0,6.0,5.0,1.0,5,9,Loved Product
P440933,Mini Clear Improvement Active Charcoal Mask to Clear Pore,Origins,Skincare,17.0,budget,3.9843,127,43176,127,127,3.98,88.0,19.0,20.0,69.29,14.96,15.75,66.0,22.0,19.0,11.0,9.0,5,9,Normal Review Profile
P484081,Eye Recharge + Replenish Pro-Ferm Overnight Eye Cream with Bakuchiol and Peptides,TULA Skincare,Skincare,56.0,premium,4.5397,126,11155,127,127,4.52,116.0,7.0,4.0,91.34,5.51,3.15,82.0,34.0,7.0,3.0,1.0,5,10,Loved Product
P500318,That Overnight Hustle AHA + BHA Resurfacer,JLo Beauty,Skincare,58.0,premium,4.4409,127,3724,127,127,4.44,114.0,9.0,4.0,89.76,7.09,3.15,75.0,39.0,9.0,2.0,2.0,4,10,Loved Product
P482025,Absolue Rich Cream Moisturizer,Lancôme,Skincare,270.0,luxury,4.8031,127,1453,127,127,4.8,125.0,1.0,1.0,98.43,0.79,0.79,105.0,20.0,1.0,1.0,0.0,4,9,Loved Product
P440483,"Facial Spray with Aloe, Cucumber and Green Tea",Mario Badescu,Skincare,7.0,budget,3.9603,126,19617,126,126,3.96,92.0,10.0,24.0,73.02,7.94,19.05,68.0,24.0,10.0,9.0,15.0,5,10,Normal Review Profile
P473148,Mask-imum Revival Hydra-Plumping Mask,Naturally Serious,Skincare,27.0,mid,4.381,126,978,126,126,4.38,107.0,5.0,14.0,84.92,3.97,11.11,87.0,20.0,5.0,8.0,6.0,5,11,Normal Review Profile
P429522,Super Fluid Daily UV Defense Sunscreen Broad Spectrum SPF 50+,Kiehl's Since 1851,Skincare,68.0,luxury,3.6048,124,18993,125,125,3.62,69.0,20.0,36.0,55.2,16.0,28.8,61.0,8.0,20.0,19.0,17.0,5,9,High Complaint Risk
P377178,Rapid Collagen Infusion,Murad,Skincare,89.0,luxury,4.128,125,10417,125,125,4.13,96.0,9.0,20.0,76.8,7.2,16.0,79.0,17.0,9.0,6.0,14.0,5,7,Normal Review Profile
P453818,GENIUS Collagen Calming Relief,Algenist,Skincare,58.0,premium,4.464,125,11763,125,125,4.46,108.0,10.0,7.0,86.4,8.0,5.6,85.0,23.0,10.0,4.0,3.0,5,8,Loved Product
P476726,Evercalm Gentle Cleansing Gel,REN Clean Skincare,Skincare,38.0,premium,4.36,125,1293,125,125,4.36,109.0,14.0,2.0,87.2,11.2,1.6,64.0,45.0,14.0,1.0,1.0,5,10,Loved Product
P444967,"Mini Facial Spray with Aloe, Herbs and Rosewater",Mario Badescu,Skincare,5.0,budget,4.1138,123,32572,124,124,4.1,94.0,10.0,20.0,75.81,8.06,16.13,76.0,18.0,10.0,6.0,14.0,5,11,Normal Review Profile
P398502,Personal Microderm Pro,PMD,Skincare,199.0,luxury,4.4355,124,24832,124,124,4.44,107.0,2.0,15.0,86.29,1.61,12.1,96.0,11.0,2.0,5.0,10.0,5,10,Loved Product
P483700,Smoothing Vitamin C Eye + Expression Lines Cream,The Outset,Skincare,42.0,premium,4.374,123,3752,124,124,4.38,106.0,6.0,12.0,85.48,4.84,9.68,83.0,23.0,6.0,6.0,6.0,5,8,Loved Product
P433519,Refillable Magic Night Moisturizer with Retinol,Charlotte Tilbury,Skincare,145.0,luxury,3.5492,122,12841,123,123,3.53,76.0,4.0,43.0,61.79,3.25,34.96,62.0,14.0,4.0,13.0,30.0,5,8,High Complaint Risk
P502997,Salicylic Acid Acne Treatment Serum,Peace Out,Skincare,34.0,mid,3.6667,120,3297,123,123,3.63,79.0,11.0,33.0,64.23,8.94,26.83,61.0,18.0,11.0,4.0,29.0,5,9,High Complaint Risk
P471041,Down to Tone Resurfacing Acid Toner,iNNBEAUTY PROJECT,Skincare,28.0,mid,4.3607,122,9487,123,123,4.33,99.0,10.0,14.0,80.49,8.13,11.38,88.0,11.0,10.0,5.0,9.0,5,10,Normal Review Profile
P442854,Focuspot Dark Spot Micro Tip Patch,Dr. Jart+,Skincare,20.0,budget,3.6311,122,0,122,122,3.63,74.0,29.0,19.0,60.66,23.77,15.57,31.0,43.0,29.0,10.0,9.0,4,8,Normal Review Profile
P464242,Hyaluronic Acid + Peptide Serum,Dr. Zenovia Skincare,Skincare,72.0,luxury,4.5082,122,2472,122,122,4.51,112.0,8.0,2.0,91.8,6.56,1.64,75.0,37.0,8.0,1.0,1.0,5,7,Loved Product
P470535,"KateCeuticals Resurfacing Overnight Peel with Glycolic Acid, Retinol & Niacinamide",Kate Somerville,Skincare,98.0,luxury,4.7377,122,6963,122,122,4.74,117.0,4.0,1.0,95.9,3.28,0.82,96.0,21.0,4.0,1.0,0.0,5,8,Loved Product
P436365,+Retinol Vita C Power Serum,Kate Somerville,Skincare,110.0,luxury,3.5041,121,8879,121,121,3.5,76.0,7.0,38.0,62.81,5.79,31.4,51.0,25.0,7.0,10.0,28.0,4,8,High Complaint Risk
P455212,1 Minute Face Masks,SEPHORA COLLECTION,Skincare,12.0,budget,3.5124,121,23473,121,121,3.51,74.0,13.0,34.0,61.16,10.74,28.1,44.0,30.0,13.0,12.0,22.0,5,9,High Complaint Risk
P392143,Tata's Daily Essentials Kit,Tata Harper,Skincare,75.0,luxury,3.65,120,22558,120,120,3.65,71.0,18.0,31.0,59.17,15.0,25.83,52.0,19.0,18.0,17.0,14.0,5,9,High Complaint Risk
P444614,Express Ultra Dark Mousse,Isle of Paradise,Skincare,32.0,mid,3.7833,120,9912,120,120,3.78,80.0,13.0,27.0,66.67,10.83,22.5,57.0,23.0,13.0,11.0,16.0,4,8,High Complaint Risk
P399755,GLO Lit Teeth Whitening Vials 7 Pack + Lip Care,GLO Science,Skincare,49.0,premium,4.3917,120,17417,120,120,4.39,103.0,8.0,9.0,85.83,6.67,7.5,79.0,24.0,8.0,3.0,6.0,5,10,Loved Product
P468850,Signature Moisturizer,ROSE Ingleton MD,Skincare,85.0,luxury,4.7,120,4096,120,120,4.7,110.0,7.0,3.0,91.67,5.83,2.5,98.0,12.0,7.0,2.0,1.0,5,10,Loved Product
P416344,The Cleansing Foam,La Mer,Skincare,95.0,luxury,4.0,119,19070,119,119,4.0,84.0,15.0,20.0,70.59,12.61,16.81,66.0,18.0,15.0,9.0,11.0,5,9,Normal Review Profile
P500113,Detoxifying AHA/BHA Gel Cleanser,Community Sixty-Six,Skincare,16.0,budget,4.0504,119,1205,119,118,4.05,92.0,19.0,8.0,77.31,15.97,6.72,43.0,49.0,19.0,6.0,2.0,5,9,Normal Review Profile
P502046,GinZing Energizing Gel Cream with Caffeine & Niacinamide,Origins,Skincare,36.0,premium,4.5966,119,3509,119,119,4.6,108.0,7.0,4.0,90.76,5.88,3.36,87.0,21.0,7.0,3.0,1.0,4,9,Loved Product
P392472,All About Clean Foaming Facial Soap,CLINIQUE,Skincare,23.5,budget,4.0254,118,5092,118,118,4.03,88.0,10.0,20.0,74.58,8.47,16.95,65.0,23.0,10.0,8.0,12.0,5,9,Normal Review Profile
P442859,ALIVE Prebiotic Balancing Mask,Algenist,Skincare,38.0,premium,4.3729,118,14367,118,118,4.37,99.0,5.0,14.0,83.9,4.24,11.86,82.0,17.0,5.0,9.0,5.0,5,9,Normal Review Profile
P503878,Pout Preserve Peptide Lip Treatment,OLEHENRIKSEN,Skincare,22.0,budget,4.5727,110,20729,118,118,4.6,107.0,4.0,7.0,90.68,3.39,5.93,94.0,13.0,4.0,2.0,5.0,5,11,Loved Product
P503927,Vitamin C Lactic Biocellulose Brightening Treatment Mask,Dr. Dennis Gross Skincare,Skincare,12.0,budget,4.5897,117,6445,117,117,4.59,106.0,3.0,8.0,90.6,2.56,6.84,91.0,15.0,3.0,5.0,3.0,5,8,Loved Product
P460554,Clarifying Peel Pads,SEPHORA COLLECTION,Skincare,17.0,budget,4.6068,117,11705,117,117,4.61,108.0,7.0,2.0,92.31,5.98,1.71,83.0,25.0,7.0,1.0,1.0,4,9,Loved Product
P388262,GENIUS Ultimate Anti-Aging Eye Cream,Algenist,Skincare,74.0,luxury,3.7759,116,6866,116,116,3.78,73.0,11.0,32.0,62.93,9.48,27.59,65.0,8.0,11.0,16.0,16.0,5,7,High Complaint Risk
P433975,Zero Baggage Anti-Dark Circle Eye Cream,Naturally Serious,Skincare,26.0,mid,4.2155,116,6994,116,116,4.22,94.0,6.0,16.0,81.03,5.17,13.79,74.0,20.0,6.0,5.0,11.0,5,9,Normal Review Profile
P448537,Alpha Arbutin Brightening Serum,The INKEY List,Skincare,12.99,budget,4.2174,115,29698,116,116,4.22,92.0,11.0,13.0,79.31,9.48,11.21,67.0,25.0,11.0,9.0,4.0,5,10,Normal Review Profile
P500109,Hydrating Caffeine Eye Cream,Community Sixty-Six,Skincare,18.0,budget,4.1379,116,3298,116,116,4.14,91.0,14.0,11.0,78.45,12.07,9.48,55.0,36.0,14.0,8.0,3.0,5,9,Normal Review Profile
P380027,Perfectly Clean Multi-Action Foam Cleanser/Purifying Mask,Estée Lauder,Skincare,30.0,mid,4.4397,116,8588,116,116,4.44,96.0,10.0,10.0,82.76,8.62,8.62,86.0,10.0,10.0,5.0,5.0,5,8,Normal Review Profile
P504325,Glowy Skin Prep Besties Set,Glow Recipe,Skincare,52.0,premium,4.875,112,26624,116,116,4.85,113.0,2.0,1.0,97.41,1.72,0.86,104.0,9.0,2.0,0.0,1.0,5,8,Loved Product
P407040,Acne Solutions Acne + Line Correcting Serum,CLINIQUE,Skincare,52.0,premium,4.1304,115,9778,115,115,4.13,91.0,5.0,19.0,79.13,4.35,16.52,72.0,19.0,5.0,5.0,14.0,5,9,Normal Review Profile
P446916,Eczema+ Care Kit,Skinfix,Skincare,35.0,mid,4.2,115,9573,115,115,4.2,91.0,11.0,13.0,79.13,9.57,11.3,68.0,23.0,11.0,5.0,8.0,5,8,Normal Review Profile
P412117,Dry Skin Saver,Kate Somerville,Skincare,56.0,premium,4.3009,113,12883,114,114,4.31,89.0,12.0,13.0,78.07,10.53,11.4,80.0,9.0,12.0,6.0,7.0,5,8,Normal Review Profile
P461936,BEAR mini Facial Toning Device,FOREO,Skincare,219.0,luxury,4.1228,114,7401,114,114,4.12,90.0,13.0,11.0,78.95,11.4,9.65,58.0,32.0,13.0,2.0,9.0,5,10,Normal Review Profile
P474110,Super-C Retinol Brighten & Correct Vitamin C Serum,StriVectin,Skincare,72.0,luxury,4.6491,114,11839,114,114,4.65,106.0,0.0,8.0,92.98,0.0,7.02,95.0,11.0,0.0,3.0,5.0,5,10,Loved Product
P446638,Power Cleanse Duo,Dermalogica,Skincare,19.0,budget,4.5752,113,23348,113,113,4.58,109.0,2.0,2.0,96.46,1.77,1.77,72.0,37.0,2.0,1.0,1.0,5,10,Loved Product
P397465,Strawberry Lip Balm,Rosebud Perfume Co.,Skincare,8.0,budget,4.1518,112,13002,112,112,4.15,85.0,10.0,17.0,75.89,8.93,15.18,70.0,15.0,10.0,8.0,9.0,5,9,Normal Review Profile
P449102,Crystal Ball Roller Gloss,INC.redible,Skincare,12.0,budget,4.3839,112,14595,112,112,4.38,97.0,5.0,10.0,86.61,4.46,8.93,73.0,24.0,5.0,5.0,5.0,5,9,Loved Product
P500746,Hydrating Serum with Hyaluronic Acid,First Aid Beauty,Skincare,40.0,premium,4.5727,110,8865,112,112,4.54,102.0,3.0,7.0,91.07,2.68,6.25,82.0,20.0,3.0,3.0,4.0,5,9,Loved Product
P471761,Call It A Night Glycolic Serum + Moisturizer duo,Drunk Elephant,Skincare,28.0,mid,4.3874,111,37629,112,112,4.37,91.0,15.0,6.0,81.25,13.39,5.36,69.0,22.0,15.0,5.0,1.0,5,13,Normal Review Profile
P483698,Nourishing Squalane Daily Moisturizer,The Outset,Skincare,44.0,premium,4.5893,112,4721,112,112,4.59,98.0,11.0,3.0,87.5,9.82,2.68,84.0,14.0,11.0,2.0,1.0,5,10,Loved Product
P483696,Gentle Micellar Antioxidant Cleanser,The Outset,Skincare,32.0,mid,4.6937,111,3860,112,112,4.66,103.0,8.0,1.0,91.96,7.14,0.89,85.0,18.0,8.0,0.0,1.0,5,10,Loved Product
P469196,Supplement Case,SEPHORA COLLECTION,Skincare,10.0,budget,3.7411,112,32124,111,111,3.76,70.0,13.0,28.0,63.06,11.71,25.23,61.0,9.0,13.0,9.0,19.0,5,10,High Complaint Risk
P500117,N°38 Facial Sunscreen Mist with SPF 38,HABIT,Skincare,30.0,mid,4.3578,109,8924,111,111,4.34,90.0,5.0,16.0,81.08,4.5,14.41,83.0,7.0,5.0,8.0,8.0,5,10,Normal Review Profile
P483661,Moon Fruit 1% Bakuchiol + Peptides Retinol Alternative Serum,Herbivore,Skincare,62.0,luxury,4.5135,111,15482,111,111,4.51,97.0,4.0,10.0,87.39,3.6,9.01,87.0,10.0,4.0,4.0,6.0,5,9,Loved Product
P501166,Vitamin C Lactic Oil-Free Radiant Moisturizer,Dr. Dennis Gross Skincare,Skincare,72.0,luxury,4.6577,111,6654,111,111,4.66,103.0,4.0,4.0,92.79,3.6,3.6,88.0,15.0,4.0,1.0,3.0,5,9,Loved Product
P433618,Clarifying Cleansing Foam,Shiseido,Skincare,36.0,premium,4.2455,110,12520,110,110,4.25,84.0,8.0,18.0,76.36,7.27,16.36,81.0,3.0,8.0,8.0,10.0,4,9,Normal Review Profile
P503652,24-7 Moisture Intense Ultra Hydrating Day & Night Cream with Hyaluronic Acid + Squalane,TULA Skincare,Skincare,58.0,premium,4.4182,110,1482,110,110,4.42,97.0,9.0,4.0,88.18,8.18,3.64,65.0,32.0,9.0,2.0,2.0,5,7,Loved Product
P440317,Potent-C Vitamin C Bright & Plump Moisturizer,Peter Thomas Roth,Skincare,72.0,luxury,3.6239,109,5285,109,109,3.62,68.0,11.0,30.0,62.39,10.09,27.52,53.0,15.0,11.0,7.0,23.0,5,9,High Complaint Risk
P460758,Cool Biotic Prebiotic Redness Relief Cream,Dr. Brandt Skincare,Skincare,56.0,premium,4.1468,109,8201,109,109,4.15,79.0,12.0,18.0,72.48,11.01,16.51,71.0,8.0,12.0,11.0,7.0,5,9,Normal Review Profile
P501421,Dew Dream- Hydrating Makeup Removing Cleansing Balm with Tiger Grass,EADEM,Skincare,30.0,mid,4.6881,109,4482,109,109,4.69,103.0,4.0,2.0,94.5,3.67,1.83,83.0,20.0,4.0,2.0,0.0,5,10,Loved Product
P417625,24/7 Retinol Eye Cream,Dr. Brandt Skincare,Skincare,58.0,premium,3.9159,107,8505,108,108,3.92,77.0,9.0,22.0,71.3,8.33,20.37,58.0,19.0,9.0,8.0,14.0,5,8,High Complaint Risk
P482327,Mini Squalane Cleanser,The Ordinary,Skincare,9.0,budget,3.9537,108,27760,108,108,3.95,75.0,11.0,22.0,69.44,10.19,20.37,59.0,16.0,11.0,13.0,9.0,5,10,High Complaint Risk
P430813,Advanced Génifique Hydrogel Melting Mask,Lancôme,Skincare,15.0,budget,4.0833,108,13528,108,108,4.08,81.0,6.0,21.0,75.0,5.56,19.44,71.0,10.0,6.0,7.0,14.0,5,9,Normal Review Profile
P457694,Blue Algae Vitamin C Dark Spot Correcting Peel,Algenist,Skincare,85.0,luxury,4.213,108,11488,108,108,4.21,87.0,8.0,13.0,80.56,7.41,12.04,66.0,21.0,8.0,4.0,9.0,4,9,Normal Review Profile
P483701,Daily Essentials Travel Set,The Outset,Skincare,50.0,premium,4.5741,108,4435,108,108,4.57,94.0,9.0,5.0,87.04,8.33,4.63,83.0,11.0,9.0,3.0,2.0,5,8,Loved Product
P504988,Snow Mushroom Pore Cleanser with Exfoliating Glove,DAMDAM,Skincare,47.0,premium,4.7037,108,606,108,108,4.7,104.0,2.0,2.0,96.3,1.85,1.85,83.0,21.0,2.0,1.0,1.0,5,8,Loved Product
P501031,Pore Remedy 5% Multi-Acid Radiance Peel,Dr. Jart+,Skincare,40.0,premium,4.5741,108,5678,108,108,4.57,104.0,3.0,1.0,96.3,2.78,0.93,68.0,36.0,3.0,0.0,1.0,5,9,Loved Product
P454821,LUNA Mini 3,FOREO,Skincare,179.0,luxury,3.8785,107,16929,107,107,3.88,76.0,11.0,20.0,71.03,10.28,18.69,53.0,23.0,11.0,5.0,15.0,5,10,Normal Review Profile
P468149,Calm Sweet Calm Stress Management Vegan Gummies with Ashwagandha & L-Theanine,HUM Nutrition,Skincare,30.0,mid,4.2056,107,4531,107,107,4.21,84.0,11.0,12.0,78.5,10.28,11.21,64.0,20.0,11.0,5.0,7.0,5,10,Normal Review Profile
P464244,Vitamin C Brightening Toner,Dr. Zenovia Skincare,Skincare,38.0,premium,4.5981,107,3840,107,107,4.6,98.0,8.0,1.0,91.59,7.48,0.93,74.0,24.0,8.0,1.0,0.0,5,9,Loved Product
P475172,Overnight Vitalizing Mask,Sulwhasoo,Skincare,54.0,premium,4.717,106,12664,106,106,4.72,98.0,5.0,3.0,92.45,4.72,2.83,88.0,10.0,5.0,2.0,1.0,5,9,Loved Product
P385320,Trinity + Eye and Lip Enhancer Attachment Bundle,NuFACE,Skincare,449.0,luxury,3.4381,105,16672,105,105,3.44,63.0,7.0,35.0,60.0,6.67,33.33,49.0,14.0,7.0,4.0,31.0,5,7,High Complaint Risk
P402992,Trinity + Eye and Lip Enhancer Attachment Bundle,NuFACE,Skincare,429.0,luxury,3.4381,105,4122,105,105,3.44,63.0,7.0,35.0,60.0,6.67,33.33,49.0,14.0,7.0,4.0,31.0,5,7,High Complaint Risk
P433468,EradiKate Salicylic Acid Acne Treatment,Kate Somerville,Skincare,68.0,luxury,4.1143,105,8230,105,105,4.11,78.0,9.0,18.0,74.29,8.57,17.14,69.0,9.0,9.0,6.0,12.0,4,10,Normal Review Profile
P440926,Mini Drink Up Intensive Overnight Hydrating Mask with Avocado & Swiss Glacier Water,Origins,Skincare,17.0,budget,4.1143,105,26184,105,105,4.11,80.0,10.0,15.0,76.19,9.52,14.29,61.0,19.0,10.0,6.0,9.0,5,9,Normal Review Profile
P440929,Mini Original Skin Retexturizing Mask with Rose Clay,Origins,Skincare,17.0,budget,4.4762,105,29477,105,105,4.48,91.0,6.0,8.0,86.67,5.71,7.62,74.0,17.0,6.0,6.0,2.0,5,10,Loved Product
P464240,10% Glycolic Acne Control Peel Pads,Dr. Zenovia Skincare,Skincare,42.0,premium,4.4095,105,3425,105,105,4.41,94.0,7.0,4.0,89.52,6.67,3.81,59.0,35.0,7.0,3.0,1.0,4,10,Loved Product
P444225,Clean Biotic pH-balanced yogurt cleanser with chlorophyll,Dr. Brandt Skincare,Skincare,36.0,premium,4.2212,104,4790,104,104,4.22,84.0,4.0,16.0,80.77,3.85,15.38,74.0,10.0,4.0,1.0,15.0,5,9,Normal Review Profile
P410755,GenOptics Spot Essence Serum,SK-II,Skincare,225.0,luxury,4.1346,104,4899,104,103,4.13,82.0,10.0,12.0,78.85,9.62,11.54,51.0,31.0,10.0,9.0,3.0,4,6,Normal Review Profile
P483146,Ultra Glow Toner with Vitamins C + E,SEPHORA COLLECTION,Skincare,14.0,budget,4.5865,104,13488,104,104,4.59,95.0,3.0,6.0,91.35,2.88,5.77,78.0,17.0,3.0,4.0,2.0,5,9,Loved Product
P429661,pores no more Mattifying Hydrator Pore Minimizing Gel,Dr. Brandt Skincare,Skincare,50.0,premium,4.2039,103,6925,103,103,4.2,79.0,10.0,14.0,76.7,9.71,13.59,64.0,15.0,10.0,9.0,5.0,4,9,Normal Review Profile
P429526,Multi-Vitamin Infusion Oil,Murad,Skincare,85.0,luxury,4.4272,103,5518,103,103,4.43,89.0,3.0,11.0,86.41,2.91,10.68,76.0,13.0,3.0,4.0,7.0,4,11,Loved Product
P383052,Do Not Age with Dr. Brandt Moisturizing Neck Cream,Dr. Brandt Skincare,Skincare,67.0,luxury,3.7745,102,6096,102,102,3.77,66.0,9.0,27.0,64.71,8.82,26.47,55.0,11.0,9.0,12.0,15.0,5,6,High Complaint Risk
P403748,Black Tea Corset Firming Serum,fresh,Skincare,75.0,luxury,3.901,101,15355,102,102,3.91,69.0,11.0,22.0,67.65,10.78,21.57,55.0,14.0,11.0,13.0,9.0,5,7,High Complaint Risk
P393501,Acne Solutions Cleansing Gel,CLINIQUE,Skincare,23.5,budget,3.8725,102,7215,102,102,3.87,69.0,12.0,21.0,67.65,11.76,20.59,52.0,17.0,12.0,10.0,11.0,5,9,High Complaint Risk
P475112,Pore Clearing Matte Moisturizer with Volcanic Clusters,innisfree,Skincare,24.0,budget,4.5392,102,11430,102,102,4.54,90.0,8.0,4.0,88.24,7.84,3.92,72.0,18.0,8.0,3.0,1.0,5,9,Loved Product
P468672,Clarifying Spot Serum with Bija Seed Oil,innisfree,Skincare,18.0,budget,4.5347,101,3131,102,102,4.54,91.0,8.0,3.0,89.22,7.84,2.94,69.0,22.0,8.0,3.0,0.0,5,9,Loved Product
P377919,Plantscription Anti-Aging Cleanser,Origins,Skincare,36.0,premium,4.2871,101,8293,101,101,4.29,82.0,3.0,16.0,81.19,2.97,15.84,70.0,12.0,3.0,10.0,6.0,5,5,Normal Review Profile
P464237,Retinol Recovery Eye Cream,Dr. Zenovia Skincare,Skincare,64.0,luxury,3.8812,101,1366,101,101,3.88,70.0,19.0,12.0,69.31,18.81,11.88,34.0,36.0,19.0,9.0,3.0,5,9,Normal Review Profile
P482675,Active Blast Concentrated Collagen Daily Treatment,FaceGym,Skincare,65.0,luxury,4.6832,101,1695,101,101,4.68,95.0,4.0,2.0,94.06,3.96,1.98,78.0,17.0,4.0,1.0,1.0,5,10,Loved Product
P395417,Touch Home Permanent Hair Removal Device,iluminage,Skincare,449.0,luxury,3.67,100,14204,100,98,3.67,69.0,2.0,29.0,69.0,2.0,29.0,54.0,15.0,2.0,2.0,27.0,4,8,High Complaint Risk
P447504,AA (Alguronic Acid) Barrier Serum,Algenist,Skincare,85.0,luxury,3.97,100,3877,100,100,3.97,74.0,7.0,19.0,74.0,7.0,19.0,57.0,17.0,7.0,4.0,15.0,4,8,Normal Review Profile
P455618,Full Spectrum 360° Refreshing Water Mist Organic Face Sunscreen SPF 18,COOLA,Skincare,36.0,premium,4.3636,99,11030,100,100,4.37,85.0,4.0,11.0,85.0,4.0,11.0,69.0,16.0,4.0,5.0,6.0,4,10,Loved Product
P475540,Honey Halo Moisturizer Jumbo,Farmacy,Skincare,74.0,luxury,4.7273,99,28597,100,100,4.73,93.0,3.0,4.0,93.0,3.0,4.0,85.0,8.0,3.0,3.0,1.0,5,9,Loved Product
P505408,GOOPGLOW Vita-C Brightening Eye Cream,goop,Skincare,58.0,premium,4.2308,26,10,100,100,4.21,81.0,15.0,4.0,81.0,15.0,4.0,47.0,34.0,15.0,1.0,3.0,5,9,Normal Review Profile
P469086,Facial Cleansing Tool,SEPHORA COLLECTION,Skincare,8.0,budget,4.73,100,21304,100,100,4.73,92.0,5.0,3.0,92.0,5.0,3.0,86.0,6.0,5.0,1.0,2.0,5,10,Loved Product
P467972,The C Drops – 20% Vitamin C Blend Brightening Serum,Saint Jane Beauty,Skincare,90.0,luxury,4.75,100,5557,100,100,4.75,94.0,3.0,3.0,94.0,3.0,3.0,86.0,8.0,3.0,1.0,2.0,5,9,Loved Product
P482510,The Ultimate Soothing Cream,Augustinus Bader,Skincare,290.0,luxury,4.65,100,1933,100,100,4.67,93.0,5.0,2.0,93.0,5.0,2.0,76.0,17.0,5.0,2.0,0.0,4,10,Loved Product
P505711,Polyglutamic Acid Dewy Sunscreen SPF 30,The INKEY List,Skincare,14.99,budget,4.8654,52,164,100,100,4.69,91.0,9.0,0.0,91.0,9.0,0.0,78.0,13.0,9.0,0.0,0.0,5,7,Loved Product
P505338,Pore Perfecting Liquid Exfoliator with 2% BHA + Borage,alpyn beauty,Skincare,39.0,premium,4.9231,91,654,100,100,4.93,100.0,0.0,0.0,100.0,0.0,0.0,93.0,7.0,0.0,0.0,0.0,5,11,Loved Product
P460627,Saturn Sulfur + Niacinamide Spot Treatment Mask,Sunday Riley,Skincare,20.0,budget,3.1515,99,8678,99,99,3.15,47.0,13.0,39.0,47.47,13.13,39.39,34.0,13.0,13.0,12.0,27.0,5,11,Low Satisfaction Product
P504523,Futuredew Facial Oil-Serum Hybrid,Glossier,Skincare,26.0,mid,3.9651,86,17832,99,99,3.89,68.0,14.0,17.0,68.69,14.14,17.17,50.0,18.0,14.0,4.0,13.0,5,11,Normal Review Profile
P392004,Blue Orchid Radiance & Hydrating Natural Face Treatment Oil,Clarins,Skincare,65.0,luxury,4.4184,98,10782,99,99,4.38,84.0,5.0,10.0,84.85,5.05,10.1,70.0,14.0,5.0,3.0,7.0,5,9,Normal Review Profile
P455931,Sake Toning Essence,Shani Darden Skin Care,Skincare,52.0,premium,4.4444,99,8073,99,99,4.44,86.0,5.0,8.0,86.87,5.05,8.08,69.0,17.0,5.0,4.0,4.0,5,9,Normal Review Profile
P433974,Supercharge Anti-Oxidant Moisture Serum,Naturally Serious,Skincare,39.0,premium,4.5758,99,3597,99,99,4.58,89.0,4.0,6.0,89.9,4.04,6.06,74.0,15.0,4.0,5.0,1.0,5,9,Normal Review Profile
P429659,Squalane + Hyaluronic Toning Mist,Biossance,Skincare,32.0,mid,4.2551,98,28719,98,98,4.26,80.0,8.0,10.0,81.63,8.16,10.2,60.0,20.0,8.0,3.0,7.0,5,9,Normal Review Profile
P480165,Healthy Skin Starter Kit,Farmacy,Skincare,42.0,premium,4.7653,98,20010,98,98,4.77,94.0,2.0,2.0,95.92,2.04,2.04,82.0,12.0,2.0,1.0,1.0,5,9,Normal Review Profile
P504849,Plumping Power Duo,Glow Recipe,Skincare,54.0,premium,4.8454,97,12092,98,98,4.84,94.0,4.0,0.0,95.92,4.08,0.0,86.0,8.0,4.0,0.0,0.0,5,9,Normal Review Profile
P500614,Gentle Brightening Gel Cleanser with Mandelic Acid,Hyper Skin,Skincare,28.0,mid,4.701,97,5176,97,97,4.7,92.0,3.0,2.0,94.85,3.09,2.06,77.0,15.0,3.0,0.0,2.0,5,10,Normal Review Profile
P463613,Moisture Surge Intense 72H Lipid-Replenishing Hydrator Moisturizer,CLINIQUE,Skincare,44.0,premium,3.4688,96,6473,96,95,3.47,55.0,11.0,30.0,57.29,11.46,31.25,44.0,11.0,11.0,6.0,24.0,5,9,Low Satisfaction Product
P469111,KateCeuticals Lifting Eye Cream,Kate Somerville,Skincare,140.0,luxury,4.6354,96,3993,96,96,4.64,90.0,1.0,5.0,93.75,1.04,5.21,77.0,13.0,1.0,0.0,5.0,5,10,Normal Review Profile
P505047,High Performance Face Serum with Vitamin C and Hyaluronic Acid,MACRENE actives,Skincare,195.0,luxury,4.9268,41,254,96,96,4.93,94.0,2.0,0.0,97.92,2.08,0.0,91.0,3.0,2.0,0.0,0.0,5,9,Normal Review Profile
P463964,Pink Drink Firming Resurfacing Peptide Face Mist,Sunday Riley,Skincare,48.0,premium,3.8085,94,19808,95,95,3.82,59.0,15.0,21.0,62.11,15.79,22.11,50.0,9.0,15.0,11.0,10.0,5,9,Normal Review Profile
P392142,Nourishing Makeup Removing Oil Cleanser,Tata Harper,Skincare,88.0,luxury,4.0211,95,9393,95,95,4.02,71.0,8.0,16.0,74.74,8.42,16.84,51.0,20.0,8.0,7.0,9.0,5,10,Normal Review Profile
P442853,Focuspot Blemish Micro Tip Patch,Dr. Jart+,Skincare,20.0,budget,3.9684,95,0,95,95,3.97,68.0,16.0,11.0,71.58,16.84,11.58,40.0,28.0,16.0,6.0,5.0,5,10,Normal Review Profile
P442540,Vitamin A Serum with 0.5% Retinol,Alpha-H,Skincare,65.0,luxury,4.3579,95,7074,95,95,4.36,82.0,9.0,4.0,86.32,9.47,4.21,53.0,29.0,9.0,2.0,2.0,4,8,Normal Review Profile
P379705,Hydrating Hyaluronic Acid Floral Essence,Tata Harper,Skincare,76.0,luxury,3.883,94,13637,94,94,3.88,62.0,13.0,19.0,65.96,13.83,20.21,43.0,19.0,13.0,16.0,3.0,4,9,Normal Review Profile
P379995,Perfectionist CP+R Wrinkle Lifting/Firming Serum,Estée Lauder,Skincare,120.0,luxury,4.2234,94,14820,94,94,4.22,73.0,8.0,13.0,77.66,8.51,13.83,63.0,10.0,8.0,5.0,8.0,5,6,Normal Review Profile
P471045,Daily Deflector Mineral Sunscreen SPF 40  PA++++,Kate Somerville,Skincare,54.0,premium,4.4149,94,2924,94,94,4.41,79.0,10.0,5.0,84.04,10.64,5.32,62.0,17.0,10.0,2.0,3.0,5,9,Normal Review Profile
P505140,Plumping High Performance Lip Filler with Hyaluronic Acid,MACRENE actives,Skincare,95.0,luxury,4.7692,26,422,94,94,4.53,83.0,8.0,3.0,88.3,8.51,3.19,66.0,17.0,8.0,1.0,2.0,5,7,Normal Review Profile
P471042,Next Level Moisturizer,iNNBEAUTY PROJECT,Skincare,24.0,budget,4.4946,93,8788,93,93,4.49,78.0,7.0,8.0,83.87,7.53,8.6,72.0,6.0,7.0,5.0,3.0,5,8,Normal Review Profile
P475180,On The Go Best Sellers Travel Kit,TULA Skincare,Skincare,49.0,premium,4.2366,93,5711,93,93,4.24,79.0,8.0,6.0,84.95,8.6,6.45,45.0,34.0,8.0,3.0,3.0,4,10,Normal Review Profile
P471567,Checks and Balances Polishing Exfoliator,Origins,Skincare,27.0,mid,4.4624,93,7274,93,93,4.46,81.0,7.0,5.0,87.1,7.53,5.38,62.0,19.0,7.0,3.0,2.0,5,9,Normal Review Profile
P502322,The Healthy Skin Edit Bestsellers Kit,iNNBEAUTY PROJECT,Skincare,36.0,premium,4.7849,93,5447,93,93,4.78,91.0,1.0,1.0,97.85,1.08,1.08,77.0,14.0,1.0,0.0,1.0,5,8,Normal Review Profile
P440072,Noni Glow Overnight Plumping Hydration Mask,KORA Organics,Skincare,52.0,premium,3.7283,92,12672,92,92,3.73,60.0,9.0,23.0,65.22,9.78,25.0,45.0,15.0,9.0,8.0,15.0,4,9,Normal Review Profile
P374115,Pore Refining Solutions Stay-Matte Hydrator,CLINIQUE,Skincare,44.0,premium,4.0761,92,7842,92,92,4.08,72.0,4.0,16.0,78.26,4.35,17.39,54.0,18.0,4.0,5.0,11.0,5,9,Normal Review Profile
P482328,Mini Natural Moisturizing Factors + HA,The Ordinary,Skincare,6.5,budget,3.9213,89,38431,92,92,3.96,68.0,12.0,12.0,73.91,13.04,13.04,38.0,30.0,12.0,6.0,6.0,5,9,Normal Review Profile
P474121,SD Advanced  PLUS Intensive Moisturizer For Wrinkles & Stretch Marks,StriVectin,Skincare,82.0,luxury,4.6848,92,3783,92,92,4.68,87.0,3.0,2.0,94.57,3.26,2.17,72.0,15.0,3.0,0.0,2.0,5,9,Normal Review Profile
P474940,Mini Even Better Clinical Radical Dark Spot Corrector + Interrupter Serum,CLINIQUE,Skincare,21.0,budget,3.5824,91,1728,91,91,3.58,56.0,8.0,27.0,61.54,8.79,29.67,45.0,11.0,8.0,6.0,21.0,4,9,Normal Review Profile
P455622,Even Better Clinical Radical Dark Spot Corrector + Interrupter Serum,CLINIQUE,Skincare,85.0,luxury,3.5824,91,22013,91,91,3.58,56.0,8.0,27.0,61.54,8.79,29.67,45.0,11.0,8.0,6.0,21.0,4,9,Normal Review Profile
P422004,Ultra Facial Moisturizer Sunscreen SPF 30,Kiehl's Since 1851,Skincare,38.0,premium,3.7473,91,12320,91,91,3.75,56.0,17.0,18.0,61.54,18.68,19.78,40.0,16.0,17.0,8.0,10.0,5,10,Normal Review Profile
P468709,100% Niacinamide Powder,The Ordinary,Skincare,6.4,budget,4.3187,91,27717,91,91,4.32,75.0,7.0,9.0,82.42,7.69,9.89,59.0,16.0,7.0,4.0,5.0,5,11,Normal Review Profile
P440484,"Facial Spray with Aloe, Chamomile and Lavender",Mario Badescu,Skincare,7.0,budget,4.4396,91,16337,91,91,4.44,78.0,7.0,6.0,85.71,7.69,6.59,62.0,16.0,7.0,3.0,3.0,5,10,Normal Review Profile
P474839,Counter Cravings - Helps Reduce Cravings and Boosts Metabolism,HUM Nutrition,Skincare,50.0,premium,4.4,90,5494,91,91,4.41,81.0,6.0,4.0,89.01,6.59,4.4,52.0,29.0,6.0,3.0,1.0,4,8,Normal Review Profile
P2046,Brumisateur Natural Mineral Water Facial Spray Travel Trio,Evian,Skincare,23.5,budget,4.6813,91,10378,91,90,4.68,84.0,5.0,2.0,92.31,5.49,2.2,72.0,12.0,5.0,1.0,1.0,5,8,Normal Review Profile
P469112,KateCeuticals Total Repair Cream,Kate Somerville,Skincare,140.0,luxury,4.7143,91,2129,91,91,4.71,83.0,6.0,2.0,91.21,6.59,2.2,75.0,8.0,6.0,2.0,0.0,5,9,Normal Review Profile
P421271,Wrinkle Warrior Eye Gel Visible Dark Circle Eraser,Kate Somerville,Skincare,76.0,luxury,3.0667,90,4822,90,90,3.07,38.0,15.0,37.0,42.22,16.67,41.11,27.0,11.0,15.0,15.0,22.0,5,9,Low Satisfaction Product
P424985,THE WATER Hydrating Self-Tan Water,TAN-LUXE,Skincare,48.0,premium,4.0,90,14995,90,90,4.0,67.0,5.0,18.0,74.44,5.56,20.0,50.0,17.0,5.0,9.0,9.0,5,6,Normal Review Profile
P472467,GLO to Go Teeth Whitening Pen,GLO Science,Skincare,25.0,budget,4.4889,90,8059,90,90,4.49,78.0,3.0,9.0,86.67,3.33,10.0,71.0,7.0,3.0,3.0,6.0,5,10,Normal Review Profile
P480608,Equilibrium Instant Plumping Eye Mask,Hourglass,Skincare,68.0,luxury,4.4719,89,3935,90,90,4.48,79.0,5.0,6.0,87.78,5.56,6.67,63.0,16.0,5.0,3.0,3.0,5,8,Normal Review Profile
P469517,CLEAR Oil-Free Moisturizer,Paula's Choice,Skincare,29.0,mid,4.5281,89,16079,90,90,4.53,81.0,3.0,6.0,90.0,3.33,6.67,69.0,12.0,3.0,0.0,6.0,4,9,Normal Review Profile
P503683,Acne Salicylic Acid Day & Night Duo,Peace Out,Skincare,19.0,budget,4.7073,82,6248,89,89,4.7,83.0,3.0,3.0,93.26,3.37,3.37,72.0,11.0,3.0,2.0,1.0,5,7,Normal Review Profile
P502200,HydraKate Recharging Serum with Hyaluronic Acid,Kate Somerville,Skincare,78.0,luxury,4.764,89,1808,89,89,4.76,85.0,3.0,1.0,95.51,3.37,1.12,74.0,11.0,3.0,0.0,1.0,5,8,Normal Review Profile
P456991,Superdefense City Block Broad Spectrum SPF 50 Daily Energy + Face Protector Primer,CLINIQUE,Skincare,32.0,mid,3.6932,88,5615,88,88,3.69,59.0,3.0,26.0,67.05,3.41,29.55,46.0,13.0,3.0,8.0,18.0,4,8,Normal Review Profile
P432421,SUPERMASK - The Charcoal Mask,SEPHORA COLLECTION,Skincare,5.5,budget,3.7614,88,16867,88,88,3.76,56.0,12.0,20.0,63.64,13.64,22.73,43.0,13.0,12.0,8.0,12.0,5,10,Normal Review Profile
P404169,POWER Advanced Wrinkle Fighter 360° Eye Serum,Algenist,Skincare,70.0,luxury,4.023,87,9082,88,88,4.03,67.0,3.0,18.0,76.14,3.41,20.45,52.0,15.0,3.0,8.0,10.0,5,9,Normal Review Profile
P383051,Do Not Age with Dr. Brandt Time Defying Cream,Dr. Brandt Skincare,Skincare,132.0,luxury,4.0114,88,2722,88,88,4.01,64.0,8.0,16.0,72.73,9.09,18.18,47.0,17.0,8.0,10.0,6.0,5,7,Normal Review Profile
P450587,Illumi-nation Anti-Fatigue Power Serum,Naturally Serious,Skincare,39.0,premium,4.6705,88,2843,88,88,4.67,85.0,0.0,3.0,96.59,0.0,3.41,67.0,18.0,0.0,1.0,2.0,5,9,Normal Review Profile
P503809,Bounce-Boosting Serum with Collagen + Peptides,First Aid Beauty,Skincare,44.0,premium,4.7273,88,7214,88,88,4.73,82.0,4.0,2.0,93.18,4.55,2.27,74.0,8.0,4.0,0.0,2.0,5,6,Normal Review Profile
P474838,Boost Sweet Boost - Vegan Gummies for Immune Support,HUM Nutrition,Skincare,26.0,mid,4.8636,88,1748,88,88,4.86,87.0,1.0,0.0,98.86,1.14,0.0,77.0,10.0,1.0,0.0,0.0,5,10,Normal Review Profile
P471040,Foam Around Clarifying Daily Cleanser Infused with Glycolic Acid,iNNBEAUTY PROJECT,Skincare,22.0,budget,4.3908,87,7064,87,87,4.39,73.0,3.0,11.0,83.91,3.45,12.64,64.0,9.0,3.0,6.0,5.0,5,9,Normal Review Profile
P438643,The Balance pH Balancing Gel Cleanser,BeautyBio,Skincare,39.0,premium,4.4713,87,10844,87,87,4.47,75.0,3.0,9.0,86.21,3.45,10.34,67.0,8.0,3.0,4.0,5.0,5,10,Normal Review Profile
P479701,EradiKate Acne Mark Fading Gel with Salicylic Acid,Kate Somerville,Skincare,68.0,luxury,4.7011,87,4497,87,87,4.7,80.0,5.0,2.0,91.95,5.75,2.3,72.0,8.0,5.0,0.0,2.0,5,8,Normal Review Profile
P440306,SEA Mini Drink of H2O Hydrating Boost Moisturizer,tarte,Skincare,14.0,budget,3.5814,86,12223,86,86,3.58,53.0,5.0,28.0,61.63,5.81,32.56,41.0,12.0,5.0,12.0,16.0,5,9,Normal Review Profile
P402943,Silk Pillowcase - King,Slip,Skincare,110.0,luxury,3.8256,86,25496,86,83,3.83,58.0,4.0,24.0,67.44,4.65,27.91,53.0,5.0,4.0,8.0,16.0,5,7,Normal Review Profile
P382356,Age Arrest Anti-Wrinkle Cream,Kate Somerville,Skincare,98.0,luxury,4.0349,86,6101,86,86,4.03,63.0,6.0,17.0,73.26,6.98,19.77,57.0,6.0,6.0,3.0,14.0,5,6,Normal Review Profile
P401570,Mega-Mushroom Skin Relief Micellar Cleanser,Origins,Skincare,37.0,premium,4.5,86,11239,86,86,4.5,75.0,3.0,8.0,87.21,3.49,9.3,65.0,10.0,3.0,5.0,3.0,5,8,Normal Review Profile
P454771,Aglow Cleansing Butter,lilah b.,Skincare,14.0,budget,4.5349,86,4469,86,86,4.53,76.0,3.0,7.0,88.37,3.49,8.14,68.0,8.0,3.0,2.0,5.0,5,10,Normal Review Profile
P502197,HydraKate Recharging Water Cream Moisturizer,Kate Somerville,Skincare,76.0,luxury,4.8256,86,3226,86,86,4.83,83.0,3.0,0.0,96.51,3.49,0.0,74.0,9.0,3.0,0.0,0.0,5,8,Normal Review Profile
P444013,Crystal Facial Roller Set,SEPHORA COLLECTION,Skincare,35.0,mid,4.1176,85,31468,85,85,4.12,64.0,8.0,13.0,75.29,9.41,15.29,52.0,12.0,8.0,5.0,8.0,5,10,Normal Review Profile
P456413,Mini Greek Yoghurt Foaming Cream Cleanser,KORRES,Skincare,16.0,budget,4.2471,85,12738,85,85,4.25,66.0,11.0,8.0,77.65,12.94,9.41,54.0,12.0,11.0,2.0,6.0,5,11,Normal Review Profile
P410101,Broad Spectrum SPF 50 Mineral Sunscreen Fluid for Face,CLINIQUE,Skincare,31.0,mid,3.4405,84,8842,84,84,3.44,44.0,17.0,23.0,52.38,20.24,27.38,29.0,15.0,17.0,10.0,13.0,5,10,Low Satisfaction Product
P422005,Ultra Facial Moisturizer,Kiehl's Since 1851,Skincare,38.0,premium,3.7143,84,10346,84,84,3.71,52.0,13.0,19.0,61.9,15.48,22.62,42.0,10.0,13.0,4.0,15.0,5,10,Normal Review Profile
P450947,Mini A-Passioni Retinol Cream,Drunk Elephant,Skincare,28.0,mid,4.0,84,31898,84,84,4.0,63.0,6.0,15.0,75.0,7.14,17.86,42.0,21.0,6.0,9.0,6.0,5,8,Normal Review Profile
P438628,Contouring + De-Puffing Rose Quartz Roller,BeautyBio,Skincare,65.0,luxury,4.5833,84,18126,84,84,4.58,74.0,2.0,8.0,88.1,2.38,9.52,73.0,1.0,2.0,2.0,6.0,5,10,Normal Review Profile
P442539,Vitamin B Serum with 5% Niacinamide and Peptides,Alpha-H,Skincare,65.0,luxury,4.2619,84,6331,84,84,4.26,72.0,6.0,6.0,85.71,7.14,7.14,44.0,28.0,6.0,2.0,4.0,4,10,Normal Review Profile
P500753,Daily Glow Toner with Niacinamide,Charlotte Tilbury,Skincare,55.0,premium,4.381,84,7914,84,84,4.38,68.0,13.0,3.0,80.95,15.48,3.57,52.0,16.0,13.0,2.0,1.0,5,10,Normal Review Profile
P476679,Multi-Sculpt High-Performance Gua Sha,FaceGym,Skincare,65.0,luxury,4.8795,83,5082,84,84,4.88,83.0,0.0,1.0,98.81,0.0,1.19,77.0,6.0,0.0,0.0,1.0,5,9,Normal Review Profile
P399656,Fab Faves To Go Kit,First Aid Beauty,Skincare,30.0,mid,4.5854,82,10231,83,83,4.54,74.0,4.0,5.0,89.16,4.82,6.02,61.0,13.0,4.0,3.0,2.0,5,9,Normal Review Profile
P481341,Alpha Beta Daily Moisturizer,Dr. Dennis Gross Skincare,Skincare,72.0,luxury,4.561,82,4205,83,83,4.57,73.0,7.0,3.0,87.95,8.43,3.61,60.0,13.0,7.0,3.0,0.0,4,9,Normal Review Profile
P504892,Refine AHA + BHA Texture & Pore Serum,iNNBEAUTY PROJECT,Skincare,38.0,premium,4.7895,57,790,83,83,4.75,80.0,2.0,1.0,96.39,2.41,1.2,66.0,14.0,2.0,1.0,0.0,5,6,Normal Review Profile
P482005,Fan Club - multi-symptom menopause support,HUM Nutrition,Skincare,40.0,premium,4.8171,82,728,83,83,4.82,81.0,2.0,0.0,97.59,2.41,0.0,70.0,11.0,2.0,0.0,0.0,5,9,Normal Review Profile
P438635,The Pout Sparkling Rosé Hyaluronic Acid Collagen Plumping Lip Serum,BeautyBio,Skincare,39.0,premium,3.4268,82,15560,82,81,3.43,45.0,8.0,29.0,54.88,9.76,35.37,35.0,10.0,8.0,13.0,16.0,5,9,Low Satisfaction Product
P447773,PITERA First Experience Kit,SK-II,Skincare,99.0,luxury,3.9146,82,30424,82,82,3.91,60.0,2.0,20.0,73.17,2.44,24.39,47.0,13.0,2.0,8.0,12.0,5,9,Normal Review Profile
P453822,Dark Spots No More Triple Acid Spot Minimizing Concentrate,Dr. Brandt Skincare,Skincare,71.0,luxury,3.9634,82,9838,82,82,3.96,62.0,4.0,16.0,75.61,4.88,19.51,42.0,20.0,4.0,7.0,9.0,4,9,Normal Review Profile
P386759,Moody Bird PMS Support Supplement,HUM Nutrition,Skincare,26.0,mid,4.2222,81,9393,82,82,4.22,66.0,2.0,14.0,80.49,2.44,17.07,59.0,7.0,2.0,3.0,11.0,5,9,Normal Review Profile
P399622,Luminous Deep Hydration Lifting Mask,Tatcha,Skincare,95.0,luxury,4.4074,81,27298,82,82,4.41,70.0,3.0,9.0,85.37,3.66,10.98,62.0,8.0,3.0,2.0,7.0,5,9,Normal Review Profile
P475907,The Serum with  TFC8,Augustinus Bader,Skincare,390.0,luxury,3.9877,81,2556,82,82,3.96,59.0,16.0,7.0,71.95,19.51,8.54,29.0,30.0,16.0,5.0,2.0,5,10,Normal Review Profile
P502479,Kombucha + 10% AHA Liquid Exfoliant with Lactic Acid and Glycolic Acid,Youth To The People,Skincare,42.0,premium,4.5926,81,11299,82,82,4.6,74.0,3.0,5.0,90.24,3.66,6.1,63.0,11.0,3.0,4.0,1.0,5,10,Normal Review Profile
P412407,Clarifying Moisturizer,Tata Harper,Skincare,130.0,luxury,3.8519,81,6554,81,80,3.85,58.0,3.0,20.0,71.6,3.7,24.69,44.0,14.0,3.0,7.0,13.0,5,8,Normal Review Profile
P459131,3 Mega Wonders,OLEHENRIKSEN,Skincare,65.0,luxury,4.2346,81,22166,81,81,4.23,64.0,5.0,12.0,79.01,6.17,14.81,54.0,10.0,5.0,6.0,6.0,4,9,Normal Review Profile
P431733,Epidermal Re-Texturizing Micro-Dermabrasion,Kiehl's Since 1851,Skincare,46.0,premium,4.6173,81,17152,81,81,4.62,73.0,1.0,7.0,90.12,1.23,8.64,69.0,4.0,1.0,3.0,4.0,5,9,Normal Review Profile
P476894,NUDESKIN Lemon-Aid Detox & Glow Micro-Peel,NUDESTIX,Skincare,35.0,mid,4.4691,81,1215,81,81,4.47,75.0,4.0,2.0,92.59,4.94,2.47,47.0,28.0,4.0,1.0,1.0,5,9,Normal Review Profile
P500111,Womb Service - OBGYN Formulated Prenatal Support Supplement,HUM Nutrition,Skincare,45.0,premium,4.8148,81,864,81,81,4.81,79.0,1.0,1.0,97.53,1.23,1.23,69.0,10.0,1.0,1.0,0.0,5,9,Normal Review Profile
P469110,KateCeuticals Firming Serum with Hyaluronic Acid,Kate Somerville,Skincare,110.0,luxury,4.8765,81,2724,81,81,4.88,80.0,1.0,0.0,98.77,1.23,0.0,72.0,8.0,1.0,0.0,0.0,5,10,Normal Review Profile
P505452,Clarifique Pro-Solution Brightening & Dark Spot Reducing Serum,Lancôme,Skincare,85.0,luxury,4.4,5,23,81,81,4.54,78.0,3.0,0.0,96.3,3.7,0.0,47.0,31.0,3.0,0.0,0.0,5,9,Normal Review Profile
P505233,Honey Infused Lip Oil,Gisou,Skincare,32.0,mid,4.9474,19,547,81,81,4.9,80.0,1.0,0.0,98.77,1.23,0.0,74.0,6.0,1.0,0.0,0.0,5,8,Normal Review Profile
P440490,Acne Facial Cleanser,Mario Badescu,Skincare,15.0,budget,3.7625,80,13045,80,80,3.76,51.0,10.0,19.0,63.75,12.5,23.75,40.0,11.0,10.0,8.0,11.0,4,10,Normal Review Profile
P502749,SuperSolutions 5% Benzoyl Peroxide Cleanser Acne Solution,The INKEY List,Skincare,17.99,budget,3.7722,79,6148,79,79,3.77,52.0,18.0,9.0,65.82,22.78,11.39,20.0,32.0,18.0,7.0,2.0,5,8,Normal Review Profile
P378219,White Lucent Power Brightening Mask,Shiseido,Skincare,72.0,luxury,4.2532,79,13301,79,79,4.25,67.0,3.0,9.0,84.81,3.8,11.39,47.0,20.0,3.0,3.0,6.0,5,8,Normal Review Profile
P479703,EradiKate Clarifying Acne Gel Cleanser with Salicylic Acid,Kate Somerville,Skincare,44.0,premium,4.6709,79,2655,79,79,4.67,75.0,2.0,2.0,94.94,2.53,2.53,59.0,16.0,2.0,2.0,0.0,5,9,Normal Review Profile
P502691,SuperSolutions 1% Retinol Serum,The INKEY List,Skincare,24.99,budget,4.1558,77,13720,78,78,4.13,58.0,14.0,6.0,74.36,17.95,7.69,38.0,20.0,14.0,4.0,2.0,5,8,Normal Review Profile
P422428,Hydra Zen Anti-Stress Moisturizing Face Cream,Lancôme,Skincare,57.0,premium,4.2692,78,5273,78,78,4.27,66.0,6.0,6.0,84.62,7.69,7.69,42.0,24.0,6.0,3.0,3.0,5,10,Normal Review Profile
P408241,Plantscription Youth-Renewing Power Night Cream,Origins,Skincare,73.0,luxury,4.5897,78,9952,78,78,4.59,71.0,3.0,4.0,91.03,3.85,5.13,58.0,13.0,3.0,3.0,1.0,5,9,Normal Review Profile
P504016,Mini Evening Primrose + Green Tea Algae Retinol Face Oil,MARA,Skincare,66.0,luxury,4.9487,78,1039,78,78,4.95,78.0,0.0,0.0,100.0,0.0,0.0,74.0,4.0,0.0,0.0,0.0,5,5,Normal Review Profile
P504031,Evening Primrose + Green Tea Algae Retinol Face Oil,MARA,Skincare,120.0,luxury,4.9487,78,940,78,78,4.95,78.0,0.0,0.0,100.0,0.0,0.0,74.0,4.0,0.0,0.0,0.0,5,5,Normal Review Profile
P404168,POWER Advanced Wrinkle Fighter Moisturizer,Algenist,Skincare,85.0,luxury,4.1818,77,5169,77,77,4.18,59.0,5.0,13.0,76.62,6.49,16.88,50.0,9.0,5.0,8.0,5.0,4,8,Normal Review Profile
P461161,FAB Pharma BHA Acne Spot Treatment Gel 2% Salicylic Acid,First Aid Beauty,Skincare,26.0,mid,4.2857,77,13002,77,77,4.29,62.0,3.0,12.0,80.52,3.9,15.58,59.0,3.0,3.0,2.0,10.0,5,8,Normal Review Profile
P483496,Salicylic Acid 2% Exfoliating Blemish Solution,The Ordinary,Skincare,6.5,budget,4.2535,71,43971,77,76,4.18,60.0,5.0,12.0,77.92,6.49,15.58,49.0,11.0,5.0,6.0,6.0,5,9,Normal Review Profile
P446629,Clean Pro,PMD,Skincare,149.0,luxury,4.2857,77,3044,77,77,4.29,61.0,6.0,10.0,79.22,7.79,12.99,57.0,4.0,6.0,1.0,9.0,5,9,Normal Review Profile
P395723,Classic Body Organic Sunscreen Spray SPF 50 Fragrance-Free,COOLA,Skincare,28.0,mid,4.3636,77,12498,77,77,4.36,66.0,3.0,8.0,85.71,3.9,10.39,49.0,17.0,3.0,6.0,2.0,5,6,Normal Review Profile
P473336,The Youth System,Youth To The People,Skincare,59.0,luxury,4.5526,76,53522,77,77,4.51,67.0,3.0,7.0,87.01,3.9,9.09,62.0,5.0,3.0,1.0,6.0,5,9,Normal Review Profile
P442546,Balancing Cleanser,Alpha-H,Skincare,38.0,premium,4.5455,77,3612,77,77,4.55,68.0,6.0,3.0,88.31,7.79,3.9,54.0,14.0,6.0,3.0,0.0,5,8,Normal Review Profile
P401158,PMD Personal Microderm with Hand & Foot Kit,PMD,Skincare,159.0,luxury,4.6494,77,10303,77,77,4.65,71.0,4.0,2.0,92.21,5.19,2.6,59.0,12.0,4.0,1.0,1.0,5,9,Normal Review Profile
P481086,Liftwear Brightening Vitamin C Gel-Cream,FaceGym,Skincare,60.0,luxury,4.6753,77,936,77,77,4.68,71.0,4.0,2.0,92.21,5.19,2.6,60.0,11.0,4.0,2.0,0.0,5,9,Normal Review Profile
P503926,The Face Cream Mask,Augustinus Bader,Skincare,215.0,luxury,4.375,48,684,77,77,4.42,66.0,10.0,1.0,85.71,12.99,1.3,44.0,22.0,10.0,1.0,0.0,4,7,Normal Review Profile
P500160,Mineral Sun Defense Moisturizer Broad Spectrum SPF 30,Naturally Serious,Skincare,36.0,premium,4.3766,77,647,77,77,4.38,68.0,8.0,1.0,88.31,10.39,1.3,39.0,29.0,8.0,1.0,0.0,5,8,Normal Review Profile
P469478,Party Recharge Hydrating Hyaluronic Under Eye Masks,INC.redible,Skincare,20.0,budget,3.6842,76,30543,76,76,3.68,47.0,11.0,18.0,61.84,14.47,23.68,34.0,13.0,11.0,7.0,11.0,5,8,Normal Review Profile
P411360,Hyaluronic Marine Hydrating Modeling Mask,Dr. Dennis Gross Skincare,Skincare,52.0,premium,4.0921,76,9464,76,76,4.09,57.0,6.0,13.0,75.0,7.89,17.11,46.0,11.0,6.0,6.0,7.0,5,8,Normal Review Profile
P473723,Hydrating Petal Cream – 1% Pure Hyaluronic Acid Moisturizer,Saint Jane Beauty,Skincare,68.0,luxury,4.5395,76,4072,76,75,4.54,66.0,2.0,8.0,86.84,2.63,10.53,62.0,4.0,2.0,5.0,3.0,5,7,Normal Review Profile
P475188,Instant De-Puff Eye Renewal Serum,TULA Skincare,Skincare,58.0,premium,4.2105,76,4283,76,76,4.21,60.0,12.0,4.0,78.95,15.79,5.26,38.0,22.0,12.0,2.0,2.0,5,9,Normal Review Profile
P502169,Barrier+ Besties Hydrating and Nourishing Kit,Skinfix,Skincare,40.0,premium,4.7162,74,10557,76,76,4.72,72.0,1.0,3.0,94.74,1.32,3.95,62.0,10.0,1.0,3.0,0.0,5,8,Normal Review Profile
P504059,Chlorella + Reishi Sea Vitamin C Sérum,MARA,Skincare,96.0,luxury,4.9032,62,1554,76,76,4.88,76.0,0.0,0.0,100.0,0.0,0.0,67.0,9.0,0.0,0.0,0.0,5,7,Normal Review Profile
P476678,Face Coach Lifting Squalane Face Oil,FaceGym,Skincare,70.0,luxury,4.6053,76,2438,76,76,4.61,73.0,3.0,0.0,96.05,3.95,0.0,49.0,24.0,3.0,0.0,0.0,5,9,Normal Review Profile
P440502,Hyaluronic Eye Cream,Mario Badescu,Skincare,18.0,budget,3.24,75,10678,75,75,3.24,37.0,10.0,28.0,49.33,13.33,37.33,25.0,12.0,10.0,12.0,16.0,4,9,Low Satisfaction Product
P454090,Cosmic Cream Collagen Protecting Moisturizer,Moon Juice,Skincare,58.0,premium,3.4667,75,4295,75,75,3.47,44.0,4.0,27.0,58.67,5.33,36.0,37.0,7.0,4.0,8.0,19.0,4,9,Low Satisfaction Product
P465808,4 Piece Facial Razor Set,SEPHORA COLLECTION,Skincare,12.0,budget,3.44,75,34580,75,75,3.44,39.0,13.0,23.0,52.0,17.33,30.67,33.0,6.0,13.0,7.0,16.0,5,9,Low Satisfaction Product
P474972,Symbright Brightening Moisturizer,The INKEY List,Skincare,13.99,budget,3.3467,75,6523,75,75,3.35,39.0,14.0,22.0,52.0,18.67,29.33,18.0,21.0,14.0,13.0,9.0,5,9,Low Satisfaction Product
P454395,Mini Lotus Youth Preserve Moisturizer,fresh,Skincare,21.0,budget,3.7733,75,16661,75,75,3.77,51.0,7.0,17.0,68.0,9.33,22.67,36.0,15.0,7.0,5.0,12.0,4,9,Normal Review Profile
P406941,Multi-Active Anti-Aging Day Moisturizer with SPF 20 for Glowing Skin,Clarins,Skincare,59.0,luxury,3.7467,75,5083,75,75,3.75,49.0,10.0,16.0,65.33,13.33,21.33,34.0,15.0,10.0,5.0,11.0,5,8,Normal Review Profile
P434340,De-Puffing Rose Quartz Facial Roller,Mount Lai,Skincare,40.0,premium,4.0,75,18840,75,75,4.0,55.0,7.0,13.0,73.33,9.33,17.33,43.0,12.0,7.0,3.0,10.0,5,8,Normal Review Profile
P379704,Retinoic Nutrient Face Oil With Vitamin A,Tata Harper,Skincare,165.0,luxury,4.2,75,11417,75,75,4.2,58.0,8.0,9.0,77.33,10.67,12.0,48.0,10.0,8.0,2.0,7.0,5,8,Normal Review Profile
P447597,100% Organic Virgin Chia Seed Oil,The Ordinary,Skincare,8.5,budget,4.1892,74,21125,75,75,4.17,55.0,11.0,9.0,73.33,14.67,12.0,44.0,11.0,11.0,7.0,2.0,4,9,Normal Review Profile
P475906,The Eye Cream with  TFC8,Augustinus Bader,Skincare,220.0,luxury,4.2267,75,2922,75,75,4.23,59.0,10.0,6.0,78.67,13.33,8.0,43.0,16.0,10.0,2.0,4.0,4,9,Normal Review Profile
P467028,Glow In A Wink ExfoliKate Bestsellers Set,Kate Somerville,Skincare,72.0,luxury,4.9067,75,3372,75,75,4.91,74.0,1.0,0.0,98.67,1.33,0.0,69.0,5.0,1.0,0.0,0.0,4,8,Normal Review Profile
P480603,2-in-1 Cleansing Oil + Makeup Remover,First Aid Beauty,Skincare,26.0,mid,3.6081,74,9294,74,74,3.61,44.0,8.0,22.0,59.46,10.81,29.73,35.0,9.0,8.0,10.0,12.0,5,9,Normal Review Profile
P476540,Pro Glow Spray Tan Kit,Isle of Paradise,Skincare,30.0,mid,4.0946,74,26141,74,74,4.09,55.0,5.0,14.0,74.32,6.76,18.92,47.0,8.0,5.0,7.0,7.0,5,8,Normal Review Profile
P404232,DermalQuench +Retinol Advanced Resurfacing Treatment,Kate Somerville,Skincare,110.0,luxury,4.0541,74,8412,74,74,4.05,51.0,10.0,13.0,68.92,13.51,17.57,45.0,6.0,10.0,8.0,5.0,5,8,Normal Review Profile
P469513,CLEAR Pore Normalizing Acne Cleanser,Paula's Choice,Skincare,15.0,budget,4.137,73,24652,74,74,4.15,57.0,5.0,12.0,77.03,6.76,16.22,48.0,9.0,5.0,4.0,8.0,5,9,Normal Review Profile
P502741,SuperSolutions 10% Azelaic Serum Redness Relief Solution,The INKEY List,Skincare,17.99,budget,3.863,73,7690,74,74,3.88,49.0,16.0,9.0,66.22,21.62,12.16,30.0,19.0,16.0,4.0,5.0,5,9,Normal Review Profile
P481834,Concentrated Ginseng Renewing Cream Classic,Sulwhasoo,Skincare,260.0,luxury,4.8,60,1615,74,74,4.82,70.0,4.0,0.0,94.59,5.41,0.0,65.0,5.0,4.0,0.0,0.0,5,7,Normal Review Profile
P480444,Honey Potion Plus Ceramide Hydration Mask,Farmacy,Skincare,60.0,luxury,4.0,70,32523,73,73,3.96,50.0,6.0,17.0,68.49,8.22,23.29,46.0,4.0,6.0,8.0,9.0,5,8,Normal Review Profile
P440486,Glycolic Acid Toner,Mario Badescu,Skincare,18.0,budget,4.1507,73,14598,73,73,4.15,54.0,8.0,11.0,73.97,10.96,15.07,48.0,6.0,8.0,4.0,7.0,5,10,Normal Review Profile
P475143,NUDESKIN 3-Step: Citrus Renew Set For Makeup,NUDESTIX,Skincare,29.0,mid,3.7639,72,1520,73,73,3.75,45.0,21.0,7.0,61.64,28.77,9.59,20.0,25.0,21.0,4.0,3.0,4,9,Normal Review Profile
P476893,NUDESKIN Citrus-C Mask & Daily Moisturizer,NUDESTIX,Skincare,39.0,premium,4.2603,73,653,73,73,4.26,63.0,5.0,5.0,86.3,6.85,6.85,36.0,27.0,5.0,3.0,2.0,5,9,Normal Review Profile
P440485,Enzyme Cleansing Gel,Mario Badescu,Skincare,14.0,budget,3.75,72,6291,72,72,3.75,46.0,7.0,19.0,63.89,9.72,26.39,37.0,9.0,7.0,9.0,10.0,5,10,Normal Review Profile
P501316,Beauty Sleep Overnight Repair Treatment Cream with AHA's and Vitamin C,TULA Skincare,Skincare,68.0,luxury,4.0417,72,1817,72,72,4.04,56.0,10.0,6.0,77.78,13.89,8.33,27.0,29.0,10.0,4.0,2.0,5,9,Normal Review Profile
P474957,Night Glow Self-Tan Face Mist,Isle of Paradise,Skincare,24.0,budget,3.7606,71,11912,71,71,3.76,45.0,7.0,19.0,63.38,9.86,26.76,39.0,6.0,7.0,8.0,11.0,5,7,Normal Review Profile
P437960,Baggage Claim Rose Gold Eye Masks,Wander Beauty,Skincare,26.0,mid,4.0986,71,38772,71,71,4.1,54.0,9.0,8.0,76.06,12.68,11.27,37.0,17.0,9.0,3.0,5.0,5,9,Normal Review Profile
P417107,The Moisturizing Soft Lotion,La Mer,Skincare,320.0,luxury,4.0704,71,4580,71,71,4.07,54.0,9.0,8.0,76.06,12.68,11.27,34.0,20.0,9.0,4.0,4.0,5,8,Normal Review Profile
P476674,Electro-Lite Enzyme Brightening Gel Cleanser,FaceGym,Skincare,38.0,premium,4.7887,71,2393,71,71,4.79,69.0,0.0,2.0,97.18,0.0,2.82,60.0,9.0,0.0,2.0,0.0,5,9,Normal Review Profile
P469087,Flash Nap Instant Revival Priming Eye Gel-Cream With Green Tea + Persian Silk Tree,Fenty Skin,Skincare,36.0,premium,3.5143,70,26880,70,70,3.51,41.0,7.0,22.0,58.57,10.0,31.43,30.0,11.0,7.0,9.0,13.0,5,11,Normal Review Profile
P450210,Vitamin Nectar Glow Juice Antioxidant Face Serum,fresh,Skincare,28.0,mid,3.9714,70,3789,70,70,3.97,49.0,6.0,15.0,70.0,8.57,21.43,41.0,8.0,6.0,8.0,7.0,5,9,Normal Review Profile
P479840,Hydrating Eye Cream with Hyaluronic Acid,First Aid Beauty,Skincare,30.0,mid,3.8429,70,17841,70,70,3.84,49.0,7.0,14.0,70.0,10.0,20.0,34.0,15.0,7.0,4.0,10.0,5,7,Normal Review Profile
P232920,Line Release Under Eye Repair Cream,Kate Somerville,Skincare,140.0,luxury,3.9143,70,4556,70,69,3.91,50.0,7.0,13.0,71.43,10.0,18.57,34.0,16.0,7.0,6.0,7.0,5,7,Normal Review Profile
P397625,Dermask Micro Jet Brightening Solution,Dr. Jart+,Skincare,9.0,budget,4.0571,70,16054,70,70,4.06,51.0,7.0,12.0,72.86,10.0,17.14,42.0,9.0,7.0,5.0,7.0,5,8,Normal Review Profile
P447783,Cleanser,Dr. Barbara Sturm,Skincare,75.0,luxury,4.2,70,6271,70,70,4.2,56.0,3.0,11.0,80.0,4.29,15.71,44.0,12.0,3.0,6.0,5.0,4,8,Normal Review Profile
P437477,Stop Being So Sensitive Evercalm Kit,REN Clean Skincare,Skincare,34.0,mid,3.6087,69,17141,69,69,3.61,44.0,5.0,20.0,63.77,7.25,28.99,31.0,13.0,5.0,7.0,13.0,4,7,Normal Review Profile
P388982,Big ChillAdaptogenStress Management Supplement,HUM Nutrition,Skincare,25.0,budget,4.2609,69,14443,69,69,4.26,57.0,0.0,12.0,82.61,0.0,17.39,50.0,7.0,0.0,4.0,8.0,5,7,Normal Review Profile
P502710,SuperSolutions 20% Niacinamide Serum,The INKEY List,Skincare,17.99,budget,3.8971,68,5072,69,69,3.86,47.0,14.0,8.0,68.12,20.29,11.59,23.0,24.0,14.0,5.0,3.0,5,9,Normal Review Profile
P481408,The Canopy Humidifier Starter Set,CANOPY,Skincare,150.0,luxury,4.4412,68,7559,69,68,4.45,56.0,6.0,7.0,81.16,8.7,10.14,55.0,1.0,6.0,3.0,4.0,5,9,Normal Review Profile
P448562,Barrier+ Foaming Clay Cleanser,Skinfix,Skincare,32.0,mid,4.4493,69,9256,69,69,4.45,59.0,5.0,5.0,85.51,7.25,7.25,50.0,9.0,5.0,1.0,4.0,5,10,Normal Review Profile
P457002,SuperBeauty Daily Antioxidant SkinSupplement,Moon Juice,Skincare,60.0,luxury,4.8696,69,6806,69,69,4.87,67.0,1.0,1.0,97.1,1.45,1.45,63.0,4.0,1.0,1.0,0.0,4,8,Normal Review Profile
P476675,Hydro-Bound Hyaluronic Acid + Niacinamide Serum,FaceGym,Skincare,68.0,luxury,4.6377,69,2833,69,69,4.64,64.0,4.0,1.0,92.75,5.8,1.45,50.0,14.0,4.0,1.0,0.0,5,8,Normal Review Profile
P500705,Skin Changer Succinic Acid Essence-Toner,FaceGym,Skincare,48.0,premium,4.7681,69,2193,69,69,4.77,67.0,2.0,0.0,97.1,2.9,0.0,55.0,12.0,2.0,0.0,0.0,5,8,Normal Review Profile
P441045,Rose Quartz Gua Sha,Herbivore,Skincare,25.0,budget,3.8971,68,30982,68,68,3.9,47.0,6.0,15.0,69.12,8.82,22.06,39.0,8.0,6.0,5.0,10.0,5,10,Normal Review Profile
P444968,"Mini Facial Spray with Aloe, Cucumber and Green Tea",Mario Badescu,Skincare,5.0,budget,3.8382,68,16475,68,68,3.84,47.0,7.0,14.0,69.12,10.29,20.59,32.0,15.0,7.0,6.0,8.0,5,8,Normal Review Profile
P452004,Rose Hibiscus Hydrating Mist,Herbivore,Skincare,36.0,premium,4.0588,68,13225,68,68,4.06,53.0,3.0,12.0,77.94,4.41,17.65,38.0,15.0,3.0,5.0,7.0,4,8,Normal Review Profile
P447789,Sun Drops SPF 50,Dr. Barbara Sturm,Skincare,150.0,luxury,2.7164,67,3538,67,67,2.72,25.0,8.0,34.0,37.31,11.94,50.75,18.0,7.0,8.0,6.0,28.0,4,7,Low Satisfaction Product
P461521,Clean Hand Mask,SEPHORA COLLECTION,Skincare,5.0,budget,3.6818,66,16227,67,67,3.64,41.0,9.0,17.0,61.19,13.43,25.37,30.0,11.0,9.0,6.0,11.0,5,10,Normal Review Profile
P417118,The Broad Spectrum SPF 50 UV Protecting Fluid,La Mer,Skincare,105.0,luxury,4.2537,67,12975,67,67,4.25,51.0,7.0,9.0,76.12,10.45,13.43,48.0,3.0,7.0,3.0,6.0,5,9,Normal Review Profile
P448710,pores no more Pore Purifying Cleanser,Dr. Brandt Skincare,Skincare,38.0,premium,4.2537,67,5136,67,67,4.25,54.0,4.0,9.0,80.6,5.97,13.43,42.0,12.0,4.0,6.0,3.0,4,7,Normal Review Profile
P449156,Gold Sculpting Bar,Jillian Dempsey,Skincare,195.0,luxury,4.4328,67,10451,67,67,4.43,58.0,1.0,8.0,86.57,1.49,11.94,48.0,10.0,1.0,6.0,2.0,5,8,Normal Review Profile
P406942,Multi-Active Anti-Aging Night Moisturizer for Glowing Skin,Clarins,Skincare,62.0,luxury,4.2537,67,8646,67,67,4.25,53.0,6.0,8.0,79.1,8.96,11.94,44.0,9.0,6.0,3.0,5.0,5,7,Normal Review Profile
P469454,Beauty Oil with Gold Leaf,Danessa Myricks Beauty,Skincare,30.0,mid,4.6269,67,10153,67,67,4.63,60.0,2.0,5.0,89.55,2.99,7.46,56.0,4.0,2.0,3.0,2.0,5,10,Normal Review Profile
P478020,Lemon-Aid Makeup-Removing Cleansing Gel,Naturally Serious,Skincare,19.0,budget,4.5522,67,2017,67,67,4.55,59.0,5.0,3.0,88.06,7.46,4.48,50.0,9.0,5.0,1.0,2.0,5,9,Normal Review Profile
P475189,Secret Solutions Pro-Glycolic 10% Resurfacing Toner,TULA Skincare,Skincare,46.0,premium,4.1343,67,2757,67,67,4.13,54.0,10.0,3.0,80.6,14.93,4.48,27.0,27.0,10.0,1.0,2.0,5,9,Normal Review Profile
P501017,Brightening Active Roller with Vitamin C,FaceGym,Skincare,70.0,luxury,4.7612,67,961,67,67,4.76,65.0,2.0,0.0,97.01,2.99,0.0,53.0,12.0,2.0,0.0,0.0,5,9,Normal Review Profile
P504524,Milky Jelly Gentle Gel Face Cleanser,Glossier,Skincare,19.0,budget,4.0877,57,10558,66,66,3.97,47.0,9.0,10.0,71.21,13.64,15.15,32.0,15.0,9.0,5.0,5.0,4,8,Normal Review Profile
P501790,Pillowgasm Vitamin-Rich Cherry Glow Sleep Mask,Wishful,Skincare,39.0,premium,4.4154,65,5771,66,66,4.42,59.0,3.0,4.0,89.39,4.55,6.06,43.0,16.0,3.0,0.0,4.0,5,8,Normal Review Profile
P469831,Equilibrium Intensive Hydrating Eye Balm,Hourglass,Skincare,82.0,luxury,4.5303,66,4836,66,66,4.53,58.0,5.0,3.0,87.88,7.58,4.55,48.0,10.0,5.0,1.0,2.0,4,8,Normal Review Profile
P469515,CLEAR Daily Skin Clearing Treatment with 2.5% Benzoyl Peroxide,Paula's Choice,Skincare,22.0,budget,4.8333,66,13705,66,66,4.83,63.0,1.0,2.0,95.45,1.52,3.03,61.0,2.0,1.0,1.0,1.0,5,8,Normal Review Profile
P442841,Barrier+ Lip Repair Balm,Skinfix,Skincare,15.0,budget,3.0462,65,10271,65,65,3.05,28.0,5.0,32.0,43.08,7.69,49.23,24.0,4.0,5.0,15.0,17.0,5,8,Low Satisfaction Product
P386764,Uber Energy Adrenal Fatigue and Adaptogen Supplement,HUM Nutrition,Skincare,26.0,mid,3.5385,65,11104,65,65,3.54,40.0,4.0,21.0,61.54,6.15,32.31,32.0,8.0,4.0,5.0,16.0,5,8,Normal Review Profile
P455217,Gradual Self-Tanning Face Gel,SEPHORA COLLECTION,Skincare,17.0,budget,3.8308,65,9757,65,65,3.83,44.0,8.0,13.0,67.69,12.31,20.0,29.0,15.0,8.0,7.0,6.0,4,7,Normal Review Profile
P433884,Dermask Ultra Jet Peeling Solution,Dr. Jart+,Skincare,9.0,budget,4.2462,65,9689,65,65,4.25,52.0,3.0,10.0,80.0,4.62,15.38,44.0,8.0,3.0,5.0,5.0,4,8,Normal Review Profile
P424984,HYDRA MOUSSE Hydrating Self-Tan Mousse,TAN-LUXE,Skincare,49.0,premium,4.0769,65,6083,65,65,4.08,48.0,7.0,10.0,73.85,10.77,15.38,35.0,13.0,7.0,7.0,3.0,5,7,Normal Review Profile
P386760,OMG! Omega The Great Fish Oil Supplement,HUM Nutrition,Skincare,30.0,mid,4.3077,65,11224,65,65,4.31,54.0,5.0,6.0,83.08,7.69,9.23,41.0,13.0,5.0,2.0,4.0,5,7,Normal Review Profile
P461162,FAB Pharma White Clay Acne Treatment Pads 2% Salicylic Acid,First Aid Beauty,Skincare,30.0,mid,4.5692,65,13624,65,65,4.57,59.0,0.0,6.0,90.77,0.0,9.23,52.0,7.0,0.0,3.0,3.0,5,9,Normal Review Profile
P474122,Advanced Retinol Nightly Renewal Face Moisturizer with Retinol,StriVectin,Skincare,119.0,luxury,4.7813,64,4940,65,65,4.78,64.0,1.0,0.0,98.46,1.54,0.0,52.0,12.0,1.0,0.0,0.0,5,8,Normal Review Profile
P427729,Capture Youth Age-Delay Advanced Crème,Dior,Skincare,110.0,luxury,3.9219,64,7745,64,64,3.92,43.0,10.0,11.0,67.19,15.63,17.19,35.0,8.0,10.0,3.0,8.0,5,8,Normal Review Profile
P481390,Omega+ Complex Moisturizer,Paula's Choice,Skincare,37.0,premium,4.3281,64,9568,64,64,4.33,52.0,4.0,8.0,81.25,6.25,12.5,45.0,7.0,4.0,4.0,4.0,5,8,Normal Review Profile
P407381,Sun-Kissed Face Gelee Complexion Multitasker Bronzer,CLINIQUE,Skincare,34.0,mid,4.2857,63,13842,64,64,4.3,51.0,6.0,7.0,79.69,9.38,10.94,45.0,6.0,6.0,1.0,6.0,5,7,Normal Review Profile
P474109,Daily Reveal  Exfoliating Face Pads with AHA + BHA + PHA + TXA,StriVectin,Skincare,45.0,premium,4.75,64,7120,64,64,4.75,62.0,0.0,2.0,96.88,0.0,3.13,53.0,9.0,0.0,1.0,1.0,5,9,Normal Review Profile
P478021,Sleepover Retin-Oil Nighttime Treatment,Naturally Serious,Skincare,39.0,premium,4.7656,64,3771,64,64,4.77,61.0,1.0,2.0,95.31,1.56,3.13,56.0,5.0,1.0,0.0,2.0,5,9,Normal Review Profile
P432662,Rose Quartz Facial Roller,Herbivore,Skincare,40.0,premium,3.0952,63,14116,63,63,3.1,30.0,9.0,24.0,47.62,14.29,38.1,21.0,9.0,9.0,3.0,21.0,5,9,Low Satisfaction Product
P397626,Dermask Intra Jet Wrinkless Solution,Dr. Jart+,Skincare,9.0,budget,3.619,63,12850,63,63,3.62,39.0,5.0,19.0,61.9,7.94,30.16,30.0,9.0,5.0,8.0,11.0,5,8,Normal Review Profile
P439626,Black Tea Firming Eye Serum,fresh,Skincare,72.0,luxury,3.7619,63,14953,63,63,3.76,39.0,9.0,15.0,61.9,14.29,23.81,35.0,4.0,9.0,4.0,11.0,4,8,Normal Review Profile
P386757,Wing Man Liver Detox and Dark Circle Supplement,HUM Nutrition,Skincare,26.0,mid,3.8254,63,14381,63,63,3.83,43.0,6.0,14.0,68.25,9.52,22.22,33.0,10.0,6.0,4.0,10.0,5,10,Normal Review Profile
P456957,Clarifying Serum,SEPHORA COLLECTION,Skincare,20.0,budget,4.2222,63,10594,63,63,4.22,48.0,4.0,11.0,76.19,6.35,17.46,42.0,6.0,4.0,9.0,2.0,5,10,Normal Review Profile
P409834,Plantscription SPF 25 Power Anti-Aging Cream,Origins,Skincare,73.0,luxury,4.254,63,10649,63,63,4.25,53.0,3.0,7.0,84.13,4.76,11.11,38.0,15.0,3.0,2.0,5.0,5,8,Normal Review Profile
P483060,Lip Comfort Hydrating Oil,Clarins,Skincare,28.0,mid,4.3509,57,35345,63,62,4.3,49.0,8.0,6.0,77.78,12.7,9.52,41.0,8.0,8.0,4.0,2.0,5,7,Normal Review Profile
P481710,Fade and Glow AHA Mask,Hyper Skin,Skincare,48.0,premium,4.4762,63,6857,63,63,4.48,56.0,3.0,4.0,88.89,4.76,6.35,44.0,12.0,3.0,1.0,3.0,5,9,Normal Review Profile
P440501,Seaweed Night Cream,Mario Badescu,Skincare,22.0,budget,3.8387,62,7833,62,62,3.84,41.0,6.0,15.0,66.13,9.68,24.19,34.0,7.0,6.0,7.0,8.0,5,8,Normal Review Profile
P440489,Glycolic Foaming Cleanser,Mario Badescu,Skincare,16.0,budget,4.129,62,8640,62,61,4.13,48.0,4.0,10.0,77.42,6.45,16.13,39.0,9.0,4.0,3.0,7.0,4,10,Normal Review Profile
P421249,The Moisturizing Matte Lotion,La Mer,Skincare,320.0,luxury,4.2258,62,4347,62,62,4.23,47.0,10.0,5.0,75.81,16.13,8.06,35.0,12.0,10.0,4.0,1.0,5,8,Normal Review Profile
P469527,The UnScrub Gentle Cleansing Scrub,Paula's Choice,Skincare,35.0,mid,4.5484,62,13473,62,62,4.55,56.0,1.0,5.0,90.32,1.61,8.06,47.0,9.0,1.0,3.0,2.0,4,7,Normal Review Profile
P482754,Mineral Magic Oil-Free Mineral Sunscreen Fluid Broad Spectrum SPF 30,TULA Skincare,Skincare,38.0,premium,4.3548,62,3802,62,62,4.35,55.0,2.0,5.0,88.71,3.23,8.06,37.0,18.0,2.0,2.0,3.0,4,9,Normal Review Profile
P375864,Brightening Derm Revival Mask,SK-II,Skincare,170.0,luxury,4.4194,62,7740,62,62,4.42,54.0,6.0,2.0,87.1,9.68,3.23,37.0,17.0,6.0,1.0,1.0,4,7,Normal Review Profile
P502756,SuperSolutions 10% Urea Moisturizer Textured Skin Solution,The INKEY List,Skincare,19.99,budget,4.1935,62,4253,62,62,4.19,48.0,12.0,2.0,77.42,19.35,3.23,30.0,18.0,12.0,0.0,2.0,4,9,Normal Review Profile
P472024,Skin Mud Pure Vitamin C Brightening Mask,DAMDAM,Skincare,48.0,premium,4.7419,62,2472,62,62,4.74,59.0,2.0,1.0,95.16,3.23,1.61,50.0,9.0,2.0,1.0,0.0,5,8,Normal Review Profile
P433522,Goddess Clay Mask,Charlotte Tilbury,Skincare,58.0,premium,4.3115,61,11636,61,61,4.31,49.0,6.0,6.0,80.33,9.84,9.84,40.0,9.0,6.0,3.0,3.0,4,8,Normal Review Profile
P442734,Immortelle Reset Overnight Reset Oil-In Serum,L'Occitane,Skincare,65.0,luxury,4.5333,60,12040,61,61,4.51,53.0,3.0,5.0,86.89,4.92,8.2,45.0,8.0,3.0,4.0,1.0,4,10,Normal Review Profile
P406529,Advanced Night Micro Cleansing Balm,Estée Lauder,Skincare,48.0,premium,4.6393,61,5931,61,61,4.64,55.0,4.0,2.0,90.16,6.56,3.28,48.0,7.0,4.0,1.0,1.0,5,6,Normal Review Profile
P502640,Microdermabrasion Renewing Age-Defying Face Exfoliator,Dr. Brandt Skincare,Skincare,79.0,luxury,4.8621,58,2309,61,61,4.85,60.0,0.0,1.0,98.36,0.0,1.64,54.0,6.0,0.0,1.0,0.0,5,5,Normal Review Profile
P405827,IRIS Illuminating Eye Massager,FOREO,Skincare,149.0,luxury,3.5,60,10363,60,59,3.5,38.0,2.0,20.0,63.33,3.33,33.33,27.0,11.0,2.0,5.0,15.0,5,9,Normal Review Profile
P173622,Benefiance Pure Retinol Intensive Revitalizing Face Mask,Shiseido,Skincare,70.0,luxury,4.45,60,11355,60,58,4.45,51.0,4.0,5.0,85.0,6.67,8.33,44.0,7.0,4.0,2.0,3.0,5,9,Normal Review Profile
P467969,Personal Microderm Elite Pro,PMD,Skincare,299.0,luxury,4.6667,60,5350,60,60,4.67,56.0,0.0,4.0,93.33,0.0,6.67,51.0,5.0,0.0,1.0,3.0,5,8,Normal Review Profile
P375854,Ultimate Revival Cream,SK-II,Skincare,400.0,luxury,4.4667,60,3031,60,60,4.47,53.0,6.0,1.0,88.33,10.0,1.67,36.0,17.0,6.0,1.0,0.0,5,5,Normal Review Profile
P454376,knockout daily exfoliating cleanser,tarte,Skincare,12.0,budget,3.8983,59,5032,59,59,3.9,42.0,5.0,12.0,71.19,8.47,20.34,34.0,8.0,5.0,1.0,11.0,5,9,Normal Review Profile
P469544,C-50 Blemish Night Treatment,The INKEY List,Skincare,15.99,budget,4.1724,58,28910,59,59,4.19,46.0,4.0,9.0,77.97,6.78,15.25,37.0,9.0,4.0,5.0,4.0,5,9,Normal Review Profile
P398500,Personal Microderm,PMD,Skincare,159.0,luxury,4.322,59,12714,59,59,4.32,51.0,0.0,8.0,86.44,0.0,13.56,40.0,11.0,0.0,3.0,5.0,5,8,Normal Review Profile
P469516,CLEAR Ultra-Light Daily Hydrating Fluid SPF 30+,Paula's Choice,Skincare,37.0,premium,4.4915,59,11227,59,59,4.49,51.0,3.0,5.0,86.44,5.08,8.47,43.0,8.0,3.0,4.0,1.0,5,9,Normal Review Profile
P477202,Ting Energy + Metabolism Non-Stim Supplement With Ginseng,Moon Juice,Skincare,42.0,premium,4.5932,59,3042,59,59,4.59,54.0,2.0,3.0,91.53,3.39,5.08,43.0,11.0,2.0,3.0,0.0,5,8,Normal Review Profile
P419466,Tan Build Up Remover Mitt,St. Tropez,Skincare,9.0,budget,4.9492,59,10899,59,59,4.95,58.0,1.0,0.0,98.31,1.69,0.0,57.0,1.0,1.0,0.0,0.0,5,7,Normal Review Profile
P442747,Self Tan Purity Water Gel,St. Tropez,Skincare,44.0,premium,3.3103,58,1821,58,58,3.31,29.0,6.0,23.0,50.0,10.34,39.66,24.0,5.0,6.0,11.0,12.0,4,5,Low Satisfaction Product
P448554,Enzyme Cleanser,Dr. Barbara Sturm,Skincare,75.0,luxury,3.8276,58,7182,58,58,3.83,39.0,6.0,13.0,67.24,10.34,22.41,32.0,7.0,6.0,3.0,10.0,4,8,Normal Review Profile
P455919,MenoReverse Volumizing Serum-in-Moisturizer,KORRES,Skincare,45.0,premium,4.0517,58,3897,58,58,4.05,38.0,11.0,9.0,65.52,18.97,15.52,35.0,3.0,11.0,6.0,3.0,5,7,Normal Review Profile
P467970,Clean Pro Obsidian,PMD,Skincare,179.0,luxury,4.7069,58,3602,58,58,4.71,54.0,1.0,3.0,93.1,1.72,5.17,50.0,4.0,1.0,1.0,2.0,5,9,Normal Review Profile
P473728,Reusable Cotton Pads,SEPHORA COLLECTION,Skincare,10.0,budget,3.8246,57,20055,57,57,3.82,39.0,6.0,12.0,68.42,10.53,21.05,30.0,9.0,6.0,2.0,10.0,5,8,Normal Review Profile
P454385,Mini PLAY Everyday Sunscreen Lotion SPF 30 PA++++,Supergoop!,Skincare,34.0,mid,4.3333,57,9058,57,57,4.33,48.0,3.0,6.0,84.21,5.26,10.53,38.0,10.0,3.0,2.0,4.0,5,11,Normal Review Profile
P482068,Sacred Sleep Overnight Repair with Retinol,Saint Jane Beauty,Skincare,70.0,luxury,4.7544,57,3758,57,57,4.75,54.0,2.0,1.0,94.74,3.51,1.75,48.0,6.0,2.0,0.0,1.0,5,6,Normal Review Profile
P444964,The Lip Volumizer,La Mer,Skincare,85.0,luxury,3.5536,56,19686,56,56,3.55,33.0,7.0,16.0,58.93,12.5,28.57,26.0,7.0,7.0,4.0,12.0,5,8,Normal Review Profile
P467651,Pores Target Serum,SEPHORA COLLECTION,Skincare,20.0,budget,4.1818,55,15027,56,56,4.2,43.0,4.0,9.0,76.79,7.14,16.07,37.0,6.0,4.0,5.0,4.0,4,7,Normal Review Profile
P376135,Rénergie Lift Multi-Action Night Cream,Lancôme,Skincare,160.0,luxury,4.3571,56,8299,56,56,4.36,47.0,2.0,7.0,83.93,3.57,12.5,38.0,9.0,2.0,5.0,2.0,5,8,Normal Review Profile
P417111,The Eye Balm Intense,La Mer,Skincare,260.0,luxury,3.5818,55,10037,55,55,3.58,35.0,3.0,17.0,63.64,5.45,30.91,25.0,10.0,3.0,6.0,11.0,5,7,Normal Review Profile
P469525,Omega+ Complex Serum,Paula's Choice,Skincare,42.0,premium,4.0545,55,18794,55,55,4.05,41.0,1.0,13.0,74.55,1.82,23.64,36.0,5.0,1.0,7.0,6.0,5,9,Normal Review Profile
P475184,Hello Radiance Illuminating Serum,TULA Skincare,Skincare,68.0,luxury,4.2182,55,1327,55,55,4.22,44.0,5.0,6.0,80.0,9.09,10.91,29.0,15.0,5.0,6.0,0.0,4,8,Normal Review Profile
P475197,Balancing Act Purifying & pH Balancing Biodegradable Toner Pads,TULA Skincare,Skincare,36.0,premium,4.0545,55,2470,55,55,4.05,42.0,8.0,5.0,76.36,14.55,9.09,23.0,19.0,8.0,3.0,2.0,5,7,Normal Review Profile
P501587,Deepwater Nourishing Lip Mask with Sea Moss and Aloe Stem Cells,CAY SKIN,Skincare,22.0,budget,4.5818,55,7510,55,55,4.58,48.0,2.0,5.0,87.27,3.64,9.09,46.0,2.0,2.0,3.0,2.0,5,10,Normal Review Profile
P468818,Mini Moisture Surge 100H Auto-Replenishing Hydrator Moisturizer,CLINIQUE,Skincare,16.0,budget,4.2182,55,8723,55,55,4.22,44.0,7.0,4.0,80.0,12.73,7.27,29.0,15.0,7.0,2.0,2.0,5,9,Normal Review Profile
P469832,Equilibrium Rebalancing Cream Cleanser,Hourglass,Skincare,52.0,premium,4.4,55,1812,55,55,4.4,49.0,3.0,3.0,89.09,5.45,5.45,33.0,16.0,3.0,1.0,2.0,4,7,Normal Review Profile
P469514,CLEAR Anti-Redness Exfoliating Solution with 2% Salicylic Acid,Paula's Choice,Skincare,34.0,mid,4.7091,55,13813,55,55,4.71,52.0,0.0,3.0,94.55,0.0,5.45,47.0,5.0,0.0,1.0,2.0,5,9,Normal Review Profile
P481060,The Eyelighter Concentrate,BeautyBio,Skincare,58.0,premium,4.6909,55,6812,55,55,4.69,53.0,0.0,2.0,96.36,0.0,3.64,43.0,10.0,0.0,1.0,1.0,5,8,Normal Review Profile
P505316,Aquarius BHA + Blue Tansy Clarity Cleanser,Herbivore,Skincare,26.0,mid,5.0,15,518,55,55,4.93,55.0,0.0,0.0,100.0,0.0,0.0,51.0,4.0,0.0,0.0,0.0,4,8,Normal Review Profile
P505133,High Performance Face Cleanser for Clear Skin with Niacinamide,MACRENE actives,Skincare,85.0,luxury,4.9231,13,204,55,55,4.93,55.0,0.0,0.0,100.0,0.0,0.0,51.0,4.0,0.0,0.0,0.0,5,6,Normal Review Profile
P383054,Do Not Age with Dr. Brandt Transforming Pearl Serum,Dr. Brandt Skincare,Skincare,152.0,luxury,4.1852,54,3259,54,53,4.19,42.0,2.0,10.0,77.78,3.7,18.52,37.0,5.0,2.0,5.0,5.0,5,7,Normal Review Profile
P458964,G.Tox Ultimate Dry Brush,goop,Skincare,25.0,budget,3.9815,54,16978,54,54,3.98,39.0,5.0,10.0,72.22,9.26,18.52,31.0,8.0,5.0,3.0,7.0,5,8,Normal Review Profile
P423264,One Essential Skin Boosting Super Serum,Dior,Skincare,110.0,luxury,4.3889,54,8855,54,54,4.39,45.0,3.0,6.0,83.33,5.56,11.11,40.0,5.0,3.0,2.0,4.0,5,9,Normal Review Profile
P448711,Face Mask,Dr. Barbara Sturm,Skincare,125.0,luxury,4.5185,54,5780,54,54,4.52,47.0,2.0,5.0,87.04,3.7,9.26,41.0,6.0,2.0,4.0,1.0,5,9,Normal Review Profile
P475195,Protect + Plump Firming & Hydrating Face Moisturizer,TULA Skincare,Skincare,64.0,luxury,3.963,54,2230,54,54,3.96,40.0,10.0,4.0,74.07,18.52,7.41,17.0,23.0,10.0,3.0,1.0,5,8,Normal Review Profile
P460746,Aburatorigami Japanese Blotting Papers,Tatcha,Skincare,14.0,budget,4.4074,54,16714,54,54,4.41,46.0,4.0,4.0,85.19,7.41,7.41,35.0,11.0,4.0,3.0,1.0,4,10,Normal Review Profile
P504446,Restoring Moonseed Treatment - L’Immortale Empress,RANAVAT,Skincare,125.0,luxury,4.7222,54,1098,54,54,4.72,53.0,1.0,0.0,98.15,1.85,0.0,40.0,13.0,1.0,0.0,0.0,5,8,Normal Review Profile
P446612,Instant Magic Facial Dry Sheet Mask,Charlotte Tilbury,Skincare,25.0,budget,3.4906,53,11527,53,53,3.49,31.0,5.0,17.0,58.49,9.43,32.08,27.0,4.0,5.0,2.0,15.0,5,9,Low Satisfaction Product
P474956,Day Dew Self-Tan Face Mist,Isle of Paradise,Skincare,24.0,budget,4.1887,53,9157,53,53,4.19,41.0,5.0,7.0,77.36,9.43,13.21,32.0,9.0,5.0,4.0,3.0,5,8,Normal Review Profile
P440309,Amethyst Roller,Mount Lai,Skincare,46.0,premium,4.3774,53,13390,53,53,4.38,44.0,5.0,4.0,83.02,9.43,7.55,36.0,8.0,5.0,1.0,3.0,5,8,Normal Review Profile
P502848,LUNA 4 go Facial Cleansing & Massaging Device,FOREO,Skincare,129.0,luxury,4.8113,53,2761,53,53,4.81,51.0,0.0,2.0,96.23,0.0,3.77,48.0,3.0,0.0,1.0,1.0,4,5,Normal Review Profile
P476676,Youth Reformer Firming Vitamin C Oil Serum,FaceGym,Skincare,110.0,luxury,4.9623,53,3104,53,53,4.96,53.0,0.0,0.0,100.0,0.0,0.0,51.0,2.0,0.0,0.0,0.0,5,8,Normal Review Profile
P504199,Plankton + PHAFlower Acid Algae Serum,MARA,Skincare,74.0,luxury,4.8846,52,1159,53,53,4.85,51.0,2.0,0.0,96.23,3.77,0.0,47.0,4.0,2.0,0.0,0.0,5,6,Normal Review Profile
P472466,Mini Rose & Hyaluronic Acid Deep Hydration Moisturizer,fresh,Skincare,18.0,budget,3.9808,52,22152,52,52,3.98,36.0,6.0,10.0,69.23,11.54,19.23,30.0,6.0,6.0,5.0,5.0,5,10,Normal Review Profile
P455341,Classic Body Organic Sunscreen Spray SPF 70 Peach Blossom,COOLA,Skincare,28.0,mid,4.2692,52,8003,52,52,4.27,40.0,3.0,9.0,76.92,5.77,17.31,39.0,1.0,3.0,5.0,4.0,5,7,Normal Review Profile
P475192,So Poreless Deep Exfoliating Blackhead Scrub,TULA Skincare,Skincare,34.0,mid,3.9038,52,7262,52,52,3.9,38.0,5.0,9.0,73.08,9.62,17.31,25.0,13.0,5.0,2.0,7.0,5,7,Normal Review Profile
P484055,Water Bank Blue Hyaluronic Hydration Set,LANEIGE,Skincare,45.0,premium,4.0192,52,40254,52,52,4.02,38.0,5.0,9.0,73.08,9.62,17.31,28.0,10.0,5.0,5.0,4.0,5,8,Normal Review Profile
P474970,Hyaluronic Acid + Peptide Lip Treatment Booster,Paula's Choice,Skincare,32.0,mid,4.1538,52,9969,52,52,4.15,38.0,7.0,7.0,73.08,13.46,13.46,31.0,7.0,7.0,5.0,2.0,5,8,Normal Review Profile
P471566,Mini Lemonade Smoothing Scrub,OLEHENRIKSEN,Skincare,18.0,budget,4.1923,52,13714,52,52,4.19,41.0,5.0,6.0,78.85,9.62,11.54,30.0,11.0,5.0,3.0,3.0,4,9,Normal Review Profile
P422648,DayWear Matte Oil-Control Anti-Oxidant Moisturizer Gel Creme,Estée Lauder,Skincare,59.0,luxury,4.4808,52,8588,52,52,4.48,44.0,3.0,5.0,84.62,5.77,9.62,39.0,5.0,3.0,4.0,1.0,5,8,Normal Review Profile
P459116,Mini Cream Skin Toner & Moisturizer,LANEIGE,Skincare,15.0,budget,4.3077,52,17031,52,52,4.31,41.0,7.0,4.0,78.85,13.46,7.69,32.0,9.0,7.0,3.0,1.0,4,8,Normal Review Profile
P474111,Super-C SPF 30 Vitamin C Face Moisturizer,StriVectin,Skincare,69.0,luxury,4.6538,52,2182,52,52,4.65,47.0,3.0,2.0,90.38,5.77,3.85,42.0,5.0,3.0,1.0,1.0,4,8,Normal Review Profile
P469833,Equilibrium Restoring Essence,Hourglass,Skincare,65.0,luxury,4.7692,52,3526,52,52,4.77,50.0,1.0,1.0,96.15,1.92,1.92,44.0,6.0,1.0,0.0,1.0,5,8,Normal Review Profile
P383308,Age Arrest Eye Cream,Kate Somerville,Skincare,98.0,luxury,3.7451,51,4568,51,51,3.75,34.0,2.0,15.0,66.67,3.92,29.41,28.0,6.0,2.0,6.0,9.0,5,8,Normal Review Profile
P423159,Brain Dust,Moon Juice,Skincare,38.0,premium,3.9608,51,6912,51,51,3.96,37.0,2.0,12.0,72.55,3.92,23.53,32.0,5.0,2.0,4.0,8.0,5,8,Normal Review Profile
P475183,So Polished Exfoliating Sugar Scrub,TULA Skincare,Skincare,34.0,mid,4.32,50,3585,51,51,4.33,46.0,3.0,2.0,90.2,5.88,3.92,25.0,21.0,3.0,1.0,1.0,4,7,Normal Review Profile
P505142,High Performance Eye Cream for Dark Circles with Hyaluronic Acid,MACRENE actives,Skincare,135.0,luxury,4.8947,19,328,51,51,4.84,49.0,1.0,1.0,96.08,1.96,1.96,46.0,3.0,1.0,1.0,0.0,5,6,Normal Review Profile
P449835,Mini Maracuja Oil,tarte,Skincare,16.0,budget,3.898,49,9396,50,50,3.84,36.0,1.0,13.0,72.0,2.0,26.0,30.0,6.0,1.0,2.0,11.0,5,9,Normal Review Profile
P472341,Superkind Fragrance-Free Fortifying Moisturizer,Tata Harper,Skincare,130.0,luxury,4.58,50,2480,50,50,4.58,44.0,1.0,5.0,88.0,2.0,10.0,42.0,2.0,1.0,3.0,2.0,5,9,Normal Review Profile
P504313,Peptides + C Energy Eye Concentrate with Vitamin C and Caffeine,Youth To The People,Skincare,48.0,premium,4.8,45,3420,50,50,4.78,48.0,1.0,1.0,96.0,2.0,2.0,43.0,5.0,1.0,0.0,1.0,4,8,Normal Review Profile
P397627,Dermask Intra Jet Firming Solution,Dr. Jart+,Skincare,9.0,budget,3.3061,49,9087,49,49,3.31,26.0,6.0,17.0,53.06,12.24,34.69,18.0,8.0,6.0,5.0,12.0,5,7,Low Satisfaction Product
P448563,Clinique Smart Clinical MD Multi-Dimensional Age Transformer Revolumize,CLINIQUE,Skincare,74.0,luxury,3.3265,49,1423,49,49,3.33,25.0,7.0,17.0,51.02,14.29,34.69,21.0,4.0,7.0,4.0,13.0,4,7,Low Satisfaction Product
P447790,Anti-Pollution Drops,Dr. Barbara Sturm,Skincare,150.0,luxury,3.6327,49,3528,49,48,3.63,32.0,2.0,15.0,65.31,4.08,30.61,24.0,8.0,2.0,5.0,10.0,4,11,Normal Review Profile
P408678,Midnight Secret Late Night Recovery Treatment Anti-Fatigue Serum,GUERLAIN,Skincare,32.0,mid,4.102,49,26130,49,49,4.1,37.0,2.0,10.0,75.51,4.08,20.41,31.0,6.0,2.0,6.0,4.0,5,8,Normal Review Profile
P440494,Vitamin C Serum,Mario Badescu,Skincare,45.0,premium,4.0816,49,10060,49,49,4.08,37.0,4.0,8.0,75.51,8.16,16.33,31.0,6.0,4.0,1.0,7.0,4,6,Normal Review Profile
P477413,GREEN MACHINE insta-glo resurfacing acid mask,iNNBEAUTY PROJECT,Skincare,30.0,mid,4.6531,49,7419,49,49,4.65,45.0,2.0,2.0,91.84,4.08,4.08,38.0,7.0,2.0,2.0,0.0,5,9,Normal Review Profile
P455610,Confidence in a Neck Cream,IT Cosmetics,Skincare,54.0,premium,3.5417,48,7661,48,48,3.54,27.0,6.0,15.0,56.25,12.5,31.25,25.0,2.0,6.0,4.0,11.0,3,7,Normal Review Profile
P444969,"Mini Facial Spray with Aloe, Chamomile and Lavender",Mario Badescu,Skincare,5.0,budget,3.8511,47,11554,48,48,3.79,31.0,7.0,10.0,64.58,14.58,20.83,21.0,10.0,7.0,6.0,4.0,4,9,Normal Review Profile
P435801,Aqua Bomb Mist,belif,Skincare,38.0,premium,4.1042,48,12101,48,48,4.1,37.0,2.0,9.0,77.08,4.17,18.75,30.0,7.0,2.0,4.0,5.0,5,8,Normal Review Profile
P472343,Superkind Fragrance-Free Softening Cleanser,Tata Harper,Skincare,88.0,luxury,4.5417,48,4114,48,48,4.54,42.0,2.0,4.0,87.5,4.17,8.33,38.0,4.0,2.0,2.0,2.0,5,8,Normal Review Profile
P475204,Sensitive Skin Treatment Drops Calming Vitamin B Serum,TULA Skincare,Skincare,48.0,premium,4.1489,47,2137,48,48,4.1,39.0,6.0,3.0,81.25,12.5,6.25,19.0,20.0,6.0,1.0,2.0,4,7,Normal Review Profile
P454315,Milk Cleanse Gentle Foaming Cleanser,Moon Juice,Skincare,32.0,mid,4.4043,47,2902,48,48,4.4,40.0,5.0,3.0,83.33,10.42,6.25,32.0,8.0,5.0,1.0,2.0,4,9,Normal Review Profile
P476680,Face Ball Tension Release Tool,FaceGym,Skincare,35.0,mid,4.5208,48,2856,48,48,4.52,44.0,1.0,3.0,91.67,2.08,6.25,35.0,9.0,1.0,0.0,3.0,4,7,Normal Review Profile
P473724,Vitamin Tonic,SEPHORA COLLECTION,Skincare,6.0,budget,4.6875,48,12475,48,48,4.69,45.0,2.0,1.0,93.75,4.17,2.08,38.0,7.0,2.0,0.0,1.0,5,8,Normal Review Profile
P480191,Contour Restore Tightening & Sculpting Moisturizing Face Cream,StriVectin,Skincare,99.0,luxury,4.7708,48,2824,48,48,4.77,47.0,1.0,0.0,97.92,2.08,0.0,38.0,9.0,1.0,0.0,0.0,5,8,Normal Review Profile
P427641,Mini Confidence in a Cream Hydrating Moisturizer,IT Cosmetics,Skincare,20.0,budget,3.6809,47,13406,47,47,3.68,29.0,6.0,12.0,61.7,12.77,25.53,22.0,7.0,6.0,5.0,7.0,4,5,Normal Review Profile
P456989,Super Glow Body Hyaluronic Self-Tan Serum,TAN-LUXE,Skincare,49.0,premium,3.6809,47,6917,47,47,3.68,28.0,7.0,12.0,59.57,14.89,25.53,25.0,3.0,7.0,3.0,9.0,4,6,Normal Review Profile
P452002,Classic Face Sunscreen SPF 50 White Tea,COOLA,Skincare,32.0,mid,3.9149,47,6396,47,47,3.91,31.0,7.0,9.0,65.96,14.89,19.15,24.0,7.0,7.0,6.0,3.0,4,8,Normal Review Profile
P504794,After Baume Moisture Barrier Recovery Cream,Glossier,Skincare,28.0,mid,4.1429,42,9402,47,47,4.09,36.0,2.0,9.0,76.6,4.26,19.15,31.0,5.0,2.0,2.0,7.0,5,9,Normal Review Profile
P433617,Deep Cleansing Foam,Shiseido,Skincare,36.0,premium,4.1957,46,6015,47,47,4.21,36.0,4.0,7.0,76.6,8.51,14.89,32.0,4.0,4.0,3.0,4.0,4,10,Normal Review Profile
P474116,Peptight  360˚ Tightening Eye Serum,StriVectin,Skincare,72.0,luxury,4.4894,47,6166,47,47,4.49,43.0,0.0,4.0,91.49,0.0,8.51,34.0,9.0,0.0,1.0,3.0,4,7,Normal Review Profile
P456997,Night Serum,Dr. Barbara Sturm,Skincare,310.0,luxury,4.7021,47,4921,47,46,4.7,44.0,0.0,3.0,93.62,0.0,6.38,42.0,2.0,0.0,0.0,3.0,5,7,Normal Review Profile
P475193,Wrinkle Treatment Drops Retinol Alternative Serum,TULA Skincare,Skincare,68.0,luxury,4.2979,47,2136,47,47,4.3,40.0,4.0,3.0,85.11,8.51,6.38,24.0,16.0,4.0,3.0,0.0,4,7,Normal Review Profile
P469508,Hyaluronic Acid Booster,Paula's Choice,Skincare,39.0,premium,4.413,46,7239,47,47,4.43,41.0,3.0,3.0,87.23,6.38,6.38,29.0,12.0,3.0,3.0,0.0,4,8,Normal Review Profile
P500399,Isle Glow Body Lotion SPF 45 with Sea Moss and Cocoa Seed Butter,CAY SKIN,Skincare,38.0,premium,4.617,47,7565,47,47,4.62,44.0,1.0,2.0,93.62,2.13,4.26,35.0,9.0,1.0,1.0,1.0,5,10,Normal Review Profile
P469504,Skin Perfecting 8% AHA Gel Exfoliant,Paula's Choice,Skincare,34.0,mid,4.617,47,14565,47,47,4.62,43.0,2.0,2.0,91.49,4.26,4.26,36.0,7.0,2.0,1.0,1.0,4,8,Normal Review Profile
P431416,The Replenishing Oil Exfoliator,La Mer,Skincare,135.0,luxury,4.6596,47,8653,47,47,4.66,42.0,4.0,1.0,89.36,8.51,2.13,37.0,5.0,4.0,1.0,0.0,4,9,Normal Review Profile
P474115,Peptight  Tightening & Brightening Face Serum,StriVectin,Skincare,99.0,luxury,4.8085,47,3033,47,47,4.81,46.0,1.0,0.0,97.87,2.13,0.0,39.0,7.0,1.0,0.0,0.0,4,7,Normal Review Profile
P455215,Illuminating Hydrator - Radiance + Smoothing,SEPHORA COLLECTION,Skincare,17.0,budget,3.3261,46,6763,46,46,3.33,23.0,7.0,16.0,50.0,15.22,34.78,15.0,8.0,7.0,9.0,7.0,5,8,Low Satisfaction Product
P442001,Hyaluronic Facial Cream,Dr. Brandt Skincare,Skincare,72.0,luxury,3.814,43,3056,46,46,3.83,30.0,5.0,11.0,65.22,10.87,23.91,26.0,4.0,5.0,4.0,7.0,5,8,Normal Review Profile
P445726,Firming Night Cream with Peptides,SEPHORA COLLECTION,Skincare,18.0,budget,4.0217,46,34044,46,46,4.02,31.0,6.0,9.0,67.39,13.04,19.57,27.0,4.0,6.0,7.0,2.0,4,8,Normal Review Profile
P399934,NightWear Plus Anti-Oxidant Night Detox Moisturizer Creme,Estée Lauder,Skincare,63.0,luxury,4.2391,46,7948,46,46,4.24,37.0,3.0,6.0,80.43,6.52,13.04,28.0,9.0,3.0,4.0,2.0,5,7,Normal Review Profile
P475186,Revive + Rewind Revitalizing Eye Cream,TULA Skincare,Skincare,52.0,premium,4.2391,46,1921,46,46,4.24,39.0,3.0,4.0,84.78,6.52,8.7,24.0,15.0,3.0,2.0,2.0,5,7,Normal Review Profile
P482740,Mini Urban Environment Oil-Free Sunscreen Broad-Spectrum SPF 42,Shiseido,Skincare,35.0,mid,4.4348,46,6680,46,46,4.43,41.0,2.0,3.0,89.13,4.35,6.52,29.0,12.0,2.0,2.0,1.0,4,9,Normal Review Profile
P386762,Here Comes The Sun Vitamin D Immune System Support Supplement,HUM Nutrition,Skincare,12.0,budget,4.6444,45,14709,46,46,4.65,41.0,3.0,2.0,89.13,6.52,4.35,39.0,2.0,3.0,0.0,2.0,5,9,Normal Review Profile
P417243,The Tonic,La Mer,Skincare,95.0,luxury,4.1333,45,9567,45,45,4.13,34.0,3.0,8.0,75.56,6.67,17.78,30.0,4.0,3.0,3.0,5.0,5,8,Normal Review Profile
P417114,The Cleansing Micellar Water,La Mer,Skincare,95.0,luxury,4.2,45,6735,45,45,4.2,34.0,4.0,7.0,75.56,8.89,15.56,29.0,5.0,4.0,5.0,2.0,5,8,Normal Review Profile
P449836,Mini SEA Deep Dive Cleansing Gel,tarte,Skincare,12.0,budget,4.2889,45,7205,45,45,4.29,37.0,3.0,5.0,82.22,6.67,11.11,29.0,8.0,3.0,2.0,3.0,5,7,Normal Review Profile
P409816,Plantscription SPF 25 Power Anti-Aging Oil-Free Cream,Origins,Skincare,73.0,luxury,4.4,45,6634,45,45,4.4,37.0,3.0,5.0,82.22,6.67,11.11,31.0,6.0,3.0,5.0,0.0,5,7,Normal Review Profile
P461947,Calendula Petal-Infused Calming Mask with Aloe Vera,Kiehl's Since 1851,Skincare,47.0,premium,4.5111,45,10799,45,45,4.51,40.0,1.0,4.0,88.89,2.22,8.89,33.0,7.0,1.0,3.0,1.0,5,8,Normal Review Profile
P474107,Hyaluronic Tripeptide Gel-Cream for Eyes,StriVectin,Skincare,65.0,luxury,4.6889,45,3261,45,45,4.69,39.0,4.0,2.0,86.67,8.89,4.44,39.0,0.0,4.0,2.0,0.0,4,8,Normal Review Profile
P469526,Water-Infusing Electrolyte Moisturizer,Paula's Choice,Skincare,37.0,premium,3.7273,44,8396,44,44,3.73,27.0,4.0,13.0,61.36,9.09,29.55,23.0,4.0,4.0,8.0,5.0,4,9,Normal Review Profile
P480986,Firming Eye Cream with Peptides,SEPHORA COLLECTION,Skincare,18.0,budget,4.1364,44,15171,44,44,4.14,34.0,4.0,6.0,77.27,9.09,13.64,26.0,8.0,4.0,2.0,4.0,5,9,Normal Review Profile
P375354,Capture Totale Intensive Night Restorative Crème,Dior,Skincare,175.0,luxury,4.4545,44,4799,44,44,4.45,38.0,0.0,6.0,86.36,0.0,13.64,36.0,2.0,0.0,2.0,4.0,4,5,Normal Review Profile
P476736,Superkind Fragrance-Free Bio-Barrier Serum,Tata Harper,Skincare,146.0,luxury,4.7273,44,2010,44,44,4.73,42.0,1.0,1.0,95.45,2.27,2.27,35.0,7.0,1.0,1.0,0.0,5,7,Normal Review Profile
P475196,So Smooth Resurfacing & Brightening Fruit Enzyme Mask,TULA Skincare,Skincare,36.0,premium,4.25,44,2603,44,44,4.25,37.0,6.0,1.0,84.09,13.64,2.27,20.0,17.0,6.0,0.0,1.0,5,9,Normal Review Profile
P481743,Peptight Tightening Neck Serum Roller,StriVectin,Skincare,79.0,luxury,4.7955,44,9271,44,44,4.8,44.0,0.0,0.0,100.0,0.0,0.0,35.0,9.0,0.0,0.0,0.0,4,8,Normal Review Profile
P469512,CLINICAL Ceramide-Enriched Firming Eye Cream,Paula's Choice,Skincare,49.0,premium,4.1163,43,8104,43,43,4.12,35.0,0.0,8.0,81.4,0.0,18.6,26.0,9.0,0.0,3.0,5.0,4,9,Normal Review Profile
P475590,MINI GINZING VITAMIN C EYE CREAM TO BRIGHTEN AND DEPUFF,Origins,Skincare,29.0,mid,3.45,40,18284,42,42,3.43,22.0,6.0,14.0,52.38,14.29,33.33,14.0,8.0,6.0,10.0,4.0,5,8,Low Satisfaction Product
P409920,Clarifying Lotion 1.0 Twice A Day Exfoliator,CLINIQUE,Skincare,32.0,mid,3.6429,42,3470,42,42,3.64,28.0,2.0,12.0,66.67,4.76,28.57,18.0,10.0,2.0,5.0,7.0,5,8,Normal Review Profile
P459140,Self-Tanning Water Refill,Isle of Paradise,Skincare,24.0,budget,3.619,42,12579,42,42,3.62,27.0,3.0,12.0,64.29,7.14,28.57,18.0,9.0,3.0,5.0,7.0,5,7,Normal Review Profile
P433461,Rose Sugar Scrub,Lancôme,Skincare,34.0,mid,3.8049,41,7764,42,42,3.76,28.0,3.0,11.0,66.67,7.14,26.19,20.0,8.0,3.0,6.0,5.0,5,8,Normal Review Profile
P470048,Bestsellers Recruitment Set,Origins,Skincare,29.0,mid,3.881,42,22451,42,42,3.88,27.0,5.0,10.0,64.29,11.9,23.81,26.0,1.0,5.0,4.0,6.0,5,9,Normal Review Profile
P309409,Repairwear Uplifting Firming Cream,CLINIQUE,Skincare,74.0,luxury,3.7143,42,2408,42,40,3.71,28.0,5.0,9.0,66.67,11.9,21.43,19.0,9.0,5.0,1.0,8.0,5,5,Normal Review Profile
P455897,Ethylated Ascorbic Acid 15% Solution,The Ordinary,Skincare,20.0,budget,4.0,42,20715,42,42,4.0,31.0,3.0,8.0,73.81,7.14,19.05,25.0,6.0,3.0,2.0,6.0,3,7,Normal Review Profile
P416538,The Lifting and Firming Mask,La Mer,Skincare,300.0,luxury,4.2857,42,15023,42,42,4.29,33.0,2.0,7.0,78.57,4.76,16.67,31.0,2.0,2.0,4.0,3.0,5,7,Normal Review Profile
P482007,Dewy Glow Jam Cleanser with Jeju Cherry Blossom,innisfree,Skincare,13.0,budget,4.3095,42,9095,42,42,4.31,35.0,3.0,4.0,83.33,7.14,9.52,25.0,10.0,3.0,3.0,1.0,4,7,Normal Review Profile
P504218,Dewy Cleanse + Hydrate Duo,Tatcha,Skincare,27.0,mid,4.5405,37,23678,42,42,4.55,37.0,3.0,2.0,88.1,7.14,4.76,32.0,5.0,3.0,0.0,2.0,5,8,Normal Review Profile
P504050,Advanced Retinol Nightly Multi Correct Serum,StriVectin,Skincare,99.0,luxury,4.7857,42,855,42,42,4.79,41.0,1.0,0.0,97.62,2.38,0.0,34.0,7.0,1.0,0.0,0.0,5,3,Normal Review Profile
P481742,Advanced Retinol Daily Repair Face Moisturizer Broad Spectrum SPF 30,StriVectin,Skincare,99.0,luxury,4.7143,42,1162,42,42,4.71,40.0,2.0,0.0,95.24,4.76,0.0,32.0,8.0,2.0,0.0,0.0,5,10,Normal Review Profile
P459835,Mini Charlotte’s Magic Serum with Vitamin C,Charlotte Tilbury,Skincare,30.0,mid,3.175,40,38819,41,41,3.15,19.0,3.0,19.0,46.34,7.32,46.34,14.0,5.0,3.0,11.0,8.0,5,8,Low Satisfaction Product
P440496,Buffering Lotion,Mario Badescu,Skincare,19.0,budget,3.9512,41,4679,41,41,3.95,30.0,1.0,10.0,73.17,2.44,24.39,25.0,5.0,1.0,4.0,6.0,5,9,Normal Review Profile
P392892,Nutritious Super-Pomegranate Radiant Energy Moisturizer Creme,Estée Lauder,Skincare,70.0,luxury,3.878,41,6546,41,41,3.88,28.0,4.0,9.0,68.29,9.76,21.95,20.0,8.0,4.0,6.0,3.0,5,3,Normal Review Profile
P477714,Black Obsidian Face and Body Gua Sha,SEPHORA COLLECTION,Skincare,14.0,budget,4.0,40,15323,41,41,4.02,31.0,1.0,9.0,75.61,2.44,21.95,26.0,5.0,1.0,3.0,6.0,5,8,Normal Review Profile
P475200,Your Best Skin at Every Age Firming & Smoothing Discovery Kit,TULA Skincare,Skincare,66.0,luxury,3.8293,41,2541,41,41,3.83,28.0,7.0,6.0,68.29,17.07,14.63,14.0,14.0,7.0,4.0,2.0,4,9,Normal Review Profile
P482312,Facial Razor Set,SEPHORA COLLECTION,Skincare,12.0,budget,4.4146,41,31987,41,41,4.41,35.0,1.0,5.0,85.37,2.44,12.2,31.0,4.0,1.0,2.0,3.0,5,8,Normal Review Profile
P472031,FAB Pharma Calamine Pore Purging Mask,First Aid Beauty,Skincare,30.0,mid,4.5366,41,14414,41,41,4.54,33.0,6.0,2.0,80.49,14.63,4.88,32.0,1.0,6.0,2.0,0.0,5,6,Normal Review Profile
P504040,Spirulina + Ashwagandha Volcanic Sea Clay Detox Masque,MARA,Skincare,54.0,premium,4.8519,27,1713,41,41,4.88,41.0,0.0,0.0,100.0,0.0,0.0,36.0,5.0,0.0,0.0,0.0,5,6,Normal Review Profile
P458733,Mini Rose Quartz Facial Roller,SEPHORA COLLECTION,Skincare,12.0,budget,3.7,40,17556,40,40,3.7,26.0,7.0,7.0,65.0,17.5,17.5,12.0,14.0,7.0,4.0,3.0,4,8,Normal Review Profile
P484033,Mini Squalane + Vitamin C Rose Firming Oil,Biossance,Skincare,40.0,premium,4.15,40,22591,40,39,4.15,31.0,2.0,7.0,77.5,5.0,17.5,27.0,4.0,2.0,2.0,5.0,5,8,Normal Review Profile
P441645,Sunless Tan Firming Lotion,COOLA,Skincare,46.0,premium,4.25,40,8889,40,40,4.25,31.0,4.0,5.0,77.5,10.0,12.5,28.0,3.0,4.0,1.0,4.0,5,6,Normal Review Profile
P470049,Clearcalm Clarifying Clay Cleanser,REN Clean Skincare,Skincare,38.0,premium,4.6,40,4303,40,40,4.6,36.0,0.0,4.0,90.0,0.0,10.0,33.0,3.0,0.0,3.0,1.0,5,9,Normal Review Profile
P471062,Full-Size Water Drench Hydra-Pair 2-Piece Kit,Peter Thomas Roth,Skincare,58.0,premium,4.6,40,15019,40,40,4.6,36.0,1.0,3.0,90.0,2.5,7.5,34.0,2.0,1.0,0.0,3.0,3,6,Normal Review Profile
P502758,Super-C Dark Circle Brightening Eye Serum,StriVectin,Skincare,65.0,luxury,4.55,40,1322,40,40,4.55,37.0,1.0,2.0,92.5,2.5,5.0,28.0,9.0,1.0,1.0,1.0,5,6,Normal Review Profile
P474118,Intensive Eye Cream Concentrate for Wrinkles PLUS,StriVectin,Skincare,72.0,luxury,4.425,40,5072,40,40,4.43,35.0,3.0,2.0,87.5,7.5,5.0,25.0,10.0,3.0,1.0,1.0,5,7,Normal Review Profile
P472022,Paradisi Hydrating Essence Mist,DAMDAM,Skincare,48.0,premium,4.5,40,1300,40,40,4.5,34.0,5.0,1.0,85.0,12.5,2.5,27.0,7.0,5.0,1.0,0.0,5,9,Normal Review Profile
P476436,Clean Pro Jade,PMD,Skincare,179.0,luxury,4.8205,39,4221,40,40,4.83,38.0,1.0,1.0,95.0,2.5,2.5,37.0,1.0,1.0,0.0,1.0,5,7,Normal Review Profile
P474376,Mini THE FACE Illuminating Self-Tan Drops,TAN-LUXE,Skincare,25.0,budget,3.7632,38,13586,39,39,3.69,25.0,2.0,12.0,64.1,5.13,30.77,20.0,5.0,2.0,6.0,6.0,5,6,Normal Review Profile
P479688,AHA Peeling Masks,SEPHORA COLLECTION,Skincare,10.0,budget,3.6923,39,10299,39,39,3.69,25.0,5.0,9.0,64.1,12.82,23.08,18.0,7.0,5.0,2.0,7.0,5,10,Normal Review Profile
P438648,The Quench Quadralipid Rapid Recovery Facial Moisturizer,BeautyBio,Skincare,129.0,luxury,3.8462,39,5300,39,39,3.85,25.0,5.0,9.0,64.1,12.82,23.08,22.0,3.0,5.0,4.0,5.0,4,9,Normal Review Profile
P433469,ELEVATE Advanced Retinol Serum,Algenist,Skincare,98.0,luxury,4.1026,39,5451,39,39,4.1,30.0,0.0,9.0,76.92,0.0,23.08,25.0,5.0,0.0,6.0,3.0,5,8,Normal Review Profile
P469085,Face Mask Applicator,SEPHORA COLLECTION,Skincare,10.0,budget,4.3684,38,32212,39,39,4.33,31.0,4.0,4.0,79.49,10.26,10.26,27.0,4.0,4.0,2.0,2.0,5,10,Normal Review Profile
P504208,Midnight to Morning Hydration Set,LANEIGE,Skincare,21.0,budget,4.2632,38,41957,39,39,4.18,31.0,5.0,3.0,79.49,12.82,7.69,20.0,11.0,5.0,1.0,2.0,5,8,Normal Review Profile
P442745,Plantscription Retinol Night Moisturizer,Origins,Skincare,73.0,luxury,4.5385,39,11217,39,39,4.54,34.0,2.0,3.0,87.18,5.13,7.69,31.0,3.0,2.0,1.0,2.0,5,8,Normal Review Profile
P460010,Prep & Plane Facial Razors,TWEEZERMAN,Skincare,10.0,budget,2.7105,38,5661,38,38,2.71,14.0,3.0,21.0,36.84,7.89,55.26,11.0,3.0,3.0,6.0,15.0,5,6,Low Satisfaction Product
P442263,needles no more 3-D LIP PLUMPFIX,Dr. Brandt Skincare,Skincare,39.0,premium,2.8947,38,5114,38,38,2.89,16.0,6.0,16.0,42.11,15.79,42.11,7.0,9.0,6.0,5.0,11.0,4,8,Low Satisfaction Product
P454937,Mini Super Anti-Aging Serum,Dr. Barbara Sturm,Skincare,130.0,luxury,3.3684,38,3397,38,38,3.37,20.0,4.0,14.0,52.63,10.53,36.84,20.0,0.0,4.0,2.0,12.0,5,7,Low Satisfaction Product
P447787,Super Anti-Aging Serum,Dr. Barbara Sturm,Skincare,370.0,luxury,3.3684,38,4523,38,38,3.37,20.0,4.0,14.0,52.63,10.53,36.84,20.0,0.0,4.0,2.0,12.0,5,7,Low Satisfaction Product
P500445,Prep Set Tan Tanning Mist with Hyaluronic Acid,Iconic London,Skincare,29.0,mid,4.2703,37,6187,38,38,4.29,31.0,2.0,5.0,81.58,5.26,13.16,28.0,3.0,2.0,0.0,5.0,4,5,Normal Review Profile
P468652,UFO 2,FOREO,Skincare,299.0,luxury,4.3947,38,12668,38,38,4.39,33.0,1.0,4.0,86.84,2.63,10.53,27.0,6.0,1.0,1.0,3.0,5,8,Normal Review Profile
P417323,Fresh Pressed Renewing Powder Cleanser with Pure Vitamin C,CLINIQUE,Skincare,39.0,premium,4.3684,38,5608,38,38,4.37,32.0,2.0,4.0,84.21,5.26,10.53,27.0,5.0,2.0,1.0,3.0,5,8,Normal Review Profile
P501004,Youthful Active Roller with Niacinamide,FaceGym,Skincare,70.0,luxury,4.6316,38,1119,38,38,4.63,34.0,2.0,2.0,89.47,5.26,5.26,30.0,4.0,2.0,2.0,0.0,5,9,Normal Review Profile
P475187,Firm Up Deep Wrinkle Serum,TULA Skincare,Skincare,84.0,luxury,4.1579,38,1258,38,38,4.16,31.0,6.0,1.0,81.58,15.79,2.63,15.0,16.0,6.0,0.0,1.0,4,7,Normal Review Profile
P471064,Max Matte Shine Control Sunscreen Broad Spectrum SPF 45,Peter Thomas Roth,Skincare,38.0,premium,2.4865,37,2240,37,37,2.49,12.0,1.0,24.0,32.43,2.7,64.86,9.0,3.0,1.0,8.0,16.0,4,10,Low Satisfaction Product
P468143,GOOPGENES All-In-One Super Nutrient Face Oil,goop,Skincare,98.0,luxury,3.5676,37,3159,37,37,3.57,22.0,1.0,14.0,59.46,2.7,37.84,19.0,3.0,1.0,8.0,6.0,3,6,Normal Review Profile
P457519,Water Drench Hyaluronic Cloud Hydrating Eye Gel,Peter Thomas Roth,Skincare,43.0,premium,3.4595,37,5917,37,37,3.46,21.0,5.0,11.0,56.76,13.51,29.73,12.0,9.0,5.0,6.0,5.0,5,7,Low Satisfaction Product
P482694,Mini Water Bank Blue Hyaluronic Cream Moisturizer,LANEIGE,Skincare,23.0,budget,3.5135,37,13024,37,37,3.51,21.0,7.0,9.0,56.76,18.92,24.32,15.0,6.0,7.0,1.0,8.0,5,8,Normal Review Profile
P379009,Rénergie Lift Multi-Action Day Cream with SPF 15 - All Skin Types,Lancôme,Skincare,135.0,luxury,3.8108,37,3448,37,36,3.81,26.0,2.0,9.0,70.27,5.41,24.32,18.0,8.0,2.0,4.0,5.0,5,7,Normal Review Profile
P468671,Clarifying Cleansing Foam with Bija Seed Oil,innisfree,Skincare,12.0,budget,4.2162,37,4981,37,37,4.22,27.0,5.0,5.0,72.97,13.51,13.51,24.0,3.0,5.0,4.0,1.0,5,9,Normal Review Profile
P446908,Advanced Night Repair Treatment Intense Reset Concentrate,Estée Lauder,Skincare,92.0,luxury,4.4595,37,11042,37,37,4.46,31.0,2.0,4.0,83.78,5.41,10.81,29.0,2.0,2.0,2.0,2.0,4,6,Normal Review Profile
P440491,Botanical Exfoliating Scrub,Mario Badescu,Skincare,26.0,mid,4.5405,37,6646,37,37,4.54,33.0,0.0,4.0,89.19,0.0,10.81,32.0,1.0,0.0,0.0,4.0,5,9,Normal Review Profile
P476485,Hydra Vizor Invisible Moisturizer Broad Spectrum SPF 30 Sunscreen with Niacinamide Refill,Fenty Skin,Skincare,35.0,mid,4.4865,37,14985,37,37,4.49,31.0,2.0,4.0,83.78,5.41,10.81,30.0,1.0,2.0,2.0,2.0,5,9,Normal Review Profile
P504134,Sea Silk Lip Balm,MARA,Skincare,26.0,mid,4.4444,36,6580,37,35,4.46,29.0,5.0,3.0,78.38,13.51,8.11,28.0,1.0,5.0,3.0,0.0,5,7,Normal Review Profile
P469518,RESIST Barrier Repair Moisturizer with Retinol,Paula's Choice,Skincare,37.0,premium,4.3243,37,17313,37,37,4.32,30.0,4.0,3.0,81.08,10.81,8.11,24.0,6.0,4.0,1.0,2.0,4,8,Normal Review Profile
P476681,Hyaluronic Acid Roller Dissolving Microneedling Tool,FaceGym,Skincare,95.0,luxury,4.6757,37,4697,37,37,4.68,33.0,2.0,2.0,89.19,5.41,5.41,31.0,2.0,2.0,2.0,0.0,4,7,Normal Review Profile
P420638,ELEVATE Advanced Lift Contouring Cream,Algenist,Skincare,96.0,luxury,4.3243,37,3317,37,37,4.32,29.0,6.0,2.0,78.38,16.22,5.41,23.0,6.0,6.0,1.0,1.0,5,7,Normal Review Profile
P480300,Faceshot Electric Microneedling Device + Vitamin Ampoules,FaceGym,Skincare,275.0,luxury,4.5405,37,5049,37,37,4.54,34.0,2.0,1.0,91.89,5.41,2.7,25.0,9.0,2.0,0.0,1.0,5,7,Normal Review Profile
P446820,Grapefruit Peeling Mask - Skin Perfection,SEPHORA COLLECTION,Skincare,8.0,budget,3.4444,36,0,36,36,3.44,19.0,7.0,10.0,52.78,19.44,27.78,14.0,5.0,7.0,3.0,7.0,4,9,Low Satisfaction Product
P471085,Targeted Dark Spots Serum,SEPHORA COLLECTION,Skincare,20.0,budget,3.6111,36,6752,36,36,3.61,23.0,4.0,9.0,63.89,11.11,25.0,13.0,10.0,4.0,4.0,5.0,4,10,Normal Review Profile
P423143,Stress Positive Eye Lift Mask,Dermalogica,Skincare,74.0,luxury,4.1667,36,8944,36,36,4.17,26.0,3.0,7.0,72.22,8.33,19.44,23.0,3.0,3.0,7.0,0.0,5,9,Normal Review Profile
P461195,Clean Hemp Mask,SEPHORA COLLECTION,Skincare,5.5,budget,3.8889,36,11589,36,36,3.89,24.0,6.0,6.0,66.67,16.67,16.67,16.0,8.0,6.0,4.0,2.0,5,9,Normal Review Profile
P423165,Future Solution LX Eye and Lip Contour Regenerating Cream,Shiseido,Skincare,155.0,luxury,4.0833,36,6410,36,36,4.08,27.0,4.0,5.0,75.0,11.11,13.89,20.0,7.0,4.0,2.0,3.0,4,7,Normal Review Profile
P447409,Mini Baba Bomb Moisturizer,tarte,Skincare,14.0,budget,4.1111,36,5514,36,36,4.11,25.0,8.0,3.0,69.44,22.22,8.33,20.0,5.0,8.0,1.0,2.0,5,8,Normal Review Profile
P202935,Benefiance NutriPerfect Night Cream,Shiseido,Skincare,97.0,luxury,4.4722,36,5520,36,36,4.47,31.0,3.0,2.0,86.11,8.33,5.56,26.0,5.0,3.0,0.0,2.0,4,6,Normal Review Profile
P482755,Claydate Detoxifying & Toning Face Mask Stick,TULA Skincare,Skincare,36.0,premium,4.3333,36,1460,36,36,4.33,32.0,2.0,2.0,88.89,5.56,5.56,18.0,14.0,2.0,2.0,0.0,5,9,Normal Review Profile
P470533,Blending Brush,Isle of Paradise,Skincare,24.0,budget,4.8056,36,17964,36,36,4.81,34.0,1.0,1.0,94.44,2.78,2.78,32.0,2.0,1.0,1.0,0.0,4,6,Normal Review Profile
P456990,Mini GENIUS Liquid Collagen,Algenist,Skincare,25.0,budget,3.4412,34,8900,35,35,3.4,18.0,8.0,9.0,51.43,22.86,25.71,11.0,7.0,8.0,3.0,6.0,5,7,Low Satisfaction Product
P483151,Vitamin Eye Masks,SEPHORA COLLECTION,Skincare,3.5,budget,3.9118,34,26055,35,35,3.94,25.0,3.0,7.0,71.43,8.57,20.0,20.0,5.0,3.0,2.0,5.0,5,10,Normal Review Profile
P440492,Buttermilk Moisturizer,Mario Badescu,Skincare,18.0,budget,3.9714,35,5546,35,35,3.97,23.0,5.0,7.0,65.71,14.29,20.0,21.0,2.0,5.0,4.0,3.0,4,6,Normal Review Profile
P433524,Multi-Miracle Glow Cleansing Balm,Charlotte Tilbury,Skincare,60.0,luxury,4.1429,35,7612,35,35,4.14,28.0,2.0,5.0,80.0,5.71,14.29,22.0,6.0,2.0,0.0,5.0,4,7,Normal Review Profile
P471547,Mini Beste No. 9 Jelly Cleanser,Drunk Elephant,Skincare,16.0,budget,4.1429,35,16632,35,35,4.14,26.0,4.0,5.0,74.29,11.43,14.29,19.0,7.0,4.0,5.0,0.0,5,7,Normal Review Profile
P405286,Smart Broad Spectrum SPF 15 Custom-Repair Moisturizer for Dry Combination Skin,CLINIQUE,Skincare,64.0,luxury,4.3143,35,3174,35,35,4.31,29.0,3.0,3.0,82.86,8.57,8.57,22.0,7.0,3.0,1.0,2.0,5,7,Normal Review Profile
P417115,The Intensive Revitalizing Mask,La Mer,Skincare,200.0,luxury,4.4571,35,6256,35,35,4.46,30.0,2.0,3.0,85.71,5.71,8.57,26.0,4.0,2.0,1.0,2.0,5,7,Normal Review Profile
P416728,Dreamskin Skin Perfector Refill,Dior,Skincare,102.0,luxury,4.5714,35,9535,35,35,4.57,31.0,2.0,2.0,88.57,5.71,5.71,28.0,3.0,2.0,0.0,2.0,5,9,Normal Review Profile
P481401,Hydrating Jasmine Mist - Royal Refresh,RANAVAT,Skincare,45.0,premium,4.4571,35,3733,35,35,4.46,31.0,2.0,2.0,88.57,5.71,5.71,23.0,8.0,2.0,1.0,1.0,4,6,Normal Review Profile
P503562,GLOfacial Hydro-Infusion Pore Cleansing + Blue LED Clarifying Tool,BeautyBio,Skincare,199.0,luxury,4.1212,33,7799,34,34,4.03,26.0,0.0,8.0,76.47,0.0,23.53,23.0,3.0,0.0,2.0,6.0,5,4,Normal Review Profile
P444615,Witch Hazel & Rosewater Toner,Mario Badescu,Skincare,14.0,budget,4.0882,34,12154,34,34,4.09,25.0,2.0,7.0,73.53,5.88,20.59,24.0,1.0,2.0,2.0,5.0,4,9,Normal Review Profile
P442548,Mini Liquid Gold Exfoliating Treatment with Glycolic Acid,Alpha-H,Skincare,22.0,budget,4.0,34,11971,34,34,4.0,25.0,3.0,6.0,73.53,8.82,17.65,19.0,6.0,3.0,2.0,4.0,5,5,Normal Review Profile
P428423,Refreshing Cleansing Sheets,Shiseido,Skincare,20.0,budget,4.1765,34,5363,34,34,4.18,26.0,2.0,6.0,76.47,5.88,17.65,24.0,2.0,2.0,2.0,4.0,5,10,Normal Review Profile
P470245,Complexion Brightening Booster Serum,ROSE Ingleton MD,Skincare,70.0,luxury,4.5,34,3223,34,34,4.5,31.0,0.0,3.0,91.18,0.0,8.82,26.0,5.0,0.0,0.0,3.0,4,10,Normal Review Profile
P443375,White Lucent Brightening Gel Cream,Shiseido,Skincare,75.0,luxury,3.4848,33,6154,33,33,3.48,19.0,1.0,13.0,57.58,3.03,39.39,17.0,2.0,1.0,6.0,7.0,5,9,Low Satisfaction Product
P422253,Rare Earth Pore Refining Tonic,Kiehl's Since 1851,Skincare,25.0,budget,3.5758,33,5263,33,33,3.58,21.0,1.0,11.0,63.64,3.03,33.33,18.0,3.0,1.0,2.0,9.0,4,9,Normal Review Profile
P433440,Wonder Oil Illuminating Self-Tan Oil,TAN-LUXE,Skincare,69.0,luxury,3.8182,33,4124,33,32,3.82,23.0,1.0,9.0,69.7,3.03,27.27,18.0,5.0,1.0,4.0,5.0,4,7,Normal Review Profile
P454514,"Youth Renewal Retinol Trial Kit for Smoother, Younger-Looking Skin",Murad,Skincare,59.0,luxury,3.7879,33,17238,33,33,3.79,22.0,2.0,9.0,66.67,6.06,27.27,18.0,4.0,2.0,4.0,5.0,4,6,Normal Review Profile
P428422,Oil Control Blotting Paper,Shiseido,Skincare,20.0,budget,3.9697,33,4649,33,33,3.97,23.0,5.0,5.0,69.7,15.15,15.15,18.0,5.0,5.0,1.0,4.0,5,9,Normal Review Profile
P436378,Dermatologist Solutions Centella Sensitive Cica-Cream,Kiehl's Since 1851,Skincare,46.0,premium,4.5152,33,6043,33,33,4.52,29.0,1.0,3.0,87.88,3.03,9.09,25.0,4.0,1.0,2.0,1.0,4,8,Normal Review Profile
P440499,Silver Powder,Mario Badescu,Skincare,12.0,budget,4.3939,33,6384,33,33,4.39,29.0,2.0,2.0,87.88,6.06,6.06,20.0,9.0,2.0,1.0,1.0,4,8,Normal Review Profile
P457441,The Clarifying Kit,SEPHORA COLLECTION,Skincare,20.0,budget,4.6667,33,9475,33,33,4.67,30.0,2.0,1.0,90.91,6.06,3.03,26.0,4.0,2.0,1.0,0.0,4,9,Normal Review Profile
P470247,Blemish Control Booster Serum,ROSE Ingleton MD,Skincare,70.0,luxury,4.8182,33,2170,33,33,4.82,32.0,0.0,1.0,96.97,0.0,3.03,30.0,2.0,0.0,0.0,1.0,4,10,Normal Review Profile
P470510,Mini The Rich Cream with TFC8 Face Moisturizer,Augustinus Bader,Skincare,92.0,luxury,3.6875,32,10759,32,32,3.69,19.0,6.0,7.0,59.38,18.75,21.88,14.0,5.0,6.0,3.0,4.0,5,7,Normal Review Profile
P433155,Prep It Self-Tan Priming Spray,Isle of Paradise,Skincare,24.0,budget,4.0313,32,11103,32,32,4.03,25.0,2.0,5.0,78.13,6.25,15.63,17.0,8.0,2.0,1.0,4.0,4,6,Normal Review Profile
P446518,Soothing Face Cleanser Oil,Bobbi Brown,Skincare,53.0,premium,4.4063,32,10137,32,32,4.41,26.0,2.0,4.0,81.25,6.25,12.5,23.0,3.0,2.0,4.0,0.0,5,9,Normal Review Profile
P417604,Hydra Life Deep Hydration Sorbet Water Essence,Dior,Skincare,80.0,luxury,4.3438,32,5499,32,32,4.34,26.0,2.0,4.0,81.25,6.25,12.5,22.0,4.0,2.0,3.0,1.0,5,7,Normal Review Profile
P442748,Hydrating Floral Mask,Tata Harper,Skincare,95.0,luxury,4.375,32,4076,32,32,4.38,27.0,1.0,4.0,84.38,3.13,12.5,22.0,5.0,1.0,3.0,1.0,5,8,Normal Review Profile
P504880,Melt Awf Jelly Oil Makeup-Melting Cleanser,Fenty Skin,Skincare,34.0,mid,4.0909,11,8214,32,32,4.63,28.0,1.0,3.0,87.5,3.13,9.38,28.0,0.0,1.0,2.0,1.0,4,8,Normal Review Profile
P455909,Facial Spray with Aloe Sage & Orange Blossom,Mario Badescu,Skincare,7.0,budget,4.4375,32,6786,32,32,4.44,27.0,2.0,3.0,84.38,6.25,9.38,24.0,3.0,2.0,1.0,2.0,4,8,Normal Review Profile
P429676,Hydra Life Cooling Hydration Sorbet Eye Gel,Dior,Skincare,60.0,luxury,3.3226,31,6630,31,31,3.32,16.0,3.0,12.0,51.61,9.68,38.71,13.0,3.0,3.0,5.0,7.0,4,6,Low Satisfaction Product
P457520,FIRMx Collagen Moisturizer,Peter Thomas Roth,Skincare,88.0,luxury,3.3871,31,5148,31,31,3.39,18.0,1.0,12.0,58.06,3.23,38.71,14.0,4.0,1.0,4.0,8.0,4,8,Low Satisfaction Product
P480280,Mini Squalane + Omega Repair Deep Hydration Moisturizer,Biossance,Skincare,20.0,budget,3.2333,30,14541,31,31,3.26,16.0,3.0,12.0,51.61,9.68,38.71,10.0,6.0,3.0,6.0,6.0,5,7,Low Satisfaction Product
P410809,ELEVATE Firming & Lifting Contouring Eye Cream,Algenist,Skincare,72.0,luxury,3.2581,31,1957,31,31,3.26,16.0,3.0,12.0,51.61,9.68,38.71,14.0,2.0,3.0,2.0,10.0,4,7,Low Satisfaction Product
P467650,Self-Tanning Body Mousse,SEPHORA COLLECTION,Skincare,18.0,budget,3.4839,31,3544,31,31,3.48,16.0,7.0,8.0,51.61,22.58,25.81,13.0,3.0,7.0,2.0,6.0,4,6,Low Satisfaction Product
P440302,needles no more Neck Sculpting Cream,Dr. Brandt Skincare,Skincare,95.0,luxury,3.7742,31,6052,31,31,3.77,19.0,6.0,6.0,61.29,19.35,19.35,15.0,4.0,6.0,2.0,4.0,4,7,Normal Review Profile
P440493,Oil Free Moisturizer Broad Spectrum SPF 30,Mario Badescu,Skincare,28.0,mid,3.6452,31,4935,31,31,3.65,18.0,7.0,6.0,58.06,22.58,19.35,11.0,7.0,7.0,3.0,3.0,4,8,Normal Review Profile
P480358,Mini Debloat+ Anti-Bloat Supplement with Digestive Enzymes,The Nue Co.,Skincare,18.0,budget,4.6,25,6299,31,31,4.68,28.0,0.0,3.0,90.32,0.0,9.68,28.0,0.0,0.0,2.0,1.0,5,9,Normal Review Profile
P481058,Mini Melt Moisturizer with Bakuchiol and Squalane,alpyn beauty,Skincare,25.0,budget,4.5806,31,7054,31,31,4.58,26.0,4.0,1.0,83.87,12.9,3.23,25.0,1.0,4.0,0.0,1.0,5,6,Normal Review Profile
P505392,Multi Action Clear Acne Clearing Treatment Lotion for Breakouts,StriVectin,Skincare,49.0,premium,5.0,1,13,31,31,4.9,31.0,0.0,0.0,100.0,0.0,0.0,28.0,3.0,0.0,0.0,0.0,4,6,Normal Review Profile
P505131,Moisturizing High Performance Face Cream with Peptides,MACRENE actives,Skincare,225.0,luxury,4.9333,15,297,31,31,4.71,30.0,1.0,0.0,96.77,3.23,0.0,23.0,7.0,1.0,0.0,0.0,4,6,Normal Review Profile
P456204,Purity Tanning Waters Mini Kit,St. Tropez,Skincare,25.0,budget,3.2,30,8774,30,30,3.2,16.0,3.0,11.0,53.33,10.0,36.67,10.0,6.0,3.0,2.0,9.0,4,7,Low Satisfaction Product
P442860,ALIVE Prebiotic Balancing Moisturizer SPF 15,Algenist,Skincare,40.0,premium,3.2,30,1897,30,30,3.2,14.0,5.0,11.0,46.67,16.67,36.67,11.0,3.0,5.0,3.0,8.0,4,7,Low Satisfaction Product
P440923,Capture Youth Age-Delay Advanced Eye Treatment,Dior,Skincare,75.0,luxury,3.4667,30,4285,30,30,3.47,17.0,3.0,10.0,56.67,10.0,33.33,13.0,4.0,3.0,4.0,6.0,4,5,Low Satisfaction Product
P480600,Rouge Dior Lip Balm,Dior,Skincare,45.0,premium,3.4,30,15332,30,30,3.4,15.0,6.0,9.0,50.0,20.0,30.0,12.0,3.0,6.0,3.0,6.0,5,7,Low Satisfaction Product
P483092,Glow Peel Pads with AHA + PHA,SEPHORA COLLECTION,Skincare,17.0,budget,4.5862,29,14845,30,30,4.6,27.0,1.0,2.0,90.0,3.33,6.67,24.0,3.0,1.0,1.0,1.0,5,10,Normal Review Profile
P501024,Hydrating Active Roller with Hyaluronic Acid,FaceGym,Skincare,70.0,luxury,4.3,30,407,30,30,4.3,25.0,3.0,2.0,83.33,10.0,6.67,17.0,8.0,3.0,1.0,1.0,5,9,Normal Review Profile
P481973,The Better B Niacinamide Serum,Dr. Barbara Sturm,Skincare,145.0,luxury,4.8667,30,2538,30,30,4.87,29.0,0.0,1.0,96.67,0.0,3.33,28.0,1.0,0.0,1.0,0.0,5,6,Normal Review Profile
P448715,Balancing Toner,Dr. Barbara Sturm,Skincare,75.0,luxury,4.4828,29,4371,30,30,4.5,28.0,1.0,1.0,93.33,3.33,3.33,18.0,10.0,1.0,1.0,0.0,5,7,Normal Review Profile
P503820,Daily Brightness Boosters Kit,Dermalogica,Skincare,49.5,premium,4.8333,30,1723,30,30,4.83,29.0,1.0,0.0,96.67,3.33,0.0,26.0,3.0,1.0,0.0,0.0,4,6,Normal Review Profile
P447607,Rose Milk Re-Hydrating Mist,Lancôme,Skincare,30.0,mid,3.5517,29,5507,29,29,3.55,18.0,3.0,8.0,62.07,10.34,27.59,10.0,8.0,3.0,4.0,4.0,5,7,Normal Review Profile
P500982,Water Bank Cleansing Foam,LANEIGE,Skincare,25.0,budget,3.9286,28,7317,29,29,3.97,20.0,2.0,7.0,68.97,6.9,24.14,17.0,3.0,2.0,5.0,2.0,3,8,Normal Review Profile
P446639,Massaging Jade Textured Facial Roller,Mount Lai,Skincare,36.0,premium,3.8276,29,5375,29,29,3.83,21.0,1.0,7.0,72.41,3.45,24.14,17.0,4.0,1.0,0.0,7.0,5,8,Normal Review Profile
P443550,Dr. Andrew Weil for Origins Mega-Mushroom Relief & Resilience Hydra Burst Gel Lotion,Origins,Skincare,71.0,luxury,4.0345,29,3001,29,29,4.03,21.0,2.0,6.0,72.41,6.9,20.69,19.0,2.0,2.0,2.0,4.0,4,6,Normal Review Profile
P457439,Clarifying Lotion,SEPHORA COLLECTION,Skincare,16.0,budget,3.6207,29,5748,29,29,3.62,16.0,8.0,5.0,55.17,27.59,17.24,10.0,6.0,8.0,2.0,3.0,4,8,Normal Review Profile
P416725,The Revitalizing Hydrating Serum,La Mer,Skincare,255.0,luxury,4.0,29,8300,29,28,4.0,21.0,3.0,5.0,72.41,10.34,17.24,17.0,4.0,3.0,1.0,4.0,5,7,Normal Review Profile
P455227,Glow One Step Further Radiance Kit,REN Clean Skincare,Skincare,28.0,mid,3.931,29,10949,29,29,3.93,18.0,7.0,4.0,62.07,24.14,13.79,15.0,3.0,7.0,2.0,2.0,4,8,Normal Review Profile
P444470,De-Puffing Rose Quartz Eye Treatment Tool,Mount Lai,Skincare,30.0,mid,4.7241,29,9940,29,29,4.72,27.0,0.0,2.0,93.1,0.0,6.9,25.0,2.0,0.0,2.0,0.0,5,7,Normal Review Profile
P501185,Luxury Lip Shine – Longwear Hydration Lip Oil with Vitamin C,Saint Jane Beauty,Skincare,28.0,mid,4.6552,29,4219,29,29,4.66,26.0,2.0,1.0,89.66,6.9,3.45,23.0,3.0,2.0,1.0,0.0,5,6,Normal Review Profile
P464799,Potent-C Power Brightening Hydra-Gels,Peter Thomas Roth,Skincare,65.0,luxury,2.6429,28,9815,28,28,2.64,11.0,1.0,16.0,39.29,3.57,57.14,9.0,2.0,1.0,2.0,14.0,4,6,Low Satisfaction Product
P456210,GOOPGLOW 20% Vitamin C and Hyaluronic Glow Serum,goop,Skincare,125.0,luxury,3.5357,28,2613,28,28,3.54,17.0,2.0,9.0,60.71,7.14,32.14,13.0,4.0,2.0,3.0,6.0,4,7,Normal Review Profile
P423690,Skin Resurfacing Lactic Acid Cleanser,Dermalogica,Skincare,48.0,premium,4.1071,28,6435,28,28,4.11,22.0,0.0,6.0,78.57,0.0,21.43,19.0,3.0,0.0,2.0,4.0,4,7,Normal Review Profile
P473268,MINI Precision Peach Fuzz Removal Device,DERMAFLASH,Skincare,69.0,luxury,4.0769,26,8046,28,28,3.86,19.0,3.0,6.0,67.86,10.71,21.43,16.0,3.0,3.0,1.0,5.0,5,9,Normal Review Profile
P432835,Rose Quartz Facial De-Puffing & Lifting Gua Sha,KORA Organics,Skincare,63.0,luxury,4.0714,28,10216,28,28,4.07,22.0,1.0,5.0,78.57,3.57,17.86,18.0,4.0,1.0,0.0,5.0,5,6,Normal Review Profile
P380030,Perfectly Clean Multi-Action Toning Lotion/Refiner,Estée Lauder,Skincare,30.0,mid,4.2143,28,5546,28,28,4.21,25.0,0.0,3.0,89.29,0.0,10.71,14.0,11.0,0.0,1.0,2.0,5,5,Normal Review Profile
P471086,Targeted Wrinkle Serum,SEPHORA COLLECTION,Skincare,20.0,budget,4.3571,28,5783,28,28,4.36,24.0,1.0,3.0,85.71,3.57,10.71,19.0,5.0,1.0,1.0,2.0,5,7,Normal Review Profile
P432256,Mini Black Tea Instant Perfecting Mask,fresh,Skincare,40.0,premium,4.3571,28,9725,28,28,4.36,23.0,3.0,2.0,82.14,10.71,7.14,18.0,5.0,3.0,1.0,1.0,4,7,Normal Review Profile
P504023,Algae + Zinc Sea Kale Mineral Sunscreen Sérum SPF 30,MARA,Skincare,52.0,premium,4.5714,28,1323,28,28,4.57,24.0,3.0,1.0,85.71,10.71,3.57,21.0,3.0,3.0,1.0,0.0,5,3,Normal Review Profile
P500412,Prep Set Tan Face and Body Brush,Iconic London,Skincare,25.0,budget,4.8214,28,5266,28,28,4.82,27.0,0.0,1.0,96.43,0.0,3.57,26.0,1.0,0.0,0.0,1.0,4,6,Normal Review Profile
P447608,Rose Sorbet Cryo-Mask,Lancôme,Skincare,45.0,premium,3.5185,27,3771,27,27,3.52,15.0,3.0,9.0,55.56,11.11,33.33,12.0,3.0,3.0,5.0,4.0,4,7,Normal Review Profile
P478274,GOOPGENES Clean Nourishing Lip Balm Trio,goop,Skincare,48.0,premium,3.5556,27,3354,27,27,3.56,15.0,4.0,8.0,55.56,14.81,29.63,12.0,3.0,4.0,4.0,4.0,4,6,Normal Review Profile
P442267,Sunless Tan Express Sculpting Mousse,COOLA,Skincare,48.0,premium,4.0,27,3650,27,27,4.0,18.0,3.0,6.0,66.67,11.11,22.22,16.0,2.0,3.0,5.0,1.0,4,5,Normal Review Profile
P503928,Green Tea Hyaluronic Acid Face Cleanser,innisfree,Skincare,12.0,budget,4.0385,26,7953,27,27,3.93,18.0,3.0,6.0,66.67,11.11,22.22,15.0,3.0,3.0,4.0,2.0,5,9,Normal Review Profile
P422649,Resilience Multi-Effect Night Tri-Peptide Face and Neck Moisturizer Creme,Estée Lauder,Skincare,110.0,luxury,4.1852,27,4621,27,27,4.19,20.0,3.0,4.0,74.07,11.11,14.81,18.0,2.0,3.0,2.0,2.0,3,7,Normal Review Profile
P408542,One Essential Eye Serum,Dior,Skincare,72.0,luxury,4.3333,27,5908,27,27,4.33,21.0,2.0,4.0,77.78,7.41,14.81,19.0,2.0,2.0,4.0,0.0,5,8,Normal Review Profile
P449150,Hydrating Oil,Anastasia Beverly Hills,Skincare,45.0,premium,4.5556,27,4568,27,27,4.56,24.0,1.0,2.0,88.89,3.7,7.41,20.0,4.0,1.0,2.0,0.0,4,9,Normal Review Profile
P461200,Clean Watermelon After Sun Mask,SEPHORA COLLECTION,Skincare,5.0,budget,4.6667,27,9000,27,27,4.67,24.0,2.0,1.0,88.89,7.41,3.7,23.0,1.0,2.0,0.0,1.0,4,6,Normal Review Profile
P481975,Alpha Beta Daily Essentials - Universal,Dr. Dennis Gross Skincare,Skincare,92.0,luxury,4.6296,27,3622,27,27,4.63,24.0,2.0,1.0,88.89,7.41,3.7,22.0,2.0,2.0,0.0,1.0,5,8,Normal Review Profile
P444990,Blend It Multi-Purpose Self-Tan Blender,Isle of Paradise,Skincare,22.0,budget,2.3846,26,5294,26,26,2.38,8.0,1.0,17.0,30.77,3.85,65.38,5.0,3.0,1.0,5.0,12.0,4,5,Low Satisfaction Product
P476842,Cryo-Recovery Lifting Face Mask with Acupressure Technology,Charlotte Tilbury,Skincare,55.0,premium,2.8077,26,15090,26,26,2.81,8.0,7.0,11.0,30.77,26.92,42.31,4.0,4.0,7.0,5.0,6.0,5,6,Low Satisfaction Product
P439648,Clinique iD:  Moisturizer + Concentrate for Pores & Uneven Texture,CLINIQUE,Skincare,41.0,premium,3.1538,26,904,26,26,3.15,12.0,4.0,10.0,46.15,15.38,38.46,9.0,3.0,4.0,3.0,7.0,5,10,Low Satisfaction Product
P446822,Hemp Mousse Mask - Anti-Blemish,SEPHORA COLLECTION,Skincare,8.0,budget,3.5769,26,0,26,26,3.58,16.0,2.0,8.0,61.54,7.69,30.77,11.0,5.0,2.0,4.0,4.0,4,7,Normal Review Profile
P408273,Advanced Night Micro Cleansing Foam,Estée Lauder,Skincare,33.0,mid,3.9231,26,2742,26,26,3.92,19.0,2.0,5.0,73.08,7.69,19.23,13.0,6.0,2.0,2.0,3.0,5,7,Normal Review Profile
P455235,Superstars Anti-Aging Serum and Eye Kit,Sunday Riley,Skincare,130.0,luxury,4.16,25,19425,26,26,4.08,19.0,2.0,5.0,73.08,7.69,19.23,17.0,2.0,2.0,2.0,3.0,4,9,Normal Review Profile
P500428,Lift & Contour 1% Bakuchiol & Peptide Eye Serum,Wishful,Skincare,45.0,premium,4.0,26,11916,26,26,4.0,19.0,3.0,4.0,73.08,11.54,15.38,15.0,4.0,3.0,0.0,4.0,4,6,Normal Review Profile
P433621,Treatment Softener Enriched,Shiseido,Skincare,50.0,premium,4.3077,26,5752,26,26,4.31,20.0,3.0,3.0,76.92,11.54,11.54,18.0,2.0,3.0,2.0,1.0,4,7,Normal Review Profile
P481339,Alpha Beta Daily Essentials - Extra Strength,Dr. Dennis Gross Skincare,Skincare,92.0,luxury,4.4615,26,7215,26,26,4.46,23.0,0.0,3.0,88.46,0.0,11.54,21.0,2.0,0.0,0.0,3.0,4,7,Normal Review Profile
P468634,Vitamin Enriched Face Base Jumbo,Bobbi Brown,Skincare,99.0,luxury,4.84,25,17355,26,26,4.85,25.0,1.0,0.0,96.15,3.85,0.0,23.0,2.0,1.0,0.0,0.0,4,7,Normal Review Profile
P431419,Over It Magic Self-Tan Eraser,Isle of Paradise,Skincare,30.0,mid,3.04,25,5750,25,25,3.04,11.0,5.0,9.0,44.0,20.0,36.0,8.0,3.0,5.0,0.0,9.0,4,7,Low Satisfaction Product
P469523,RESIST Anti-Aging Clear Skin Hydrator,Paula's Choice,Skincare,37.0,premium,3.4,25,4739,25,25,3.4,14.0,3.0,8.0,56.0,12.0,32.0,11.0,3.0,3.0,1.0,7.0,4,7,Low Satisfaction Product
P469521,RESIST Weightless Advanced Repairing Toner,Paula's Choice,Skincare,26.0,mid,3.8,25,11114,25,25,3.8,17.0,2.0,6.0,68.0,8.0,24.0,12.0,5.0,2.0,3.0,3.0,3,8,Normal Review Profile
P481699,Cicapair Tiger Grass Calming Serum Mask,Dr. Jart+,Skincare,9.0,budget,4.36,25,12733,25,25,4.36,20.0,2.0,3.0,80.0,8.0,12.0,17.0,3.0,2.0,3.0,0.0,4,7,Normal Review Profile
P461535,All About Acne Breakout + Blackhead Set,Sunday Riley,Skincare,95.0,luxury,4.2,25,9837,25,25,4.2,20.0,2.0,3.0,80.0,8.0,12.0,14.0,6.0,2.0,2.0,1.0,3,6,Normal Review Profile
P476677,Supreme Restructure Collagen-Boosting Cermide Cream,FaceGym,Skincare,120.0,luxury,4.44,25,1609,25,25,4.44,22.0,0.0,3.0,88.0,0.0,12.0,19.0,3.0,0.0,1.0,2.0,5,7,Normal Review Profile
P483075,Brightening Dual Facial Enzyme Exfoliator,SEPHORA COLLECTION,Skincare,14.0,budget,4.125,24,7792,25,25,4.16,19.0,3.0,3.0,76.0,12.0,12.0,14.0,5.0,3.0,2.0,1.0,5,9,Normal Review Profile
P392522,Santal Soothing & Hydrating Natural Face Treatment Oil,Clarins,Skincare,65.0,luxury,4.76,25,8559,25,25,4.76,23.0,0.0,2.0,92.0,0.0,8.0,23.0,0.0,0.0,2.0,0.0,5,6,Normal Review Profile
P474125,The Gamechangers,StriVectin,Skincare,79.0,luxury,4.68,25,2820,25,25,4.68,23.0,1.0,1.0,92.0,4.0,4.0,20.0,3.0,1.0,1.0,0.0,4,7,Normal Review Profile
P503294,Day Dream Vitamin C + Hydration Serum Duo 2.0,Drunk Elephant,Skincare,26.0,mid,2.5,22,39446,24,24,2.71,8.0,4.0,12.0,33.33,16.67,50.0,6.0,2.0,4.0,3.0,9.0,5,7,Low Satisfaction Product
P457468,Brazilliance 2HR Express Deep Foaming Self-Tanner,tarte,Skincare,39.0,premium,3.0417,24,2207,24,24,3.04,11.0,3.0,10.0,45.83,12.5,41.67,8.0,3.0,3.0,2.0,8.0,4,6,Low Satisfaction Product
P469449,Hydrating Gentle Foaming Cleanser with Aloe Vera,Clarins,Skincare,30.0,mid,3.3333,24,1562,24,24,3.33,13.0,2.0,9.0,54.17,8.33,37.5,10.0,3.0,2.0,3.0,6.0,3,4,Low Satisfaction Product
P431418,Disco Tan Instant Wash-Off Body Bronzer,Isle of Paradise,Skincare,24.0,budget,3.5,24,5272,24,24,3.5,14.0,3.0,7.0,58.33,12.5,29.17,8.0,6.0,3.0,4.0,3.0,4,5,Normal Review Profile
P469200,The Good C Vitamin C Serum,Dr. Barbara Sturm,Skincare,145.0,luxury,3.5,24,3108,24,24,3.5,13.0,4.0,7.0,54.17,16.67,29.17,9.0,4.0,4.0,4.0,3.0,5,7,Normal Review Profile
P424987,SLEEP OIL Rejuvenating Miracle Tanning Oil,TAN-LUXE,Skincare,52.0,premium,3.5,24,4731,24,24,3.5,15.0,3.0,6.0,62.5,12.5,25.0,7.0,8.0,3.0,2.0,4.0,3,6,Normal Review Profile
P456407,PLAY Body Sunscreen Mousse SPF 50,Supergoop!,Skincare,34.0,mid,3.9583,24,6119,24,24,3.96,16.0,3.0,5.0,66.67,12.5,20.83,14.0,2.0,3.0,3.0,2.0,4,6,Normal Review Profile
P430338,Extra-Firming & Smoothing Day Moisturizer with SPF 15,Clarins,Skincare,93.0,luxury,4.0417,24,5420,24,24,4.04,19.0,0.0,5.0,79.17,0.0,20.83,15.0,4.0,0.0,1.0,4.0,3,4,Normal Review Profile
P482322,Mini Mineral Mattescreen Sunscreen SPF 40 PA+++,Supergoop!,Skincare,22.0,budget,4.125,24,10079,24,24,4.13,19.0,1.0,4.0,79.17,4.17,16.67,15.0,4.0,1.0,1.0,3.0,5,9,Normal Review Profile
P451745,30% Glycolic Acid Peel Concentrate,SOBEL SKIN Rx,Skincare,46.0,premium,4.125,24,3924,24,24,4.13,18.0,2.0,4.0,75.0,8.33,16.67,16.0,2.0,2.0,1.0,3.0,4,9,Normal Review Profile
P470545,Super Gloss Instant Bronzing Face Drops with SPF 30,TAN-LUXE,Skincare,49.0,premium,4.4286,21,5117,24,24,4.38,19.0,2.0,3.0,79.17,8.33,12.5,18.0,1.0,2.0,2.0,1.0,4,7,Normal Review Profile
P405032,Micro Essence Infusion Mask,Estée Lauder,Skincare,75.0,luxury,4.25,24,6293,24,24,4.25,18.0,3.0,3.0,75.0,12.5,12.5,17.0,1.0,3.0,1.0,2.0,4,4,Normal Review Profile
P503868,BTS |  Amorepacific Lip Sleeping Mask Lip & Pop Edition Set,LANEIGE,Skincare,35.0,mid,4.3636,22,23044,24,24,4.38,20.0,2.0,2.0,83.33,8.33,8.33,16.0,4.0,2.0,1.0,1.0,5,7,Normal Review Profile
P504288,Get Lit Skin and Mood Boosting Supplement,caliray,Skincare,48.0,premium,4.5,24,789,24,24,4.5,22.0,1.0,1.0,91.67,4.17,4.17,16.0,6.0,1.0,0.0,1.0,5,4,Normal Review Profile
P505145,ZenBubble Bi-Phase Toner Serum,BeautyBio,Skincare,49.0,premium,4.6667,24,372,24,24,4.67,23.0,1.0,0.0,95.83,4.17,0.0,17.0,6.0,1.0,0.0,0.0,4,4,Normal Review Profile
P505378,Multi Action Clear Acne Control 30-Day Trial Kit,StriVectin,Skincare,39.0,premium,4.875,8,43,24,24,4.96,24.0,0.0,0.0,100.0,0.0,0.0,23.0,1.0,0.0,0.0,0.0,4,5,Normal Review Profile
P443376,White Lucent Overnight Cream & Mask,Shiseido,Skincare,110.0,luxury,3.2727,22,3749,23,23,3.35,12.0,0.0,11.0,52.17,0.0,47.83,12.0,0.0,0.0,6.0,5.0,4,7,Low Satisfaction Product
P467628,Mini Clearly Corrective Dark Spot Correcting Serum,Kiehl's Since 1851,Skincare,35.0,mid,3.0455,22,10130,23,23,3.0,11.0,1.0,11.0,47.83,4.35,47.83,10.0,1.0,1.0,1.0,10.0,5,9,Low Satisfaction Product
P456401,Self Tan Express Bronzing Gel,St. Tropez,Skincare,46.0,premium,3.4783,23,2845,23,23,3.48,14.0,1.0,8.0,60.87,4.35,34.78,10.0,4.0,1.0,3.0,5.0,4,5,Low Satisfaction Product
P504773,Priming Moisturizer Rich Face Cream with Ceramides,Glossier,Skincare,35.0,mid,4.05,20,5907,23,23,3.87,15.0,2.0,6.0,65.22,8.7,26.09,12.0,3.0,2.0,5.0,1.0,5,7,Normal Review Profile
P428636,Mini The Cleansing Foam,La Mer,Skincare,25.0,budget,3.6087,23,8063,23,23,3.61,13.0,4.0,6.0,56.52,17.39,26.09,10.0,3.0,4.0,3.0,3.0,4,8,Normal Review Profile
P423145,Age Reversal Eye Complex,Dermalogica,Skincare,79.0,luxury,3.7273,22,4351,23,23,3.78,16.0,2.0,5.0,69.57,8.7,21.74,11.0,5.0,2.0,1.0,4.0,4,8,Normal Review Profile
P472311,Mini Total Cleans'r Makeup Removing Cleanser,Fenty Skin,Skincare,15.0,budget,3.7727,22,9677,23,23,3.78,15.0,3.0,5.0,65.22,13.04,21.74,11.0,4.0,3.0,2.0,3.0,4,9,Normal Review Profile
P472180,Balance It All Oil Control & Pore-Refining Set,OLEHENRIKSEN,Skincare,40.0,premium,3.6364,22,6808,23,23,3.7,14.0,5.0,4.0,60.87,21.74,17.39,9.0,5.0,5.0,1.0,3.0,3,9,Normal Review Profile
P454939,Perfectionist Pro Rapid Brightening Serum with Ferment² + Vitamin C,Estée Lauder,Skincare,86.0,luxury,4.1304,23,6458,23,23,4.13,18.0,1.0,4.0,78.26,4.35,17.39,15.0,3.0,1.0,1.0,3.0,4,6,Normal Review Profile
P433962,Treatment Lotion Hydrating Mask,La Mer,Skincare,190.0,luxury,4.2609,23,8179,23,23,4.26,19.0,1.0,3.0,82.61,4.35,13.04,16.0,3.0,1.0,0.0,3.0,5,6,Normal Review Profile
P455421,Complete Cleansing Microfoam,Shiseido,Skincare,36.0,premium,4.087,23,2716,23,23,4.09,18.0,2.0,3.0,78.26,8.7,13.04,13.0,5.0,2.0,0.0,3.0,4,6,Normal Review Profile
P464250,GOOPGENES Nourishing Repair Body Butter,goop,Skincare,65.0,luxury,3.8261,23,1403,23,23,3.83,15.0,5.0,3.0,65.22,21.74,13.04,8.0,7.0,5.0,2.0,1.0,5,6,Normal Review Profile
P408271,Turn Back Time Turmeric Supplement for UV Damage,HUM Nutrition,Skincare,40.0,premium,4.0435,23,6956,23,23,4.04,18.0,2.0,3.0,78.26,8.7,13.04,11.0,7.0,2.0,1.0,2.0,5,6,Normal Review Profile
P380001,"DayWear Advanced Multi-Protection Anti-Oxidant Creme, Dry",Estée Lauder,Skincare,59.0,luxury,4.2174,23,2348,23,23,4.22,20.0,1.0,2.0,86.96,4.35,8.7,11.0,9.0,1.0,1.0,1.0,5,6,Normal Review Profile
P429508,Sunless Tan Dry Body Oil Mist,COOLA,Skincare,46.0,premium,4.3478,23,2101,23,23,4.35,19.0,2.0,2.0,82.61,8.7,8.7,14.0,5.0,2.0,2.0,0.0,4,4,Normal Review Profile
P423164,Future Solution LX Extra Rich Cleansing Foam,Shiseido,Skincare,65.0,luxury,4.3043,23,5098,23,23,4.3,17.0,5.0,1.0,73.91,21.74,4.35,14.0,3.0,5.0,1.0,0.0,4,7,Normal Review Profile
P469451,All About Clean 2-in-1 Cleansing + Exfoliating Jelly,CLINIQUE,Skincare,26.5,mid,4.5652,23,4781,23,23,4.57,21.0,1.0,1.0,91.3,4.35,4.35,17.0,4.0,1.0,0.0,1.0,4,7,Normal Review Profile
P456569,Active Clay Prebiotic Cleanser,Dermalogica,Skincare,42.0,premium,4.6087,23,6366,23,23,4.61,21.0,1.0,1.0,91.3,4.35,4.35,18.0,3.0,1.0,0.0,1.0,5,7,Normal Review Profile
P448558,Clarifying Face Cream,Dr. Barbara Sturm,Skincare,225.0,luxury,3.3182,22,2288,22,22,3.32,12.0,1.0,9.0,54.55,4.55,40.91,11.0,1.0,1.0,2.0,7.0,4,7,Low Satisfaction Product
P467635,Jade Tension Melting Massager for Face & Neck,Mount Lai,Skincare,72.0,luxury,4.0909,22,6912,22,22,4.09,17.0,0.0,5.0,77.27,0.0,22.73,15.0,2.0,0.0,2.0,3.0,4,7,Normal Review Profile
P405589,Multi-Active Anti-Aging Day Cream-Gel Moisturizer for Glowing Skin,Clarins,Skincare,59.0,luxury,3.7727,22,2459,22,22,3.77,14.0,3.0,5.0,63.64,13.64,22.73,10.0,4.0,3.0,3.0,2.0,5,5,Normal Review Profile
P472067,Metal Facial Razor Refills,SEPHORA COLLECTION,Skincare,10.0,budget,4.4,20,12554,22,22,4.41,19.0,0.0,3.0,86.36,0.0,13.64,17.0,2.0,0.0,1.0,2.0,5,7,Normal Review Profile
P440505,Goddess Cleansing Ritual Duo,Charlotte Tilbury,Skincare,46.0,premium,4.4545,22,7741,22,22,4.45,18.0,2.0,2.0,81.82,9.09,9.09,16.0,2.0,2.0,2.0,0.0,3,6,Normal Review Profile
P448553,Face Cream Rich,Dr. Barbara Sturm,Skincare,240.0,luxury,4.3182,22,3298,22,22,4.32,19.0,1.0,2.0,86.36,4.55,9.09,13.0,6.0,1.0,1.0,1.0,4,6,Normal Review Profile
P474968,NuFACE Hydrating Aqua Gel,NuFACE,Skincare,39.0,premium,4.3182,22,5336,22,22,4.32,18.0,2.0,2.0,81.82,9.09,9.09,14.0,4.0,2.0,1.0,1.0,4,6,Normal Review Profile
P428637,Mini The Lifting and Firming Mask,La Mer,Skincare,95.0,luxury,4.3636,22,7589,22,22,4.36,17.0,3.0,2.0,77.27,13.64,9.09,16.0,1.0,3.0,1.0,1.0,3,5,Normal Review Profile
P481368,Detoxifying Facial Massage Tool - Kansa Wand,RANAVAT,Skincare,70.0,luxury,4.6364,22,1919,22,22,4.64,20.0,1.0,1.0,90.91,4.55,4.55,17.0,3.0,1.0,1.0,0.0,5,7,Normal Review Profile
P433466,Call It A Night Activated Mask,FOREO,Skincare,10.99,budget,4.5909,22,13055,22,22,4.59,20.0,1.0,1.0,90.91,4.55,4.55,17.0,3.0,1.0,0.0,1.0,4,7,Normal Review Profile
P461199,Clean Peeling Mask,SEPHORA COLLECTION,Skincare,5.5,budget,4.4545,22,7245,22,22,4.45,19.0,2.0,1.0,86.36,9.09,4.55,15.0,4.0,2.0,0.0,1.0,4,7,Normal Review Profile
P455010,Knock Me Out Sleep Chews,goop,Skincare,30.0,mid,3.2381,21,2036,21,21,3.24,12.0,1.0,8.0,57.14,4.76,38.1,9.0,3.0,1.0,0.0,8.0,4,6,Low Satisfaction Product
P504786,Solution Skin-Perfecting Daily Chemical Exfoliator,Glossier,Skincare,26.0,mid,3.7143,21,3786,21,21,3.71,14.0,0.0,7.0,66.67,0.0,33.33,14.0,0.0,0.0,1.0,6.0,4,7,Normal Review Profile
P474830,LUNA play plus 2,FOREO,Skincare,69.0,luxury,3.55,20,4264,21,21,3.62,14.0,0.0,7.0,66.67,0.0,33.33,12.0,2.0,0.0,1.0,6.0,5,7,Normal Review Profile
P454822,Mini SEA Mermaid Skin Hyaluronic H2O Serum,tarte,Skincare,15.0,budget,3.6667,21,7287,21,21,3.67,14.0,1.0,6.0,66.67,4.76,28.57,8.0,6.0,1.0,4.0,2.0,4,6,Normal Review Profile
P440500,Super Collagen Mask,Mario Badescu,Skincare,18.0,budget,4.0,21,9986,21,21,4.0,17.0,0.0,4.0,80.95,0.0,19.05,12.0,5.0,0.0,0.0,4.0,4,7,Normal Review Profile
P422848,Crème Riche Anti-Aging Peptide Night Cream,Tata Harper,Skincare,230.0,luxury,4.1429,21,2825,21,21,4.14,16.0,2.0,3.0,76.19,9.52,14.29,12.0,4.0,2.0,2.0,1.0,2,6,Normal Review Profile
P467106,Cryo Skin Icing Dual-Ended Roller,BeautyBio,Skincare,85.0,luxury,4.4762,21,5219,21,21,4.48,18.0,1.0,2.0,85.71,4.76,9.52,16.0,2.0,1.0,1.0,1.0,5,7,Normal Review Profile
P433619,Extra Rich Cleansing Milk,Shiseido,Skincare,36.0,premium,4.2381,21,4643,21,21,4.24,16.0,3.0,2.0,76.19,14.29,9.52,14.0,2.0,3.0,0.0,2.0,4,7,Normal Review Profile
P470246,Calming Hydration Booster Serum,ROSE Ingleton MD,Skincare,70.0,luxury,4.7143,21,2391,21,21,4.71,20.0,0.0,1.0,95.24,0.0,4.76,17.0,3.0,0.0,1.0,0.0,5,6,Normal Review Profile
P483057,COOLA Organic Liplux Classic Sunscreen Lip Oil SPF 30,COOLA,Skincare,18.0,budget,2.4211,19,6293,20,20,2.5,6.0,3.0,11.0,30.0,15.0,55.0,3.0,3.0,3.0,3.0,8.0,5,6,Low Satisfaction Product
P469028,3-in-1 Extractor Tool,SEPHORA COLLECTION,Skincare,20.0,budget,3.3,20,13252,20,20,3.3,11.0,1.0,8.0,55.0,5.0,40.0,7.0,4.0,1.0,4.0,4.0,5,7,Low Satisfaction Product
P500096,Oil Control Moisturizer with Niacinamide,Community Sixty-Six,Skincare,25.0,budget,3.75,20,1550,20,20,3.75,14.0,0.0,6.0,70.0,0.0,30.0,11.0,3.0,0.0,2.0,4.0,2,8,Normal Review Profile
P468229,Ageless Revitalizing Neck Cream,Tatcha,Skincare,112.0,luxury,4.15,20,12625,20,20,4.15,14.0,4.0,2.0,70.0,20.0,10.0,12.0,2.0,4.0,1.0,1.0,4,3,Normal Review Profile
P428005,NuBODY Skin Toning Device,NuFACE,Skincare,399.0,luxury,4.25,20,6851,20,20,4.25,15.0,3.0,2.0,75.0,15.0,10.0,13.0,2.0,3.0,1.0,1.0,5,7,Normal Review Profile
P392891,Nutritious Super-Pomegranate Radiant Energy Night Moisturizer Creme/Mask,Estée Lauder,Skincare,74.0,luxury,4.6,20,7994,20,20,4.6,18.0,1.0,1.0,90.0,5.0,5.0,16.0,2.0,1.0,0.0,1.0,5,6,Normal Review Profile
P504774,Super Pure Clarifying Face Serum with Niacinamide + Zinc,Glossier,Skincare,29.0,mid,4.5882,17,10568,20,20,4.65,18.0,2.0,0.0,90.0,10.0,0.0,15.0,3.0,2.0,0.0,0.0,4,7,Normal Review Profile
P456203,Self Tan Express Starter Kit,St. Tropez,Skincare,20.0,budget,3.5263,19,5979,19,19,3.53,11.0,0.0,8.0,57.89,0.0,42.11,10.0,1.0,0.0,5.0,3.0,4,5,Normal Review Profile
P454391,PLAY Antioxidant Body Sunscreen Mist SPF 30 PA++++,Supergoop!,Skincare,21.0,budget,3.3684,19,6277,19,19,3.37,9.0,4.0,6.0,47.37,21.05,31.58,6.0,3.0,4.0,4.0,2.0,4,5,Low Satisfaction Product
P454377,Mini knockout daily exfoliating cleanser,tarte,Skincare,12.0,budget,3.7895,19,4343,19,19,3.79,12.0,3.0,4.0,63.16,15.79,21.05,11.0,1.0,3.0,0.0,4.0,4,6,Normal Review Profile
P500856,Retinol Anti-Aging Power Duo,Peace Out,Skincare,48.0,premium,4.2222,18,3592,19,19,4.11,14.0,3.0,2.0,73.68,15.79,10.53,10.0,4.0,3.0,1.0,1.0,3,8,Normal Review Profile
P476860,APHRODISIA Intimate Arousal Cannabis Oil,Flora + Bast,Skincare,77.0,luxury,4.4737,19,4350,19,19,4.47,16.0,1.0,2.0,84.21,5.26,10.53,15.0,1.0,1.0,1.0,1.0,5,6,Normal Review Profile
P504327,Mini Favorites Set,Tatcha,Skincare,68.0,luxury,4.4211,19,32077,19,19,4.42,16.0,1.0,2.0,84.21,5.26,10.53,14.0,2.0,1.0,1.0,1.0,4,7,Normal Review Profile
P504919,Milky Oil Dual-Phase Waterproof Makeup Remover,Glossier,Skincare,14.0,budget,4.2667,15,8821,19,19,4.42,15.0,3.0,1.0,78.95,15.79,5.26,13.0,2.0,3.0,1.0,0.0,5,6,Normal Review Profile
P447604,De-Puffing Jade Eye Treatment Tool,Mount Lai,Skincare,30.0,mid,4.7368,19,8818,19,19,4.74,18.0,0.0,1.0,94.74,0.0,5.26,16.0,2.0,0.0,1.0,0.0,5,7,Low Review Hidden Gem
P474114,Power Starters Tightening Trio,StriVectin,Skincare,89.0,luxury,4.5263,19,3322,19,19,4.53,16.0,2.0,1.0,84.21,10.53,5.26,15.0,1.0,2.0,0.0,1.0,4,8,Low Review Hidden Gem
P436346,Youth Junkie Activated Mask,FOREO,Skincare,21.99,budget,4.6316,19,9611,19,19,4.63,17.0,1.0,1.0,89.47,5.26,5.26,16.0,1.0,1.0,0.0,1.0,4,6,Low Review Hidden Gem
P457854,Vital Perfection Uplifting and Firming Cream Day Cream,Shiseido,Skincare,140.0,luxury,4.5263,19,2959,19,19,4.53,16.0,3.0,0.0,84.21,15.79,0.0,13.0,3.0,3.0,0.0,0.0,4,6,Low Review Hidden Gem
P474057,Lip Service - Lip Balm Duo Mint & Shea,Jack Black,Skincare,13.0,budget,4.8947,19,6167,19,19,4.89,18.0,1.0,0.0,94.74,5.26,0.0,18.0,0.0,1.0,0.0,0.0,5,8,Low Review Hidden Gem
P500774,Clarifying Toner with Niacinamide and Zinc,SEPHORA COLLECTION,Skincare,14.0,budget,4.4444,18,9632,19,19,4.47,16.0,3.0,0.0,84.21,15.79,0.0,12.0,4.0,3.0,0.0,0.0,5,5,Normal Review Profile
P447788,Calming Serum,Dr. Barbara Sturm,Skincare,255.0,luxury,3.7778,18,2487,18,18,3.78,11.0,2.0,5.0,61.11,11.11,27.78,10.0,1.0,2.0,3.0,2.0,3,5,Normal Review Profile
P449164,ELEVATE Firming & Lifting Neck Cream,Algenist,Skincare,84.0,luxury,3.8889,18,5118,18,18,3.89,12.0,2.0,4.0,66.67,11.11,22.22,10.0,2.0,2.0,2.0,2.0,5,6,Normal Review Profile
P438642,GloPRO Prep Pads Clarifying Skin Cleansing Wipes with Peptides,BeautyBio,Skincare,39.0,premium,3.5556,18,4747,18,18,3.56,8.0,6.0,4.0,44.44,33.33,22.22,7.0,1.0,6.0,3.0,1.0,4,6,Normal Review Profile
P503901,Hydration Heroes Green Tea Skincare Routine Set,innisfree,Skincare,39.0,premium,3.7059,17,7004,18,18,3.72,11.0,3.0,4.0,61.11,16.67,22.22,8.0,3.0,3.0,2.0,2.0,4,5,Normal Review Profile
P389097,Arctic Repair Fine Lines and Wrinkles Supplement,HUM Nutrition,Skincare,60.0,luxury,3.7778,18,4938,18,18,3.78,12.0,3.0,3.0,66.67,16.67,16.67,8.0,4.0,3.0,0.0,3.0,4,5,Normal Review Profile
P433465,Make My Day Activated Mask,FOREO,Skincare,10.99,budget,4.1667,18,9889,18,18,4.17,14.0,1.0,3.0,77.78,5.56,16.67,11.0,3.0,1.0,2.0,1.0,4,6,Normal Review Profile
P460511,Mini Liquid ExfoliKate Triple Acid Resurfacing Treatment,Kate Somerville,Skincare,24.0,budget,4.1176,17,8596,18,18,4.17,14.0,1.0,3.0,77.78,5.56,16.67,12.0,2.0,1.0,1.0,2.0,4,8,Normal Review Profile
P481837,The Crème Gradual Self-Tanning Face Moisturizer,TAN-LUXE,Skincare,49.0,premium,4.4444,18,4679,18,18,4.44,15.0,1.0,2.0,83.33,5.56,11.11,14.0,1.0,1.0,1.0,1.0,4,4,Normal Review Profile
P480607,Skin in the Clouds Set,Herbivore,Skincare,32.0,mid,4.1429,14,10728,18,18,4.0,13.0,3.0,2.0,72.22,16.67,11.11,8.0,5.0,3.0,1.0,1.0,4,7,Normal Review Profile
P458961,G.Tox Malachite and Fruit Acid Pore Purifying Cleanser,goop,Skincare,48.0,premium,4.3889,18,2395,18,18,4.39,15.0,1.0,2.0,83.33,5.56,11.11,14.0,1.0,1.0,0.0,2.0,4,7,Normal Review Profile
P454807,Capture Totale Firming & Wrinkle-Correcting Eye Cream,Dior,Skincare,80.0,luxury,4.3889,18,6539,18,17,4.39,15.0,1.0,2.0,83.33,5.56,11.11,14.0,1.0,1.0,0.0,2.0,5,8,Normal Review Profile
P455332,Hydrating Water Fresh Cream Moisturizer,Bobbi Brown,Skincare,66.0,luxury,4.3333,18,3974,18,18,4.33,14.0,2.0,2.0,77.78,11.11,11.11,13.0,1.0,2.0,1.0,1.0,4,7,Normal Review Profile
P481712,Party Recharge Cryo Me Crazy Under-eye Masks,INC.redible,Skincare,20.0,budget,4.5556,18,10008,18,18,4.56,16.0,1.0,1.0,88.89,5.56,5.56,14.0,2.0,1.0,0.0,1.0,5,7,Low Review Hidden Gem
P461950,Mini The Concentrate Serum,La Mer,Skincare,220.0,luxury,4.4444,18,6441,18,18,4.44,15.0,2.0,1.0,83.33,11.11,5.56,13.0,2.0,2.0,0.0,1.0,5,5,Normal Review Profile
P458573,Lip Balm Trio,Jack Black,Skincare,22.0,budget,4.7222,18,8564,18,18,4.72,17.0,0.0,1.0,94.44,0.0,5.56,16.0,1.0,0.0,0.0,1.0,4,8,Low Review Hidden Gem
P454029,Rènergie Lift Multi-Action Ultra Double-Wrapping Cream Face Mask,Lancôme,Skincare,68.0,luxury,4.7222,18,4838,18,18,4.72,17.0,0.0,1.0,94.44,0.0,5.56,16.0,1.0,0.0,0.0,1.0,4,6,Low Review Hidden Gem
P470248,Retexturizing Retinol Booster Serum,ROSE Ingleton MD,Skincare,70.0,luxury,4.5556,18,1842,18,18,4.56,17.0,0.0,1.0,94.44,0.0,5.56,12.0,5.0,0.0,1.0,0.0,4,7,Low Review Hidden Gem
P460704,The Hydrating Kit,SEPHORA COLLECTION,Skincare,20.0,budget,4.3333,18,8847,18,18,4.33,16.0,1.0,1.0,88.89,5.56,5.56,10.0,6.0,1.0,0.0,1.0,3,8,Normal Review Profile
P471011,Take The Day Off Cleansing Balm Makeup Remover Duo,CLINIQUE,Skincare,48.0,premium,4.7778,18,7837,18,18,4.78,17.0,0.0,1.0,94.44,0.0,5.56,17.0,0.0,0.0,0.0,1.0,5,6,Low Review Hidden Gem
P503262,Peel and Plump Skin-Smoothing Duo,alpyn beauty,Skincare,49.0,premium,4.8889,18,6469,18,18,4.89,17.0,1.0,0.0,94.44,5.56,0.0,17.0,0.0,1.0,0.0,0.0,5,5,Low Review Hidden Gem
P469448,Purifying Gentle Foaming Cleanser with Salicylic Acid,Clarins,Skincare,30.0,mid,2.5294,17,1195,17,17,2.53,6.0,1.0,10.0,35.29,5.88,58.82,5.0,1.0,1.0,1.0,9.0,5,9,Low Satisfaction Product
P466878,Mini Alpha Beta Exfoliating Body Treatment Peel,Dr. Dennis Gross Skincare,Skincare,18.0,budget,2.8824,17,6308,17,17,2.88,7.0,2.0,8.0,41.18,11.76,47.06,4.0,3.0,2.0,3.0,5.0,3,6,Low Satisfaction Product
P443810,The Daily Vitamin C Day Serum with Antioxidant Complex,BeautyBio,Skincare,75.0,luxury,3.1176,17,2415,17,17,3.12,9.0,1.0,7.0,52.94,5.88,41.18,6.0,3.0,1.0,1.0,6.0,4,8,Low Satisfaction Product
P464288,Sephora City Reusable Water Bottle,SEPHORA COLLECTION,Skincare,8.0,budget,2.9412,17,6754,17,17,2.94,6.0,4.0,7.0,35.29,23.53,41.18,5.0,1.0,4.0,2.0,5.0,5,9,Low Satisfaction Product
P470508,Mini The Cream with TFC8 Face Moisturizer,Augustinus Bader,Skincare,92.0,luxury,3.7647,17,6863,17,17,3.76,11.0,1.0,5.0,64.71,5.88,29.41,9.0,2.0,1.0,3.0,2.0,4,7,Normal Review Profile
P456992,Superdefense SPF 25 Fatigue + 1st Signs of Age Multi-Correcting Cream,CLINIQUE,Skincare,56.0,premium,3.8824,17,3096,17,17,3.88,11.0,1.0,5.0,64.71,5.88,29.41,10.0,1.0,1.0,4.0,1.0,4,5,Normal Review Profile
P442537,Liquid Gold Firming Eye Cream,Alpha-H,Skincare,82.0,luxury,3.8824,17,3406,17,17,3.88,11.0,2.0,4.0,64.71,11.76,23.53,11.0,0.0,2.0,1.0,3.0,5,7,Normal Review Profile
P455191,Mini Aglow Cleansing Butter,lilah b.,Skincare,14.0,budget,3.5882,17,6802,17,17,3.59,9.0,4.0,4.0,52.94,23.53,23.53,8.0,1.0,4.0,1.0,3.0,3,4,Normal Review Profile
P468412,Pitera Power Kit,SK-II,Skincare,110.0,luxury,4.0588,17,8972,17,17,4.06,13.0,1.0,3.0,76.47,5.88,17.65,9.0,4.0,1.0,2.0,1.0,3,4,Normal Review Profile
P482697,Water Bank Blue Hyaluronic Revitalizing Toner,LANEIGE,Skincare,31.0,mid,4.0,17,8013,17,17,4.0,13.0,1.0,3.0,76.47,5.88,17.65,10.0,3.0,1.0,0.0,3.0,4,7,Normal Review Profile
P504784,Priming Moisturizer Lightweight Buildable Face Cream,Glossier,Skincare,24.0,budget,4.2143,14,7249,17,17,3.82,10.0,4.0,3.0,58.82,23.53,17.65,9.0,1.0,4.0,1.0,2.0,4,7,Normal Review Profile
P482698,Water Bank Blue Hyaluronic Exfoliating Toner,LANEIGE,Skincare,31.0,mid,4.4118,17,8064,17,17,4.41,15.0,0.0,2.0,88.24,0.0,11.76,11.0,4.0,0.0,2.0,0.0,4,6,Normal Review Profile
P500743,Vitamin Face Masks,SEPHORA COLLECTION,Skincare,5.5,budget,4.4,15,10162,17,16,4.35,13.0,2.0,2.0,76.47,11.76,11.76,13.0,0.0,2.0,1.0,1.0,4,6,Normal Review Profile
P479861,The Bright Set,The Ordinary,Skincare,40.7,premium,4.0625,16,24451,17,17,4.12,13.0,2.0,2.0,76.47,11.76,11.76,8.0,5.0,2.0,2.0,0.0,5,9,Normal Review Profile
P500012,Rose Hydration Pore-Minimizing Mist,fresh,Skincare,24.0,budget,4.4706,17,14153,17,17,4.47,14.0,2.0,1.0,82.35,11.76,5.88,12.0,2.0,2.0,1.0,0.0,2,6,Normal Review Profile
P423163,Future Solution LX Concentrated Balancing Softener,Shiseido,Skincare,110.0,luxury,4.9375,16,4608,17,17,4.94,17.0,0.0,0.0,100.0,0.0,0.0,16.0,1.0,0.0,0.0,0.0,3,5,Low Review Hidden Gem
P504049,Skin Filter Daily Brightening Phyto-Retinol + AHA Serum,The Nue Co.,Skincare,65.0,luxury,5.0,12,400,17,17,5.0,17.0,0.0,0.0,100.0,0.0,0.0,17.0,0.0,0.0,0.0,0.0,5,5,Low Review Hidden Gem
P500771,Smart Clinical Repair Wrinkle Correcting Rich Cream,CLINIQUE,Skincare,68.0,luxury,4.4118,17,574,17,17,4.41,15.0,2.0,0.0,88.24,11.76,0.0,9.0,6.0,2.0,0.0,0.0,3,7,Normal Review Profile
P504795,Super Bounce Hyaluronic Acid + Vitamin B5 Hydrating Face Serum,Glossier,Skincare,29.0,mid,4.7333,15,13371,17,17,4.76,16.0,1.0,0.0,94.12,5.88,0.0,14.0,2.0,1.0,0.0,0.0,3,6,Low Review Hidden Gem
P467112,Daily Microfoliant Exfoliator Refill Pack,Dermalogica,Skincare,56.0,premium,4.8824,17,8312,17,17,4.88,17.0,0.0,0.0,100.0,0.0,0.0,15.0,2.0,0.0,0.0,0.0,4,6,Low Review Hidden Gem
P482318,Gradual Tan Tinted Daily Firming Lotion,St. Tropez,Skincare,29.0,mid,2.75,16,1397,16,16,2.75,7.0,1.0,8.0,43.75,6.25,50.0,3.0,4.0,1.0,2.0,6.0,4,6,Low Satisfaction Product
P483090,Firming Day Moisturizer with Peptides,SEPHORA COLLECTION,Skincare,18.0,budget,2.9375,16,2887,16,16,2.94,7.0,1.0,8.0,43.75,6.25,50.0,3.0,4.0,1.0,5.0,3.0,4,7,Low Satisfaction Product
P481347,Clear Skin Kit Acne Treatment Kit,Paula's Choice,Skincare,75.0,luxury,3.4375,16,3884,16,16,3.44,10.0,0.0,6.0,62.5,0.0,37.5,8.0,2.0,0.0,1.0,5.0,4,6,Low Satisfaction Product
P448564,Clinique Smart Clinical MD Multi-Dimensional Age Transformer Resculpt,CLINIQUE,Skincare,74.0,luxury,3.6875,16,1410,16,16,3.69,10.0,2.0,4.0,62.5,12.5,25.0,8.0,2.0,2.0,1.0,3.0,4,6,Normal Review Profile
P443377,White Lucent Day Emulsion Broad Spectrum SPF 23,Shiseido,Skincare,75.0,luxury,3.5,16,3128,16,16,3.5,10.0,2.0,4.0,62.5,12.5,25.0,6.0,4.0,2.0,0.0,4.0,5,7,Normal Review Profile
P469830,Equilibrium Day Fluid Sunscreen Broad Spectrum SPF 30,Hourglass,Skincare,86.0,luxury,4.0625,16,799,16,16,4.06,12.0,1.0,3.0,75.0,6.25,18.75,10.0,2.0,1.0,1.0,2.0,4,7,Normal Review Profile
P448542,Clarifying Mask,Dr. Barbara Sturm,Skincare,150.0,luxury,4.125,16,2446,16,16,4.13,11.0,2.0,3.0,68.75,12.5,18.75,10.0,1.0,2.0,3.0,0.0,3,6,Normal Review Profile
P505274,Glucoside Foaming Cleanser,The Ordinary,Skincare,12.5,budget,4.3333,6,1580,16,16,3.88,12.0,1.0,3.0,75.0,6.25,18.75,7.0,5.0,1.0,1.0,2.0,4,6,Normal Review Profile
P410657,Extra-Firming & Smoothing Face Mask,Clarins,Skincare,79.0,luxury,4.25,16,4267,16,16,4.25,13.0,0.0,3.0,81.25,0.0,18.75,11.0,2.0,0.0,2.0,1.0,4,6,Normal Review Profile
P483495,Wake Up With Me Morning Routine Kit,Sunday Riley,Skincare,95.0,luxury,4.0769,13,11638,16,16,3.94,12.0,1.0,3.0,75.0,6.25,18.75,9.0,3.0,1.0,0.0,3.0,4,4,Normal Review Profile
P448557,Clarifying Serum,Dr. Barbara Sturm,Skincare,255.0,luxury,4.125,16,2524,16,16,4.13,13.0,1.0,2.0,81.25,6.25,12.5,9.0,4.0,1.0,0.0,2.0,4,3,Normal Review Profile
P443549,Dr. Andrew Weil for Origins Mega-Mushroom Relief & Resilience Soothing Cream,Origins,Skincare,71.0,luxury,4.2667,15,3524,16,16,4.31,14.0,0.0,2.0,87.5,0.0,12.5,11.0,3.0,0.0,0.0,2.0,3,6,Normal Review Profile
P474967,NuFACE Firming and Brightening Silk Crème,NuFACE,Skincare,69.0,luxury,4.5625,16,2299,16,16,4.56,14.0,1.0,1.0,87.5,6.25,6.25,12.0,2.0,1.0,1.0,0.0,4,4,Low Review Hidden Gem
P480150,Liquid Gold Midnight Reboot Serum with 14% Glycolic Acid and Tripeptide-5,Alpha-H,Skincare,105.0,luxury,5.0,16,3928,16,16,5.0,16.0,0.0,0.0,100.0,0.0,0.0,16.0,0.0,0.0,0.0,0.0,4,7,Low Review Hidden Gem
P430809,THE ESSENTIALS Sonic Dermaplaning Refill Kit,DERMAFLASH,Skincare,87.0,luxury,4.3125,16,8018,16,16,4.31,12.0,4.0,0.0,75.0,25.0,0.0,9.0,3.0,4.0,0.0,0.0,4,8,Normal Review Profile
P502818,LUNA 4 Facial Cleansing & Firming Massage for Balanced Skin,FOREO,Skincare,279.0,luxury,5.0,16,918,16,16,5.0,16.0,0.0,0.0,100.0,0.0,0.0,16.0,0.0,0.0,0.0,0.0,4,5,Low Review Hidden Gem
P460756,Hyaluronic Dew Cream,Mario Badescu,Skincare,26.0,mid,3.2,15,1647,15,15,3.2,7.0,1.0,7.0,46.67,6.67,46.67,7.0,0.0,1.0,3.0,4.0,4,7,Low Satisfaction Product
P482314,Mattifying Blotting Papers,SEPHORA COLLECTION,Skincare,4.0,budget,2.8667,15,6314,15,15,2.87,7.0,1.0,7.0,46.67,6.67,46.67,5.0,2.0,1.0,0.0,7.0,4,5,Low Satisfaction Product
P376946,Repairwear Uplifting Firming Cream Broad Spectrum SPF 15,CLINIQUE,Skincare,72.0,luxury,3.4,15,1195,15,15,3.4,8.0,1.0,6.0,53.33,6.67,40.0,7.0,1.0,1.0,3.0,3.0,5,4,Low Satisfaction Product
P417110,The Lifting Eye Serum,La Mer,Skincare,300.0,luxury,3.3333,15,7599,15,15,3.33,8.0,1.0,6.0,53.33,6.67,40.0,7.0,1.0,1.0,2.0,4.0,5,6,Low Satisfaction Product
P467129,Acne Control 30-Day Trial Kit for Clearer Skin,Murad,Skincare,36.0,premium,3.5333,15,4471,15,15,3.53,9.0,1.0,5.0,60.0,6.67,33.33,8.0,1.0,1.0,1.0,4.0,4,6,Normal Review Profile
P422260,Super Multi-Corrective Cream Sunscreen Broad Spectrum SPF 30,Kiehl's Since 1851,Skincare,95.0,luxury,3.6,15,3510,15,15,3.6,8.0,3.0,4.0,53.33,20.0,26.67,7.0,1.0,3.0,2.0,2.0,4,6,Normal Review Profile
P449601,Face Cream Light,Dr. Barbara Sturm,Skincare,215.0,luxury,3.9333,15,1420,15,15,3.93,11.0,1.0,3.0,73.33,6.67,20.0,7.0,4.0,1.0,2.0,1.0,4,4,Normal Review Profile
P469806,Abeille Royale Anti-Aging Eye Lifting Serum,GUERLAIN,Skincare,130.0,luxury,3.7333,15,4148,15,15,3.73,8.0,4.0,3.0,53.33,26.67,20.0,8.0,0.0,4.0,1.0,2.0,3,6,Normal Review Profile
P429538,Lotus Youth Preseve Rescue Mask Mini,fresh,Skincare,28.0,mid,4.2667,15,0,15,15,4.27,13.0,0.0,2.0,86.67,0.0,13.33,9.0,4.0,0.0,1.0,1.0,4,5,Normal Review Profile
P442542,Beauty Sleep Power Peel Age-Defying Night Peel,Alpha-H,Skincare,106.0,luxury,4.6,15,6057,15,15,4.6,13.0,1.0,1.0,86.67,6.67,6.67,13.0,0.0,1.0,0.0,1.0,4,6,Low Review Hidden Gem
P458962,G.Tox Malachite and AHA Pore Refining Tonic,goop,Skincare,75.0,luxury,3.9333,15,2373,15,15,3.93,9.0,5.0,1.0,60.0,33.33,6.67,6.0,3.0,5.0,1.0,0.0,4,4,Normal Review Profile
P505381,Multi Action Clear Gentle Daily Brightening & Retexturizing Toner for Acne and Breakouts,StriVectin,Skincare,39.0,premium,5.0,3,23,15,15,4.8,14.0,0.0,1.0,93.33,0.0,6.67,14.0,0.0,0.0,1.0,0.0,3,5,Low Review Hidden Gem
P503890,Green Tea Hyaluronic Acid Hydrating Toner,innisfree,Skincare,22.0,budget,4.5714,14,8957,15,15,4.6,13.0,1.0,1.0,86.67,6.67,6.67,13.0,0.0,1.0,0.0,1.0,4,7,Low Review Hidden Gem
P504636,Mini Watermelon Glow Niacinamide Dew Drops,Glow Recipe,Skincare,20.0,budget,4.0,13,18565,15,15,3.93,11.0,3.0,1.0,73.33,20.0,6.67,5.0,6.0,3.0,0.0,1.0,3,7,Normal Review Profile
P504517,Brightening Eye Cream Mineral SPF 15 with Peptides,Soleil Toujours,Skincare,68.0,luxury,4.8667,15,1880,15,15,4.87,15.0,0.0,0.0,100.0,0.0,0.0,13.0,2.0,0.0,0.0,0.0,4,6,Low Review Hidden Gem
P503216,Hyper Even Daily Duo Kit for Hyperpigmentation,Hyper Skin,Skincare,39.0,premium,4.6667,15,4569,15,15,4.67,15.0,0.0,0.0,100.0,0.0,0.0,10.0,5.0,0.0,0.0,0.0,4,5,Low Review Hidden Gem
P427731,Capture Youth Glow Booster Age-Delay Illuminating Serum,Dior,Skincare,110.0,luxury,4.6667,15,0,15,15,4.67,13.0,2.0,0.0,86.67,13.33,0.0,12.0,1.0,2.0,0.0,0.0,4,5,Low Review Hidden Gem
P502827,LUNA 4 Facial Cleansing & Firming Massage for Sensitive Skin,FOREO,Skincare,279.0,luxury,4.8,15,1769,15,15,4.8,14.0,1.0,0.0,93.33,6.67,0.0,13.0,1.0,1.0,0.0,0.0,3,4,Low Review Hidden Gem
P383182,Wrinkle Reducer Trinity Attachment,NuFACE,Skincare,159.0,luxury,2.7143,14,4948,14,14,2.71,4.0,3.0,7.0,28.57,21.43,50.0,2.0,2.0,3.0,4.0,3.0,4,7,Low Satisfaction Product
P454375,Clarifying Acne Spot Treatment,Dr. Barbara Sturm,Skincare,55.0,premium,3.5,14,1720,14,14,3.5,8.0,1.0,5.0,57.14,7.14,35.71,7.0,1.0,1.0,2.0,3.0,4,4,Normal Review Profile
P476515,Mini Brightening Dark Spot Vitamin C Serum,Hyper Skin,Skincare,36.0,premium,3.1429,14,7676,14,14,3.14,7.0,2.0,5.0,50.0,14.29,35.71,4.0,3.0,2.0,1.0,4.0,5,7,Low Satisfaction Product
P446111,V Shaping Facial Lift Depuff & Contour Serum with Hyaluronic Acid,Clarins,Skincare,90.0,luxury,3.5714,14,4239,14,14,3.57,9.0,1.0,4.0,64.29,7.14,28.57,7.0,2.0,1.0,0.0,4.0,3,5,Normal Review Profile
P457272,Abeille Royale Anti-Aging Eye Cream,GUERLAIN,Skincare,110.0,luxury,3.7857,14,3420,14,14,3.79,10.0,0.0,4.0,71.43,0.0,28.57,7.0,3.0,0.0,2.0,2.0,4,5,Normal Review Profile
P480166,Mini Hydra Vizor Invisible Moisturizer Broad Spectrum SPF 30 Sunscreen with Niacinamide,Fenty Skin,Skincare,25.0,budget,3.7857,14,11380,14,14,3.79,8.0,2.0,4.0,57.14,14.29,28.57,8.0,0.0,2.0,3.0,1.0,4,7,Normal Review Profile
P481376,Mini Alpha Beta AHA/BHA Daily Cleansing Gel,Dr. Dennis Gross Skincare,Skincare,15.0,budget,3.7143,14,7057,14,14,3.71,8.0,2.0,4.0,57.14,14.29,28.57,7.0,1.0,2.0,3.0,1.0,3,7,Normal Review Profile
P449411,Mini Micellar Magic Makeup Remover & Cleanser,tarte,Skincare,9.0,budget,3.4286,14,3357,14,14,3.43,7.0,4.0,3.0,50.0,28.57,21.43,4.0,3.0,4.0,1.0,2.0,4,7,Low Satisfaction Product
P473185,Water Drench Hyaluronic Cloud Makeup Removing Gel Cleanser,Peter Thomas Roth,Skincare,32.0,mid,4.0,14,2272,14,14,4.0,10.0,1.0,3.0,71.43,7.14,21.43,7.0,3.0,1.0,3.0,0.0,4,6,Normal Review Profile
P433446,Mini Original Skin Matte Moisturizer with Willowherb,Origins,Skincare,24.0,budget,4.0714,14,2661,14,14,4.07,10.0,2.0,2.0,71.43,14.29,14.29,8.0,2.0,2.0,1.0,1.0,4,8,Normal Review Profile
P438632,GloPRO BODY MicroTip Attachment Head,BeautyBio,Skincare,49.0,premium,4.0714,14,14832,14,14,4.07,9.0,3.0,2.0,64.29,21.43,14.29,9.0,0.0,3.0,1.0,1.0,5,5,Normal Review Profile
P450934,Abeille Royale Day Cream,GUERLAIN,Skincare,170.0,luxury,4.2857,14,2188,14,14,4.29,11.0,1.0,2.0,78.57,7.14,14.29,10.0,1.0,1.0,1.0,1.0,3,6,Normal Review Profile
P417359,Advanced Night Repair Concentrated Eye Treatment Mask,Estée Lauder,Skincare,42.0,premium,4.2143,14,13898,14,14,4.21,12.0,0.0,2.0,85.71,0.0,14.29,7.0,5.0,0.0,2.0,0.0,5,6,Normal Review Profile
P474964,"Facial Spray with Aloe Adaptogens, and Coconut Water",Mario Badescu,Skincare,9.0,budget,4.2857,14,3932,14,14,4.29,11.0,1.0,2.0,78.57,7.14,14.29,10.0,1.0,1.0,1.0,1.0,2,6,Normal Review Profile
P428414,Skin Saviors,Jack Black,Skincare,37.0,premium,4.5,14,8231,14,14,4.5,13.0,0.0,1.0,92.86,0.0,7.14,10.0,3.0,0.0,0.0,1.0,3,8,Low Review Hidden Gem
P480346,SuperFruit Gentle Brightening Cleanser,ROSE Ingleton MD,Skincare,38.0,premium,4.7143,14,2610,14,14,4.71,13.0,1.0,0.0,92.86,7.14,0.0,11.0,2.0,1.0,0.0,0.0,3,8,Low Review Hidden Gem
P461937,Serum Serum Serum,FOREO,Skincare,59.0,luxury,1.8462,13,1850,13,13,1.85,1.0,2.0,10.0,7.69,15.38,76.92,0.0,1.0,2.0,4.0,6.0,5,6,Low Satisfaction Product
P504203,Clarifying Cleanse + Hydrate Duo,Tatcha,Skincare,27.0,mid,3.25,12,9900,13,13,3.08,6.0,1.0,6.0,46.15,7.69,46.15,5.0,1.0,1.0,2.0,4.0,3,6,Low Satisfaction Product
P393600,Trinity Facial Toning Device + Wrinkle Reducer Attachment Bundle,NuFACE,Skincare,449.0,luxury,3.5385,13,5875,13,13,3.54,8.0,0.0,5.0,61.54,0.0,38.46,8.0,0.0,0.0,1.0,4.0,4,5,Normal Review Profile
P463792,Rejuvenating Scalp + Fuller Hair Therapy Set,BeautyBio,Skincare,249.0,luxury,3.5385,13,5810,13,13,3.54,8.0,1.0,4.0,61.54,7.69,30.77,7.0,1.0,1.0,0.0,4.0,3,5,Normal Review Profile
P467755,Hydrating Toner Lotion with Aloe Vera,Clarins,Skincare,30.0,mid,3.8462,13,3710,13,13,3.85,8.0,2.0,3.0,61.54,15.38,23.08,8.0,0.0,2.0,1.0,2.0,3,7,Normal Review Profile
P429675,Hydra Life Balancing Hydration 2 in 1 Sorbet Water,Dior,Skincare,45.0,premium,3.7692,13,2966,13,13,3.77,8.0,2.0,3.0,61.54,15.38,23.08,6.0,2.0,2.0,2.0,1.0,3,5,Normal Review Profile
P500106,Everyday Mineral Moisturizer SPF 30 Sunscreen,Community Sixty-Six,Skincare,30.0,mid,4.0,13,1733,13,13,4.0,9.0,1.0,3.0,69.23,7.69,23.08,8.0,1.0,1.0,2.0,1.0,3,6,Normal Review Profile
P472068,Reusable 3-Piece Grey Face Mask Set,SEPHORA COLLECTION,Skincare,15.0,budget,4.0769,13,2624,13,13,4.08,9.0,2.0,2.0,69.23,15.38,15.38,8.0,1.0,2.0,1.0,1.0,4,7,Normal Review Profile
P427732,Capture Youth Plump Filler Age-Delay Plumping Serum,Dior,Skincare,110.0,luxury,4.0,13,0,13,13,4.0,10.0,1.0,2.0,76.92,7.69,15.38,7.0,3.0,1.0,0.0,2.0,3,4,Normal Review Profile
P503942,Green Tea Hydrating Cleansing Oil,innisfree,Skincare,24.0,budget,4.3077,13,6627,13,13,4.31,11.0,0.0,2.0,84.62,0.0,15.38,9.0,2.0,0.0,1.0,1.0,4,6,Normal Review Profile
P427513,Perfectionist Pro Rapid Firm + Lift Treatment,Estée Lauder,Skincare,86.0,luxury,4.0,13,4615,13,13,4.0,9.0,2.0,2.0,69.23,15.38,15.38,7.0,2.0,2.0,1.0,1.0,5,7,Normal Review Profile
P428639,Mini The Renewal Oil,La Mer,Skincare,145.0,luxury,4.3077,13,6304,13,13,4.31,11.0,0.0,2.0,84.62,0.0,15.38,10.0,1.0,0.0,0.0,2.0,3,6,Normal Review Profile
P475961,Crème de La Mer Duet,La Mer,Skincare,380.0,luxury,4.4615,13,13729,13,13,4.46,12.0,0.0,1.0,92.31,0.0,7.69,8.0,4.0,0.0,1.0,0.0,5,5,Normal Review Profile
P500016,Deep Exfoliating Cleanser,Caudalie,Skincare,38.0,premium,4.6923,13,9182,13,13,4.69,12.0,0.0,1.0,92.31,0.0,7.69,11.0,1.0,0.0,1.0,0.0,4,7,Low Review Hidden Gem
P390987,Purifying Cleansing Brush Head Refill,CLINIQUE,Skincare,32.0,mid,4.5385,13,3095,13,13,4.54,12.0,0.0,1.0,92.31,0.0,7.69,10.0,2.0,0.0,0.0,1.0,3,5,Low Review Hidden Gem
P504778,Invisible Shield Water-Gel Transparent Sunscreen SPF 35,Glossier,Skincare,25.0,budget,4.1818,11,7420,13,13,4.31,10.0,2.0,1.0,76.92,15.38,7.69,9.0,1.0,2.0,0.0,1.0,5,5,Normal Review Profile
P502831,LUNA 4 Facial Cleansing & Firming Massage for Combination Skin,FOREO,Skincare,279.0,luxury,4.9231,13,1536,13,13,4.92,13.0,0.0,0.0,100.0,0.0,0.0,12.0,1.0,0.0,0.0,0.0,4,3,Low Review Hidden Gem
P457011,Cryo Rubber Mask with Firming Collagen,Dr. Jart+,Skincare,15.0,budget,4.8462,13,0,13,13,4.85,13.0,0.0,0.0,100.0,0.0,0.0,11.0,2.0,0.0,0.0,0.0,2,6,Low Review Hidden Gem
P468354,Hydrating Ultra Repair Cream Duo,First Aid Beauty,Skincare,46.0,premium,4.6154,13,5918,13,13,4.62,13.0,0.0,0.0,100.0,0.0,0.0,8.0,5.0,0.0,0.0,0.0,4,4,Low Review Hidden Gem
P504810,Priming Moisturizer Balance Oil-Control Gel-Cream,Glossier,Skincare,25.0,budget,4.6667,9,5826,13,13,4.62,11.0,2.0,0.0,84.62,15.38,0.0,10.0,1.0,2.0,0.0,0.0,4,6,Low Review Hidden Gem
P481138,FIX  Line Smoothing Device,NuFACE,Skincare,159.0,luxury,2.0,12,2054,12,12,2.0,3.0,0.0,9.0,25.0,0.0,75.0,2.0,1.0,0.0,1.0,8.0,4,5,Low Satisfaction Product
P504780,Super Glow Vitamin C Brightening Face Serum,Glossier,Skincare,29.0,mid,2.7778,9,8275,12,12,2.67,4.0,1.0,7.0,33.33,8.33,58.33,3.0,1.0,1.0,3.0,4.0,3,6,Low Satisfaction Product
P433620,Treatment Softener,Shiseido,Skincare,50.0,premium,3.25,12,1957,12,12,3.25,5.0,2.0,5.0,41.67,16.67,41.67,5.0,0.0,2.0,3.0,2.0,4,5,Low Satisfaction Product
P449410,Boosted Contouring Retinol Eye Balm,Tata Harper,Skincare,260.0,luxury,3.4167,12,2191,12,12,3.42,6.0,1.0,5.0,50.0,8.33,41.67,6.0,0.0,1.0,3.0,2.0,4,6,Low Satisfaction Product
P481334,Moon Fruit Retinol Alternative Sleep Mask,Herbivore,Skincare,54.0,premium,3.4167,12,5029,12,12,3.42,8.0,0.0,4.0,66.67,0.0,33.33,4.0,4.0,0.0,1.0,3.0,4,7,Low Satisfaction Product
P443812,R45 The Lift 3-Phase Advanced Neck Contouring Treatment,BeautyBio,Skincare,85.0,luxury,3.1667,12,2668,12,12,3.17,5.0,3.0,4.0,41.67,25.0,33.33,5.0,0.0,3.0,0.0,4.0,3,3,Low Satisfaction Product
P423169,Future Solution LX Total Regenerating Cream,Shiseido,Skincare,290.0,luxury,3.75,12,2632,12,12,3.75,8.0,0.0,4.0,66.67,0.0,33.33,6.0,2.0,0.0,3.0,1.0,3,5,Normal Review Profile
P451728,Mini Goddess Clay Mask 15ml Travel Size,Charlotte Tilbury,Skincare,16.0,budget,3.0833,12,6446,12,12,3.08,5.0,4.0,3.0,41.67,33.33,25.0,2.0,3.0,4.0,0.0,3.0,3,5,Low Satisfaction Product
P474943,Mini Alpha Beta Ultra Gentle Daily Peel Pads for Sensitive Skin,Dr. Dennis Gross Skincare,Skincare,20.0,budget,3.6364,11,7204,12,12,3.75,8.0,1.0,3.0,66.67,8.33,25.0,6.0,2.0,1.0,1.0,2.0,3,6,Normal Review Profile
P457012,Cryo Rubber Mask with Brightening Vitamin C,Dr. Jart+,Skincare,15.0,budget,3.8333,12,0,12,12,3.83,8.0,1.0,3.0,66.67,8.33,25.0,5.0,3.0,1.0,3.0,0.0,3,5,Normal Review Profile
P504441,Prebiotic Smoothie Mask,SEPHORA COLLECTION,Skincare,8.0,budget,4.0909,11,5029,12,12,4.0,8.0,2.0,2.0,66.67,16.67,16.67,7.0,1.0,2.0,1.0,1.0,5,5,Normal Review Profile
P442545,Triple Action Cleanser,Alpha-H,Skincare,38.0,premium,4.25,12,2138,12,12,4.25,10.0,0.0,2.0,83.33,0.0,16.67,8.0,2.0,0.0,1.0,1.0,3,5,Normal Review Profile
P474080,Water Drench Hyaluronic Cloud Mask Hydrating Gel,Peter Thomas Roth,Skincare,55.0,premium,4.25,12,4791,12,12,4.25,9.0,1.0,2.0,75.0,8.33,16.67,9.0,0.0,1.0,1.0,1.0,4,6,Normal Review Profile
P500785,Vitamin C Skincare Set,SEPHORA COLLECTION,Skincare,15.0,budget,4.5833,12,11340,12,12,4.58,11.0,0.0,1.0,91.67,0.0,8.33,9.0,2.0,0.0,1.0,0.0,2,4,Low Review Hidden Gem
P430143,Mini Confidence in a Cleanser,IT Cosmetics,Skincare,15.0,budget,4.1667,12,2196,12,12,4.17,9.0,2.0,1.0,75.0,16.67,8.33,7.0,2.0,2.0,0.0,1.0,5,4,Normal Review Profile
P483494,Go To Bed With Me Anti-Aging Night Routine,Sunday Riley,Skincare,93.0,luxury,4.0833,12,10461,12,12,4.08,10.0,1.0,1.0,83.33,8.33,8.33,5.0,5.0,1.0,0.0,1.0,5,5,Normal Review Profile
P458958,Hydrating Boob and Bum Sheet Mask Duo,INC.redible,Skincare,15.0,budget,4.0833,12,10245,12,12,4.08,9.0,2.0,1.0,75.0,16.67,8.33,6.0,3.0,2.0,0.0,1.0,3,5,Normal Review Profile
P504509,Hydra Lip Masque Mineral SPF 15 with Peptides,Soleil Toujours,Skincare,26.0,mid,4.6667,12,1420,12,12,4.67,11.0,1.0,0.0,91.67,8.33,0.0,9.0,2.0,1.0,0.0,0.0,3,4,Low Review Hidden Gem
P505209,Barrier Culture Moisturizer with Niacinamide & Squalane,The Nue Co.,Skincare,65.0,luxury,5.0,7,48,12,12,5.0,12.0,0.0,0.0,100.0,0.0,0.0,12.0,0.0,0.0,0.0,0.0,4,4,Low Review Hidden Gem
P500248,Collagen Superfusion Firming & Plumping Facial Oil,Charlotte Tilbury,Skincare,85.0,luxury,4.5833,12,12680,12,12,4.58,10.0,2.0,0.0,83.33,16.67,0.0,9.0,1.0,2.0,0.0,0.0,4,6,Low Review Hidden Gem
P448565,Clinique Smart Clinical MD Multi-Dimensional Age Transformer Duo Resculpt + Revolumize,CLINIQUE,Skincare,74.0,luxury,3.0,11,1968,11,11,3.0,4.0,1.0,6.0,36.36,9.09,54.55,3.0,1.0,1.0,5.0,1.0,4,4,Low Satisfaction Product
P270600,Extra Eye Repair Cream Intense,Bobbi Brown,Skincare,86.0,luxury,3.3636,11,12571,11,11,3.36,5.0,2.0,4.0,45.45,18.18,36.36,5.0,0.0,2.0,2.0,2.0,4,6,Low Satisfaction Product
P476570,Triple Active Retinol Gentle Overnight Renewal Cream,Dr. Brandt Skincare,Skincare,75.0,luxury,3.7273,11,1466,11,11,3.73,8.0,0.0,3.0,72.73,0.0,27.27,6.0,2.0,0.0,0.0,3.0,5,6,Normal Review Profile
P463791,GloPRO SCALP MicroTip Attachment Head,BeautyBio,Skincare,59.0,luxury,4.2727,11,4954,11,11,4.27,9.0,0.0,2.0,81.82,0.0,18.18,8.0,1.0,0.0,1.0,1.0,3,5,Normal Review Profile
P482746,PLAY 100% Mineral Lotion SPF 30 with Green Algae,Supergoop!,Skincare,36.0,premium,4.0909,11,2927,11,11,4.09,8.0,1.0,2.0,72.73,9.09,18.18,6.0,2.0,1.0,2.0,0.0,3,5,Normal Review Profile
P482311,Large Supplement Case,SEPHORA COLLECTION,Skincare,15.0,budget,4.0,11,7125,11,11,4.0,8.0,1.0,2.0,72.73,9.09,18.18,6.0,2.0,1.0,1.0,1.0,4,5,Normal Review Profile
P438629,The Radiance Brightening Vitamin E + Rosehip Seed Facial Oil,BeautyBio,Skincare,70.0,luxury,4.1818,11,4050,11,11,4.18,8.0,1.0,2.0,72.73,9.09,18.18,7.0,1.0,1.0,2.0,0.0,4,5,Normal Review Profile
P436343,H2Overdose Activated Mask,FOREO,Skincare,20.0,budget,3.8182,11,4878,11,11,3.82,8.0,1.0,2.0,72.73,9.09,18.18,4.0,4.0,1.0,1.0,1.0,3,6,Normal Review Profile
P445822,Intensive Moisture Cleanser,Dermalogica,Skincare,42.0,premium,4.0,11,2582,11,11,4.0,8.0,1.0,2.0,72.73,9.09,18.18,7.0,1.0,1.0,0.0,2.0,3,5,Normal Review Profile
P446102,"Mini DayWear Advanced Multi-Protection Anti-Oxidant Creme, Normal/Combination",Estée Lauder,Skincare,36.0,premium,4.4545,11,2904,11,11,4.45,10.0,0.0,1.0,90.91,0.0,9.09,8.0,2.0,0.0,0.0,1.0,2,7,Normal Review Profile
P476432,Capture Totale Super Potent Cleanser,Dior,Skincare,65.0,luxury,4.4545,11,2344,11,11,4.45,10.0,0.0,1.0,90.91,0.0,9.09,8.0,2.0,0.0,0.0,1.0,4,7,Normal Review Profile
P436347,Glow Addict Activated Mask,FOREO,Skincare,21.99,budget,4.5,10,8426,11,11,4.27,9.0,1.0,1.0,81.82,9.09,9.09,6.0,3.0,1.0,1.0,0.0,4,6,Low Review Hidden Gem
P448548,Darker Skin Tones Hyaluronic Serum,Dr. Barbara Sturm,Skincare,300.0,luxury,4.3636,11,2233,11,11,4.36,10.0,0.0,1.0,90.91,0.0,9.09,7.0,3.0,0.0,0.0,1.0,3,5,Normal Review Profile
P428103,Ultimate Revival Essence,SK-II,Skincare,315.0,luxury,4.5455,11,3863,11,11,4.55,9.0,2.0,0.0,81.82,18.18,0.0,8.0,1.0,2.0,0.0,0.0,4,5,Low Review Hidden Gem
P505210,"Barrier Culture Cleanser Pre-, Pro- & Postbiotic Face Wash",The Nue Co.,Skincare,42.0,premium,5.0,6,27,11,11,5.0,11.0,0.0,0.0,100.0,0.0,0.0,11.0,0.0,0.0,0.0,0.0,5,4,Low Review Hidden Gem
P427640,DayWear Eye Cooling Anti-Oxidant Moisture GelCreme,Estée Lauder,Skincare,46.0,premium,4.2727,11,2157,11,11,4.27,8.0,3.0,0.0,72.73,27.27,0.0,6.0,2.0,3.0,0.0,0.0,5,6,Normal Review Profile
P457273,Immortelle Overnight Reset Eye Serum,L'Occitane,Skincare,60.0,luxury,3.6,10,3415,10,10,3.6,6.0,0.0,4.0,60.0,0.0,40.0,5.0,1.0,0.0,3.0,1.0,3,4,Normal Review Profile
P475926,The SturmGlow Kit,Dr. Barbara Sturm,Skincare,185.0,luxury,3.1111,9,3701,10,10,2.9,4.0,2.0,4.0,40.0,20.0,40.0,2.0,2.0,2.0,1.0,3.0,3,4,Low Satisfaction Product
P503572,Let's Get Luminous Brightening Essentials Set,OLEHENRIKSEN,Skincare,46.0,premium,3.4444,9,11164,10,10,3.5,6.0,1.0,3.0,60.0,10.0,30.0,4.0,2.0,1.0,1.0,2.0,3,7,Normal Review Profile
P503930,Green Tea Hyaluronic Acid Hydrating Eye Serum,innisfree,Skincare,22.0,budget,3.8,10,6741,10,10,3.8,7.0,0.0,3.0,70.0,0.0,30.0,5.0,2.0,0.0,2.0,1.0,4,5,Normal Review Profile
P479973,"Mini Facial Spray with Aloe Adaptogens, and Coconut Water",Mario Badescu,Skincare,7.0,budget,3.6,10,5440,10,10,3.6,5.0,2.0,3.0,50.0,20.0,30.0,5.0,0.0,2.0,2.0,1.0,4,6,Normal Review Profile
P448545,Darker Skin Tones Foam Cleanser,Dr. Barbara Sturm,Skincare,75.0,luxury,3.7,10,1146,10,10,3.7,6.0,1.0,3.0,60.0,10.0,30.0,5.0,1.0,1.0,2.0,1.0,3,5,Normal Review Profile
P477734,Double-Ended Textured Facial Roller,SEPHORA COLLECTION,Skincare,24.0,budget,3.6,10,11736,10,10,3.6,6.0,1.0,3.0,60.0,10.0,30.0,5.0,1.0,1.0,1.0,2.0,3,5,Normal Review Profile
P500120,Nourishing Rich Moisturizer with Hyaluronic Acid,Community Sixty-Six,Skincare,25.0,budget,3.5,10,867,10,10,3.5,6.0,1.0,3.0,60.0,10.0,30.0,4.0,2.0,1.0,1.0,2.0,3,6,Normal Review Profile
P501323,Overnight Recovery Duo,Tatcha,Skincare,88.0,luxury,4.2,10,15655,10,10,4.2,8.0,0.0,2.0,80.0,0.0,20.0,8.0,0.0,0.0,0.0,2.0,4,6,Normal Review Profile
P504515,Daily Defense Moisturizer Mineral SPF 60 with Vitamin C,Soleil Toujours,Skincare,58.0,premium,3.8,10,1375,10,10,3.8,6.0,2.0,2.0,60.0,20.0,20.0,5.0,1.0,2.0,1.0,1.0,4,4,Normal Review Profile
P482058,Dr. Andrew Weil for Origins Mega-Mushroom Weightless Hydrating Moisturizer,Origins,Skincare,40.0,premium,4.1,10,2424,10,10,4.1,8.0,0.0,2.0,80.0,0.0,20.0,6.0,2.0,0.0,1.0,1.0,3,4,Normal Review Profile
P501591,The Littles Skincare Travel Set,Drunk Elephant,Skincare,74.0,luxury,4.4444,9,12819,10,10,4.1,8.0,0.0,2.0,80.0,0.0,20.0,7.0,1.0,0.0,0.0,2.0,5,6,Normal Review Profile
P438640,The Nightly Retinol + Peptide Anti-Aging Serum,BeautyBio,Skincare,95.0,luxury,3.7,10,5003,10,10,3.7,5.0,3.0,2.0,50.0,30.0,20.0,5.0,0.0,3.0,1.0,1.0,3,5,Normal Review Profile
P435387,Mini Rose Floral Toner,fresh,Skincare,15.0,budget,3.7,10,0,10,10,3.7,5.0,3.0,2.0,50.0,30.0,20.0,4.0,1.0,3.0,2.0,0.0,4,5,Normal Review Profile
P504790,Cleanser Concentrate AHA Clarifying and Exfoliating Face Wash,Glossier,Skincare,21.0,budget,3.625,8,5305,10,10,3.7,5.0,3.0,2.0,50.0,30.0,20.0,5.0,0.0,3.0,1.0,1.0,4,5,Normal Review Profile
P480279,Radiantly Rose Duo Set,Biossance,Skincare,25.0,budget,3.7,10,10973,10,10,3.7,5.0,3.0,2.0,50.0,30.0,20.0,4.0,1.0,3.0,2.0,0.0,4,5,Normal Review Profile
P469121,Microdermabrasion Scrub,Dr. Lara Devgan Scientific Beauty,Skincare,65.0,luxury,4.2,10,1136,10,10,4.2,7.0,2.0,1.0,70.0,20.0,10.0,7.0,0.0,2.0,0.0,1.0,4,5,Normal Review Profile
P503655,Mini Grape Water Moisturizing Face Mist,Caudalie,Skincare,12.0,budget,4.125,8,9290,10,10,4.0,7.0,2.0,1.0,70.0,20.0,10.0,4.0,3.0,2.0,1.0,0.0,5,4,Normal Review Profile
P430405,Mini The Moisturizing Cool Gel Cream,La Mer,Skincare,100.0,luxury,4.3,10,3320,10,10,4.3,7.0,2.0,1.0,70.0,20.0,10.0,7.0,0.0,2.0,1.0,0.0,3,6,Normal Review Profile
P462378,Anti-Aging Regimen Kit,Mario Badescu,Skincare,30.0,mid,4.3,10,2962,10,10,4.3,9.0,0.0,1.0,90.0,0.0,10.0,6.0,3.0,0.0,0.0,1.0,4,7,Normal Review Profile
P444237,Mini Cleansing Wipes - Coconut Water,SEPHORA COLLECTION,Skincare,3.0,budget,4.3,10,265,10,10,4.3,7.0,2.0,1.0,70.0,20.0,10.0,7.0,0.0,2.0,1.0,0.0,4,5,Normal Review Profile
P500139,The Skinimalist Set,The Ordinary,Skincare,22.0,budget,4.5,10,23001,10,10,4.5,9.0,0.0,1.0,90.0,0.0,10.0,8.0,1.0,0.0,0.0,1.0,4,4,Low Review Hidden Gem
P484076,Ultimate Sun Protector SPF 50+ Sunscreen Duo,Shiseido,Skincare,66.0,luxury,4.4,10,7247,10,10,4.4,9.0,0.0,1.0,90.0,0.0,10.0,7.0,2.0,0.0,0.0,1.0,2,6,Normal Review Profile
P503123,Smooth Like Butter Kit,Josie Maran,Skincare,30.0,mid,4.5,10,5990,10,10,4.5,8.0,1.0,1.0,80.0,10.0,10.0,8.0,0.0,1.0,1.0,0.0,4,5,Low Review Hidden Gem
P463110,Clarifying Peel Off Mask,Sulwhasoo,Skincare,45.0,premium,4.5,10,2963,10,10,4.5,8.0,1.0,1.0,80.0,10.0,10.0,8.0,0.0,1.0,1.0,0.0,5,5,Low Review Hidden Gem
P503935,Volcanic Pore Clearing Facial Cleanser with AHA + BHA,innisfree,Skincare,14.0,budget,4.4444,9,4123,10,10,4.5,9.0,0.0,1.0,90.0,0.0,10.0,7.0,2.0,0.0,1.0,0.0,3,5,Normal Review Profile
P500287,Isle Body Oil SPF 30 with Sea Moss and Squalane,CAY SKIN,Skincare,32.0,mid,4.6,10,6848,10,10,4.6,9.0,0.0,1.0,90.0,0.0,10.0,8.0,1.0,0.0,1.0,0.0,4,8,Low Review Hidden Gem
P467107,GloPRO Cryo Skin Icing Attachments,BeautyBio,Skincare,75.0,luxury,4.5,10,1960,10,10,4.5,9.0,0.0,1.0,90.0,0.0,10.0,7.0,2.0,0.0,1.0,0.0,4,5,Low Review Hidden Gem
P503997,"Cleanse + Treat Duo Nighttime Routine for Clean, Smooth Skin",Farmacy,Skincare,46.0,premium,4.7778,9,4870,10,10,4.8,10.0,0.0,0.0,100.0,0.0,0.0,8.0,2.0,0.0,0.0,0.0,4,6,Low Review Hidden Gem
P474036,Aloe Vera Gel,Dr. Barbara Sturm,Skincare,75.0,luxury,3.3333,9,1128,9,9,3.33,5.0,0.0,4.0,55.56,0.0,44.44,5.0,0.0,0.0,1.0,3.0,4,4,Low Satisfaction Product
P504447,Gradual Tanning Drops Face & Body,SEPHORA COLLECTION,Skincare,16.0,budget,3.25,8,2988,9,9,3.11,5.0,0.0,4.0,55.56,0.0,44.44,3.0,2.0,0.0,1.0,3.0,4,5,Low Satisfaction Product
P448549,Brightening Serum,Dr. Barbara Sturm,Skincare,310.0,luxury,3.5556,9,1709,9,9,3.56,6.0,0.0,3.0,66.67,0.0,33.33,5.0,1.0,0.0,0.0,3.0,4,5,Normal Review Profile
P438634,GloPRO FACE MicroTip Attachment Head,BeautyBio,Skincare,39.0,premium,3.6667,9,7926,9,9,3.67,6.0,0.0,3.0,66.67,0.0,33.33,5.0,1.0,0.0,1.0,2.0,5,4,Normal Review Profile
P504815,Universal Pro-Retinol Overnight Renewing Treatment,Glossier,Skincare,35.0,mid,3.7778,9,3669,9,9,3.78,6.0,0.0,3.0,66.67,0.0,33.33,5.0,1.0,0.0,2.0,1.0,3,7,Normal Review Profile
P471017,Super Anti-Aging Face Cream,Dr. Barbara Sturm,Skincare,360.0,luxury,3.2222,9,928,9,9,3.22,5.0,1.0,3.0,55.56,11.11,33.33,2.0,3.0,1.0,1.0,2.0,4,6,Low Satisfaction Product
P462381,Glycolic Eye Cream,Mario Badescu,Skincare,20.0,budget,4.1111,9,2932,9,9,4.11,7.0,0.0,2.0,77.78,0.0,22.22,7.0,0.0,0.0,0.0,2.0,4,6,Normal Review Profile
P402993,Trinity Facial Toning Device + Wrinkle Reducer Attachment Bundle,NuFACE,Skincare,429.0,luxury,3.6667,9,2112,9,9,3.67,7.0,0.0,2.0,77.78,0.0,22.22,3.0,4.0,0.0,0.0,2.0,5,4,Normal Review Profile
P474942,Refresh in 5,CLINIQUE,Skincare,25.0,budget,4.6667,9,12369,9,9,4.67,8.0,0.0,1.0,88.89,0.0,11.11,8.0,0.0,0.0,1.0,0.0,4,4,Low Review Hidden Gem
P438362,Tonique Confort Hydrating & Toning Duo,Lancôme,Skincare,49.0,premium,4.6667,9,11331,9,9,4.67,8.0,0.0,1.0,88.89,0.0,11.11,8.0,0.0,0.0,1.0,0.0,4,6,Low Review Hidden Gem
P482259,Dew Good Illuminating Serum SPF 30,COOLA,Skincare,48.0,premium,4.5556,9,5254,9,9,4.56,8.0,0.0,1.0,88.89,0.0,11.11,8.0,0.0,0.0,0.0,1.0,4,4,Low Review Hidden Gem
P481350,Complexion Clarity Kit,Paula's Choice,Skincare,64.0,luxury,4.4444,9,15686,9,9,4.44,8.0,0.0,1.0,88.89,0.0,11.11,7.0,1.0,0.0,0.0,1.0,3,6,Normal Review Profile
P448546,Darker Skin Tones Enzyme Cleanser,Dr. Barbara Sturm,Skincare,75.0,luxury,4.7778,9,3148,9,9,4.78,8.0,1.0,0.0,88.89,11.11,0.0,8.0,0.0,1.0,0.0,0.0,3,6,Low Review Hidden Gem
P457010,Cryo Rubber Mask with Soothing Allantoin,Dr. Jart+,Skincare,15.0,budget,4.5556,9,0,9,9,4.56,9.0,0.0,0.0,100.0,0.0,0.0,5.0,4.0,0.0,0.0,0.0,2,6,Low Review Hidden Gem
P448544,Darker Skin Tones Face Cream,Dr. Barbara Sturm,Skincare,225.0,luxury,5.0,9,1685,9,9,5.0,9.0,0.0,0.0,100.0,0.0,0.0,9.0,0.0,0.0,0.0,0.0,3,6,Low Review Hidden Gem
P476496,Instant Reset Brightening Overnight Recovery Gel-Cream with Niacinamide Refill,Fenty Skin,Skincare,40.0,premium,5.0,8,8257,9,9,5.0,9.0,0.0,0.0,100.0,0.0,0.0,9.0,0.0,0.0,0.0,0.0,3,6,Low Review Hidden Gem
P451727,Mini Magic Night 15ml Travel Size,Charlotte Tilbury,Skincare,45.0,premium,2.875,8,5165,8,8,2.88,2.0,2.0,4.0,25.0,25.0,50.0,2.0,0.0,2.0,3.0,1.0,2,5,Low Satisfaction Product
P502996,Rose Quartz Gua Sha,SEPHORA COLLECTION,Skincare,14.0,budget,3.2857,7,7684,8,8,3.13,3.0,1.0,4.0,37.5,12.5,50.0,3.0,0.0,1.0,3.0,1.0,3,5,Low Satisfaction Product
P438638,GloPRO EYE MicroTip Attachment Head,BeautyBio,Skincare,39.0,premium,2.5,8,4925,8,8,2.5,2.0,2.0,4.0,25.0,25.0,50.0,1.0,1.0,2.0,1.0,3.0,4,3,Low Satisfaction Product
P501003,Clarifying Water Gel Moisturizer with Hyaluronic Acid,Murad,Skincare,49.0,premium,3.0,8,1415,8,8,3.0,4.0,0.0,4.0,50.0,0.0,50.0,4.0,0.0,0.0,0.0,4.0,4,4,Low Satisfaction Product
P504272,Hydrating Skincare Gift Set,fresh,Skincare,59.0,luxury,3.2857,7,6842,8,8,3.25,3.0,2.0,3.0,37.5,25.0,37.5,3.0,0.0,2.0,2.0,1.0,4,6,Low Satisfaction Product
P474369,Clear Improvement Zero Oil Cleanser With Charcoal,Origins,Skincare,27.0,mid,3.5,8,1959,8,8,3.5,4.0,1.0,3.0,50.0,12.5,37.5,3.0,1.0,1.0,3.0,0.0,3,4,Normal Review Profile
P469452,All About Clean 2-in-1 Charcoal Face Mask + Scrub,CLINIQUE,Skincare,33.0,mid,3.75,8,1746,8,8,3.75,5.0,0.0,3.0,62.5,0.0,37.5,5.0,0.0,0.0,2.0,1.0,4,5,Normal Review Profile
P467756,Soothing Toning Lotion with Chamomile,Clarins,Skincare,30.0,mid,3.375,8,1484,8,8,3.38,5.0,0.0,3.0,62.5,0.0,37.5,4.0,1.0,0.0,0.0,3.0,2,4,Low Satisfaction Product
P483078,COOLA Scalp & Hair Mist Organic Sunscreen SPF 30,COOLA,Skincare,28.0,mid,3.2857,7,4752,8,8,3.5,5.0,0.0,3.0,62.5,0.0,37.5,5.0,0.0,0.0,0.0,3.0,4,4,Normal Review Profile
P477761,Lovely Lashes Contour Sleep Mask,Slip,Skincare,55.0,premium,4.0,8,3771,8,8,4.0,6.0,0.0,2.0,75.0,0.0,25.0,5.0,1.0,0.0,1.0,1.0,3,6,Normal Review Profile
P504320,SPF Bestsellers Kit,Supergoop!,Skincare,30.0,mid,3.75,8,9331,8,8,3.75,5.0,1.0,2.0,62.5,12.5,25.0,5.0,0.0,1.0,0.0,2.0,5,5,Normal Review Profile
P448713,Clarifying Spot Treatment,Dr. Barbara Sturm,Skincare,55.0,premium,4.125,8,2729,8,8,4.13,6.0,0.0,2.0,75.0,0.0,25.0,6.0,0.0,0.0,1.0,1.0,2,3,Normal Review Profile
P451737,Advanced Génifique Face & Eye Serum Set,Lancôme,Skincare,130.0,luxury,3.875,8,10432,8,8,3.88,6.0,0.0,2.0,75.0,0.0,25.0,5.0,1.0,0.0,0.0,2.0,3,4,Normal Review Profile
P454800,Mini Glow2OH Dark Spot Toner,OLEHENRIKSEN,Skincare,19.0,budget,4.5,8,0,8,8,4.5,7.0,0.0,1.0,87.5,0.0,12.5,7.0,0.0,0.0,0.0,1.0,4,6,Low Review Hidden Gem
P456434,knockout brightening gel moisturizer,tarte,Skincare,14.0,budget,4.25,8,2400,8,8,4.25,6.0,1.0,1.0,75.0,12.5,12.5,5.0,1.0,1.0,1.0,0.0,3,6,Normal Review Profile
P405825,Repairwear Laser Focus Line Smoothing Cream Broad Spectrum SPF 15 for Very Dry to Dry Combination Skin,CLINIQUE,Skincare,61.0,luxury,4.125,8,1535,8,8,4.13,6.0,1.0,1.0,75.0,12.5,12.5,4.0,2.0,1.0,1.0,0.0,4,3,Normal Review Profile
P429504,Extra-Firming & Smoothing Night Moisturizer,Clarins,Skincare,98.0,luxury,4.25,8,5829,8,8,4.25,6.0,1.0,1.0,75.0,12.5,12.5,6.0,0.0,1.0,0.0,1.0,5,4,Normal Review Profile
P416589,Wrinkle Release Facial Sheet Mask,Skin Laundry,Skincare,12.0,budget,4.5,8,2931,8,8,4.5,7.0,0.0,1.0,87.5,0.0,12.5,6.0,1.0,0.0,1.0,0.0,3,4,Low Review Hidden Gem
P502740,Masking Minis 5-Piece Mask Kit,Peter Thomas Roth,Skincare,19.0,budget,4.0,7,19378,8,8,4.0,6.0,1.0,1.0,75.0,12.5,12.5,3.0,3.0,1.0,1.0,0.0,3,3,Normal Review Profile
P500116,Hydrating Cream Cleanser with Hyaluronic Acid,Community Sixty-Six,Skincare,16.0,budget,4.75,8,1413,8,8,4.75,8.0,0.0,0.0,100.0,0.0,0.0,6.0,2.0,0.0,0.0,0.0,4,5,Low Review Hidden Gem
P467608,Smart Night Clinical MD Multi-Dimensional Repair Treatment Retinol Serum,CLINIQUE,Skincare,74.0,luxury,4.75,8,2689,8,8,4.75,7.0,1.0,0.0,87.5,12.5,0.0,7.0,0.0,1.0,0.0,0.0,3,5,Low Review Hidden Gem
P500983,"Anytime, Anyface Lactic Acid Serum + Protini Moisturizer Duo",Drunk Elephant,Skincare,28.0,mid,5.0,7,12280,8,8,5.0,8.0,0.0,0.0,100.0,0.0,0.0,8.0,0.0,0.0,0.0,0.0,4,6,Low Review Hidden Gem
P503552,GLOfacial Clarifying Salicylic & Plumping Hyaluronic Acid Concentrate,BeautyBio,Skincare,45.0,premium,5.0,8,1715,8,8,5.0,8.0,0.0,0.0,100.0,0.0,0.0,8.0,0.0,0.0,0.0,0.0,4,4,Low Review Hidden Gem
P501474,The Youth Vault: 13-Piece Vegan Skincare + Apparel Set,Youth To The People,Skincare,340.0,luxury,4.875,8,8989,8,8,4.88,8.0,0.0,0.0,100.0,0.0,0.0,7.0,1.0,0.0,0.0,0.0,4,5,Low Review Hidden Gem
P504303,Strengthening Nighttime Ritual Set,Tatcha,Skincare,95.0,luxury,4.875,8,5528,8,8,4.88,8.0,0.0,0.0,100.0,0.0,0.0,7.0,1.0,0.0,0.0,0.0,3,3,Low Review Hidden Gem
P467649,Clean 1 Minute Face Masks,SEPHORA COLLECTION,Skincare,12.0,budget,1.8571,7,2950,7,7,1.86,1.0,0.0,6.0,14.29,0.0,85.71,1.0,0.0,0.0,2.0,4.0,3,4,Low Satisfaction Product
P479974,Brightening Eye Serum,Mario Badescu,Skincare,24.0,budget,3.2857,7,2532,7,7,3.29,3.0,0.0,4.0,42.86,0.0,57.14,3.0,0.0,0.0,4.0,0.0,3,6,Low Satisfaction Product
P504452,Mini Must Haves Skincare Set,Bobbi Brown,Skincare,25.0,budget,3.4286,7,4452,7,7,3.43,4.0,0.0,3.0,57.14,0.0,42.86,4.0,0.0,0.0,1.0,2.0,2,6,Low Satisfaction Product
P502771,Hydrate & Glow Trio,Wishful,Skincare,29.0,mid,2.8333,6,6854,7,7,3.14,3.0,1.0,3.0,42.86,14.29,42.86,3.0,0.0,1.0,1.0,2.0,5,4,Low Satisfaction Product
P503226,Sugar Triple-Action Lip Serum Advanced Therapy,fresh,Skincare,36.0,premium,3.8571,7,3996,7,7,3.86,5.0,0.0,2.0,71.43,0.0,28.57,4.0,1.0,0.0,1.0,1.0,4,4,Normal Review Profile
P503912,Firm + Bright + Glow Vitamin C Lactic Set,Dr. Dennis Gross Skincare,Skincare,85.0,luxury,3.4286,7,4442,7,7,3.43,3.0,2.0,2.0,42.86,28.57,28.57,3.0,0.0,2.0,1.0,1.0,3,4,Low Satisfaction Product
P463951,Mini Benefiance Wrinkle Smoothing Cream Enriched,Shiseido,Skincare,30.0,mid,3.7143,7,4039,7,7,3.71,5.0,0.0,2.0,71.43,0.0,28.57,3.0,2.0,0.0,1.0,1.0,3,4,Normal Review Profile
P444987,Capture Youth Age-Delay Progressive Peeling Crème,Dior,Skincare,110.0,luxury,4.4286,7,2275,7,7,4.43,6.0,0.0,1.0,85.71,0.0,14.29,5.0,1.0,0.0,1.0,0.0,4,5,Normal Review Profile
P477150,Super Anti-Aging Eye Cream,Dr. Barbara Sturm,Skincare,210.0,luxury,4.3333,6,1735,7,7,4.43,6.0,0.0,1.0,85.71,0.0,14.29,6.0,0.0,0.0,0.0,1.0,3,3,Normal Review Profile
P482313,Eyebrow Razor Set,SEPHORA COLLECTION,Skincare,8.0,budget,4.1429,7,3419,7,7,4.14,5.0,1.0,1.0,71.43,14.29,14.29,5.0,0.0,1.0,0.0,1.0,4,6,Normal Review Profile
P439099,Clarifying Lotion 2,CLINIQUE,Skincare,36.0,premium,4.4286,7,545,7,7,4.43,6.0,0.0,1.0,85.71,0.0,14.29,6.0,0.0,0.0,0.0,1.0,3,4,Normal Review Profile
P438630,Contouring + De-Puffing Rose Quartz GloPRO Attachment Head,BeautyBio,Skincare,49.0,premium,4.1429,7,3334,7,7,4.14,6.0,0.0,1.0,85.71,0.0,14.29,4.0,2.0,0.0,0.0,1.0,3,4,Normal Review Profile
P502998,"Youth Stacks: Plump It Up for Dry, Dehydrated Skin",Youth To The People,Skincare,28.0,mid,4.1667,6,10406,7,7,4.14,5.0,1.0,1.0,71.43,14.29,14.29,4.0,1.0,1.0,1.0,0.0,5,4,Normal Review Profile
P457274,Hand Cream Trio,L'Occitane,Skincare,29.0,mid,4.1429,7,8278,7,7,4.14,5.0,1.0,1.0,71.43,14.29,14.29,4.0,1.0,1.0,1.0,0.0,3,4,Normal Review Profile
P448551,Brightening Face Lotion,Dr. Barbara Sturm,Skincare,205.0,luxury,4.4286,7,1490,7,7,4.43,6.0,0.0,1.0,85.71,0.0,14.29,6.0,0.0,0.0,0.0,1.0,4,3,Normal Review Profile
P472471,Acne Remedy Overnight Repair Moisturizer,Jack Black,Skincare,40.0,premium,4.1429,7,972,7,7,4.14,6.0,0.0,1.0,85.71,0.0,14.29,4.0,2.0,0.0,0.0,1.0,4,5,Normal Review Profile
P479478,Germanium Stone Facial Massager,SEPHORA COLLECTION,Skincare,28.0,mid,4.8571,7,5302,7,7,4.86,7.0,0.0,0.0,100.0,0.0,0.0,6.0,1.0,0.0,0.0,0.0,3,3,Low Review Hidden Gem
P483058,GOOPGLOW Flower Acids Resurfacing Toner,goop,Skincare,45.0,premium,4.6667,6,1797,7,7,4.71,6.0,1.0,0.0,85.71,14.29,0.0,6.0,0.0,1.0,0.0,0.0,4,5,Low Review Hidden Gem
P409227,Multi-Active Anti-Aging Day Moisturizer for Glowing Skin,Clarins,Skincare,58.0,premium,4.8571,7,1652,7,7,4.86,7.0,0.0,0.0,100.0,0.0,0.0,6.0,1.0,0.0,0.0,0.0,4,7,Low Review Hidden Gem
P500238,Mini Collagen Superfusion Firming & Plumping Facial Oil,Charlotte Tilbury,Skincare,30.0,mid,4.7143,7,13165,7,7,4.71,7.0,0.0,0.0,100.0,0.0,0.0,5.0,2.0,0.0,0.0,0.0,3,4,Low Review Hidden Gem
P500502,SuperFruit Exfoliating Tonic 8% AHA Solution,ROSE Ingleton MD,Skincare,48.0,premium,4.8571,7,1826,7,7,4.86,7.0,0.0,0.0,100.0,0.0,0.0,6.0,1.0,0.0,0.0,0.0,3,6,Low Review Hidden Gem
P503560,GLOfacial Antimicrobial Treatment Tips + Cleaning Brush Accessories,BeautyBio,Skincare,30.0,mid,5.0,7,1011,7,7,5.0,7.0,0.0,0.0,100.0,0.0,0.0,7.0,0.0,0.0,0.0,0.0,3,4,Low Review Hidden Gem
P462375,Hyaluronic Dew Drops Hydrating Serum,Mario Badescu,Skincare,30.0,mid,3.5,6,2112,6,6,3.5,3.0,0.0,3.0,50.0,0.0,50.0,3.0,0.0,0.0,3.0,0.0,2,5,Normal Review Profile
P481970,Hydra Life Fresh Sorbet Crème Moisturizer,Dior,Skincare,85.0,luxury,3.5,6,1208,6,6,3.5,4.0,0.0,2.0,66.67,0.0,33.33,2.0,2.0,0.0,1.0,1.0,3,4,Normal Review Profile
P482256,Classic Face Organic Sunscreen Lotion SPF 30,COOLA,Skincare,32.0,mid,3.6667,6,826,6,6,3.67,4.0,0.0,2.0,66.67,0.0,33.33,4.0,0.0,0.0,0.0,2.0,3,3,Normal Review Profile
P482009,Self-Tanning Mitt,Isle of Paradise,Skincare,10.0,budget,3.4,5,4790,6,6,3.67,4.0,0.0,2.0,66.67,0.0,33.33,4.0,0.0,0.0,0.0,2.0,3,4,Normal Review Profile
P483141,The Quench Eye Reviving Quadralipid Eye Balm,BeautyBio,Skincare,99.0,luxury,4.0,5,1607,6,6,3.5,3.0,1.0,2.0,50.0,16.67,33.33,3.0,0.0,1.0,1.0,1.0,4,5,Normal Review Profile
P482258,Mineral Face Sunscreen Sheer Matte SPF 30,COOLA,Skincare,36.0,premium,3.5,6,1237,6,6,3.5,3.0,2.0,1.0,50.0,33.33,16.67,1.0,2.0,2.0,1.0,0.0,2,4,Normal Review Profile
P480174,Waves of Clarity Skincare Set,Herbivore,Skincare,32.0,mid,4.5,6,5295,6,6,4.5,5.0,0.0,1.0,83.33,0.0,16.67,5.0,0.0,0.0,1.0,0.0,1,4,Low Review Hidden Gem
P502237,Head-To-Toe AfterGLO Set,BeautyBio,Skincare,199.0,luxury,4.3333,6,2634,6,6,4.33,5.0,0.0,1.0,83.33,0.0,16.67,5.0,0.0,0.0,0.0,1.0,3,3,Normal Review Profile
P480610,Hello Results Baby-Smooth Glycolic Peel + Caring Oil,IT Cosmetics,Skincare,59.0,luxury,4.5,6,2199,6,6,4.5,5.0,0.0,1.0,83.33,0.0,16.67,5.0,0.0,0.0,1.0,0.0,3,3,Low Review Hidden Gem
P405285,Smart Broad Spectrum SPF 15 Custom-Repair Moisturizer for Very Dry to Dry Skin,CLINIQUE,Skincare,64.0,luxury,4.5,6,1428,6,6,4.5,5.0,0.0,1.0,83.33,0.0,16.67,5.0,0.0,0.0,1.0,0.0,3,4,Low Review Hidden Gem
P454795,Mini The Dewy Skin Cream,Tatcha,Skincare,22.0,budget,4.0,6,0,6,6,4.0,4.0,1.0,1.0,66.67,16.67,16.67,3.0,1.0,1.0,1.0,0.0,2,5,Normal Review Profile
P502725,Multi-Masker 4-Piece Mask Kit,Peter Thomas Roth,Skincare,58.0,premium,4.0,5,7286,6,6,3.83,4.0,1.0,1.0,66.67,16.67,16.67,2.0,2.0,1.0,1.0,0.0,3,3,Normal Review Profile
P502365,Clarifying Cleanse + Hydrate Duo,Tatcha,Skincare,27.0,mid,3.5,6,16760,6,6,3.5,3.0,2.0,1.0,50.0,33.33,16.67,2.0,1.0,2.0,0.0,1.0,4,3,Normal Review Profile
P500729,Best Sellers Set,SEPHORA COLLECTION,Skincare,20.0,budget,4.3333,6,3742,6,6,4.33,5.0,0.0,1.0,83.33,0.0,16.67,4.0,1.0,0.0,1.0,0.0,3,5,Normal Review Profile
P451750,Oligo Peptide Eye Cream,SOBEL SKIN Rx,Skincare,65.0,luxury,4.5,6,1832,6,6,4.5,5.0,0.0,1.0,83.33,0.0,16.67,5.0,0.0,0.0,1.0,0.0,4,3,Low Review Hidden Gem
P439098,Clarifying Lotion 3,CLINIQUE,Skincare,36.0,premium,4.1667,6,577,6,6,4.17,5.0,0.0,1.0,83.33,0.0,16.67,4.0,1.0,0.0,0.0,1.0,4,5,Normal Review Profile
P468410,SKINPOWER Essence Serum,SK-II,Skincare,205.0,luxury,4.0,6,1721,6,6,4.0,5.0,0.0,1.0,83.33,0.0,16.67,3.0,2.0,0.0,0.0,1.0,2,3,Normal Review Profile
P482021,Ultra Facial Hydrating Concentrated Cleansing Bar,Kiehl's Since 1851,Skincare,20.0,budget,4.3333,6,1558,6,6,4.33,5.0,0.0,1.0,83.33,0.0,16.67,5.0,0.0,0.0,0.0,1.0,2,3,Normal Review Profile
P457009,Cryo Rubber Mask with Moisturizing Hyaluronic Acid,Dr. Jart+,Skincare,15.0,budget,4.0,6,0,6,6,4.0,4.0,1.0,1.0,66.67,16.67,16.67,4.0,0.0,1.0,0.0,1.0,2,4,Normal Review Profile
P483145,Ultra Glow Mask with Vitamins C + E,SEPHORA COLLECTION,Skincare,16.0,budget,4.5,6,4478,6,6,4.5,6.0,0.0,0.0,100.0,0.0,0.0,3.0,3.0,0.0,0.0,0.0,1,5,Low Review Hidden Gem
P503872,Mini Mandelic Acid + Superfood Unity Exfoliant,Youth To The People,Skincare,16.0,budget,4.8,5,6510,6,6,4.83,6.0,0.0,0.0,100.0,0.0,0.0,5.0,1.0,0.0,0.0,0.0,4,5,Low Review Hidden Gem
P462379,Witch Hazel & Lavender Toner,Mario Badescu,Skincare,14.0,budget,4.0,6,2138,6,6,4.0,4.0,2.0,0.0,66.67,33.33,0.0,2.0,2.0,2.0,0.0,0.0,2,5,Normal Review Profile
P500782,100% Mineral SPF Starter Kit,Supergoop!,Skincare,29.0,mid,1.8,5,4707,5,5,1.8,1.0,0.0,4.0,20.0,0.0,80.0,1.0,0.0,0.0,0.0,4.0,3,5,Low Satisfaction Product
P458963,G.Tox Detoxifying Superpowder,goop,Skincare,12.0,budget,1.8,5,894,5,5,1.8,0.0,2.0,3.0,0.0,40.0,60.0,0.0,0.0,2.0,0.0,3.0,4,3,Low Satisfaction Product
P503933,The Night Time Edit- Jenna Rennert X OLEHENRIKSEN,OLEHENRIKSEN,Skincare,65.0,luxury,3.4,5,1927,5,5,3.4,3.0,0.0,2.0,60.0,0.0,40.0,3.0,0.0,0.0,0.0,2.0,2,4,Low Satisfaction Product
P440922,Capture Youth Intense Rescue Age-Delay Revitalizing Oil-Serum,Dior,Skincare,110.0,luxury,3.4,5,0,5,5,3.4,3.0,0.0,2.0,60.0,0.0,40.0,3.0,0.0,0.0,0.0,2.0,3,3,Low Satisfaction Product
P462384,Spritz. Mist. Glow. Facial Spray Trio,Mario Badescu,Skincare,21.0,budget,3.0,5,5387,5,5,3.0,2.0,1.0,2.0,40.0,20.0,40.0,1.0,1.0,1.0,1.0,1.0,3,4,Low Satisfaction Product
P504840,Hydrate + Purify Mini Bestsellers Discovery Skincare Set,innisfree,Skincare,18.0,budget,3.25,4,1592,5,5,3.4,3.0,0.0,2.0,60.0,0.0,40.0,2.0,1.0,0.0,1.0,1.0,3,3,Low Satisfaction Product
P503934,Besties Set,LANEIGE,Skincare,35.0,mid,3.6667,3,6757,5,5,3.6,3.0,0.0,2.0,60.0,0.0,40.0,2.0,1.0,0.0,2.0,0.0,2,2,Normal Review Profile
P481668,Clarifying Do-Over Peel,CLINIQUE,Skincare,35.0,mid,3.0,5,1064,5,5,3.0,2.0,1.0,2.0,40.0,20.0,40.0,1.0,1.0,1.0,1.0,1.0,4,3,Low Satisfaction Product
P500060,Play! Mineral SPF Stick,Supergoop!,Skincare,24.0,budget,3.0,4,2951,5,5,3.2,2.0,1.0,2.0,40.0,20.0,40.0,1.0,1.0,1.0,2.0,0.0,4,4,Low Satisfaction Product
P504848,Resveratrol-Lift Ultimate Firming Set,Caudalie,Skincare,84.0,luxury,4.25,4,3970,5,5,4.0,3.0,1.0,1.0,60.0,20.0,20.0,3.0,0.0,1.0,1.0,0.0,3,3,Normal Review Profile
P504273,Treat & Tint Mini Lip Care Gift Set,fresh,Skincare,35.0,mid,4.0,5,8577,5,5,4.0,4.0,0.0,1.0,80.0,0.0,20.0,3.0,1.0,0.0,0.0,1.0,4,3,Normal Review Profile
P481704,Umbrian Clay Pore Purifying Face Mask,fresh,Skincare,58.0,premium,4.5,4,6419,5,5,3.8,3.0,1.0,1.0,60.0,20.0,20.0,3.0,0.0,1.0,0.0,1.0,3,3,Low Review Hidden Gem
P423166,Future Solution LX Intensive Firming Contour Serum,Shiseido,Skincare,310.0,luxury,4.4,5,1898,5,5,4.4,4.0,0.0,1.0,80.0,0.0,20.0,4.0,0.0,0.0,1.0,0.0,2,4,Normal Review Profile
P463106,Vital Perfection Uplifting and Firming Eye Cream,Shiseido,Skincare,85.0,luxury,4.0,5,2649,5,5,4.0,4.0,0.0,1.0,80.0,0.0,20.0,3.0,1.0,0.0,0.0,1.0,3,4,Normal Review Profile
P480289,Mini Acne Solutions Cleansing Foam,CLINIQUE,Skincare,11.0,budget,4.0,5,1874,5,5,4.0,3.0,1.0,1.0,60.0,20.0,20.0,3.0,0.0,1.0,1.0,0.0,3,2,Normal Review Profile
P503906,DRx SpectraLite LED EyeCare Max Pro,Dr. Dennis Gross Skincare,Skincare,199.0,luxury,5.0,5,191,5,5,5.0,5.0,0.0,0.0,100.0,0.0,0.0,5.0,0.0,0.0,0.0,0.0,3,4,Low Review Hidden Gem
P448550,Brightening Face Cream,Dr. Barbara Sturm,Skincare,240.0,luxury,5.0,5,2000,5,5,5.0,5.0,0.0,0.0,100.0,0.0,0.0,5.0,0.0,0.0,0.0,0.0,3,3,Low Review Hidden Gem
P469193,Supers Set,Moon Juice,Skincare,75.0,luxury,1.25,4,1614,4,4,1.25,0.0,0.0,4.0,0.0,0.0,100.0,0.0,0.0,0.0,1.0,3.0,3,4,Low Satisfaction Product
P432240,Oil-Control Toner,Jack Black,Skincare,25.0,budget,2.0,4,473,4,4,2.0,1.0,0.0,3.0,25.0,0.0,75.0,1.0,0.0,0.0,0.0,3.0,2,2,Low Satisfaction Product
P460757,Brightening Mask with Vitamin C,Mario Badescu,Skincare,22.0,budget,3.5,4,2200,4,4,3.5,2.0,0.0,2.0,50.0,0.0,50.0,2.0,0.0,0.0,2.0,0.0,3,4,Normal Review Profile
P504283,Mini Solar Power Luminous SPF 30 Serum,ROSE INC,Skincare,18.0,budget,3.0,4,1939,4,4,3.0,1.0,1.0,2.0,25.0,25.0,50.0,1.0,0.0,1.0,2.0,0.0,3,4,Low Satisfaction Product
P481062,"Clean Skin, Fresh Start Acne Solutions Kit",CLINIQUE,Skincare,24.5,budget,3.0,4,2441,4,4,3.0,2.0,0.0,2.0,50.0,0.0,50.0,2.0,0.0,0.0,0.0,2.0,3,3,Low Satisfaction Product
P501550,Acne-Clear Essentials 4-Piece Acne Kit,Peter Thomas Roth,Skincare,35.0,mid,2.75,4,3080,4,4,2.75,1.0,1.0,2.0,25.0,25.0,50.0,1.0,0.0,1.0,1.0,1.0,1,3,Low Satisfaction Product
P468196,The Glow Up,Mario Badescu,Skincare,49.0,premium,2.5,4,2710,4,4,2.5,1.0,1.0,2.0,25.0,25.0,50.0,1.0,0.0,1.0,0.0,2.0,4,3,Low Satisfaction Product
P482309,Facial Cooling Wands,SEPHORA COLLECTION,Skincare,28.0,mid,4.0,4,8525,4,4,4.0,3.0,0.0,1.0,75.0,0.0,25.0,3.0,0.0,0.0,0.0,1.0,2,2,Normal Review Profile
P471545,DRx SpectraLite BodyWare Pro,Dr. Dennis Gross Skincare,Skincare,465.0,luxury,4.25,4,6836,4,4,4.25,3.0,0.0,1.0,75.0,0.0,25.0,3.0,0.0,0.0,1.0,0.0,3,3,Normal Review Profile
P480604,FAB Faves Trio,First Aid Beauty,Skincare,30.0,mid,4.0,4,3738,4,4,4.0,3.0,0.0,1.0,75.0,0.0,25.0,3.0,0.0,0.0,0.0,1.0,3,3,Normal Review Profile
P416588,Wrinkle Release Neck & Chest Sheet Mask,Skin Laundry,Skincare,15.0,budget,3.25,4,2226,4,4,3.25,2.0,1.0,1.0,50.0,25.0,25.0,1.0,1.0,1.0,0.0,1.0,3,3,Low Satisfaction Product
P500124,EradiKate Try-Me-Kit,Kate Somerville,Skincare,49.0,premium,4.0,4,1311,4,4,4.0,3.0,0.0,1.0,75.0,0.0,25.0,3.0,0.0,0.0,0.0,1.0,3,3,Normal Review Profile
P467757,Total Cleansing Oil & Makeup Remover,Clarins,Skincare,37.0,premium,3.25,4,1143,4,4,3.25,2.0,1.0,1.0,50.0,25.0,25.0,1.0,1.0,1.0,0.0,1.0,2,4,Low Satisfaction Product
P502842,Wishing You Essentials Skincare Kit,SEPHORA COLLECTION,Skincare,20.0,budget,3.6667,3,6017,4,4,4.0,3.0,0.0,1.0,75.0,0.0,25.0,3.0,0.0,0.0,0.0,1.0,4,3,Normal Review Profile
P477812,Refillable Jumbo Magic Cream Moisturizer with Hyaluronic Acid,Charlotte Tilbury,Skincare,260.0,luxury,3.75,4,6696,4,4,3.75,3.0,0.0,1.0,75.0,0.0,25.0,2.0,1.0,0.0,0.0,1.0,3,3,Normal Review Profile
P503944,Mini Acid Potion AHA + BHA Resurfacing Exfoliator,Moon Juice,Skincare,15.0,budget,3.5,4,4454,4,4,3.5,3.0,0.0,1.0,75.0,0.0,25.0,1.0,2.0,0.0,0.0,1.0,2,3,Normal Review Profile
P503876,OLE Glow Icons Skincare Set,OLEHENRIKSEN,Skincare,62.0,luxury,3.75,4,1997,4,4,3.75,2.0,1.0,1.0,50.0,25.0,25.0,2.0,0.0,1.0,1.0,0.0,3,3,Normal Review Profile
P503894,Green Tea Hyaluronic Acid Hydrating Eye Cream,innisfree,Skincare,26.0,mid,3.5,4,1784,4,4,3.5,2.0,1.0,1.0,50.0,25.0,25.0,1.0,1.0,1.0,1.0,0.0,3,4,Normal Review Profile
P503892,Instant Hydration Set,Biossance,Skincare,74.0,luxury,3.6667,3,3629,4,4,3.75,3.0,0.0,1.0,75.0,0.0,25.0,1.0,2.0,0.0,1.0,0.0,3,3,Normal Review Profile
P504985,Abeille Royale Bestsellers Travel Set,GUERLAIN,Skincare,195.0,luxury,2.0,2,214,4,4,3.5,2.0,1.0,1.0,50.0,25.0,25.0,2.0,0.0,1.0,0.0,1.0,1,3,Normal Review Profile
P502216,Shani Darden by Déesse PRO LED Light Mask,Shani Darden Skin Care,Skincare,1900.0,luxury,3.75,4,4154,4,4,3.75,3.0,0.0,1.0,75.0,0.0,25.0,2.0,1.0,0.0,0.0,1.0,4,3,Normal Review Profile
P481081,Revitalizing Supreme+ Night Intensive Restorative Crème,Estée Lauder,Skincare,102.0,luxury,3.75,4,1255,4,4,3.75,3.0,0.0,1.0,75.0,0.0,25.0,1.0,2.0,0.0,1.0,0.0,3,2,Normal Review Profile
P481082,Revitalizing Supreme+ Youth Power Eye Balm,Estée Lauder,Skincare,76.0,luxury,3.5,4,1136,4,4,3.5,2.0,1.0,1.0,50.0,25.0,25.0,2.0,0.0,1.0,0.0,1.0,2,3,Normal Review Profile
P463109,Overnight Vitalizing Sleeping Mask,Sulwhasoo,Skincare,54.0,premium,3.25,4,259,4,4,3.25,2.0,1.0,1.0,50.0,25.0,25.0,1.0,1.0,1.0,0.0,1.0,3,4,Low Satisfaction Product
P502977,Youth Stacks: Daily Skin Health Your Way for Pores and Oiliness,Youth To The People,Skincare,20.0,budget,4.25,4,13592,4,4,4.25,3.0,1.0,0.0,75.0,25.0,0.0,2.0,1.0,1.0,0.0,0.0,1,4,Normal Review Profile
P500775,Back to Basics: Hydration Heroes Skincare Set,The INKEY List,Skincare,27.0,mid,3.75,4,6671,4,4,3.75,3.0,1.0,0.0,75.0,25.0,0.0,0.0,3.0,1.0,0.0,0.0,3,2,Normal Review Profile
P504881,Vinoperfect  Brightening Solution Set,Caudalie,Skincare,82.0,luxury,5.0,4,5361,4,4,5.0,4.0,0.0,0.0,100.0,0.0,0.0,4.0,0.0,0.0,0.0,0.0,1,4,Low Review Hidden Gem
P504594,The Brightening Essentials Skincare Gift Set,ROSE INC,Skincare,66.0,luxury,5.0,4,4044,4,4,5.0,4.0,0.0,0.0,100.0,0.0,0.0,4.0,0.0,0.0,0.0,0.0,3,3,Low Review Hidden Gem
P500880,Classic Face Organic Sunscreen Lotion SPF 50,COOLA,Skincare,32.0,mid,5.0,4,2772,4,4,5.0,4.0,0.0,0.0,100.0,0.0,0.0,4.0,0.0,0.0,0.0,0.0,2,4,Low Review Hidden Gem
P462386,Drying Cream,Mario Badescu,Skincare,17.0,budget,3.75,4,1635,4,4,3.75,2.0,2.0,0.0,50.0,50.0,0.0,1.0,1.0,2.0,0.0,0.0,2,4,Normal Review Profile
P483694,Essential Comfort Balancing Water,Sulwhasoo,Skincare,68.0,luxury,5.0,4,3539,4,4,5.0,4.0,0.0,0.0,100.0,0.0,0.0,4.0,0.0,0.0,0.0,0.0,2,3,Low Review Hidden Gem
P482661,The Essence,Augustinus Bader,Skincare,93.0,luxury,4.5,4,2564,4,4,4.5,3.0,1.0,0.0,75.0,25.0,0.0,3.0,0.0,1.0,0.0,0.0,2,3,Low Review Hidden Gem
P479946,Self Tanning Face & Body Tinted Gel,Clarins,Skincare,42.0,premium,5.0,4,1606,4,4,5.0,4.0,0.0,0.0,100.0,0.0,0.0,4.0,0.0,0.0,0.0,0.0,2,2,Low Review Hidden Gem
P435790,Radiance Revitalizing Foam,Dr. Brandt Skincare,Skincare,65.0,luxury,5.0,4,597,4,4,5.0,4.0,0.0,0.0,100.0,0.0,0.0,4.0,0.0,0.0,0.0,0.0,3,3,Low Review Hidden Gem
P472342,Superkind Fragrance-Free Radiance Mask,Tata Harper,Skincare,68.0,luxury,4.75,4,4881,4,4,4.75,4.0,0.0,0.0,100.0,0.0,0.0,3.0,1.0,0.0,0.0,0.0,3,3,Low Review Hidden Gem
P462383,Flower & Tonic Clay Mask,Mario Badescu,Skincare,18.0,budget,4.5,4,2333,4,4,4.5,3.0,1.0,0.0,75.0,25.0,0.0,3.0,0.0,1.0,0.0,0.0,2,3,Low Review Hidden Gem
P503635,Pack Up & Glow Priming Mineral SPF 40,Wander Beauty,Skincare,36.0,premium,4.25,4,1160,4,4,4.25,3.0,1.0,0.0,75.0,25.0,0.0,2.0,1.0,1.0,0.0,0.0,2,2,Normal Review Profile
P450935,Abeille Royale Night Cream,GUERLAIN,Skincare,200.0,luxury,3.6667,3,2226,3,3,3.67,2.0,0.0,1.0,66.67,0.0,33.33,1.0,1.0,0.0,1.0,0.0,2,3,Normal Review Profile
P502235,The Daily Essential Duo The Cream,Augustinus Bader,Skincare,305.0,luxury,4.0,3,2080,3,3,4.0,2.0,0.0,1.0,66.67,0.0,33.33,2.0,0.0,0.0,1.0,0.0,2,3,Normal Review Profile
P483458,Blades,Hanni,Skincare,6.0,budget,3.6667,3,1586,3,3,3.67,2.0,0.0,1.0,66.67,0.0,33.33,2.0,0.0,0.0,0.0,1.0,2,3,Normal Review Profile
P406656,Repairwear Laser Focus Line Smoothing Cream Broad Spectrum SPF 15 for Combination Oily to Oily Skin,CLINIQUE,Skincare,53.0,premium,3.6667,3,690,3,3,3.67,2.0,0.0,1.0,66.67,0.0,33.33,2.0,0.0,0.0,0.0,1.0,3,2,Normal Review Profile
P471784,Gentle Foaming Cleanser,Mario Badescu,Skincare,14.0,budget,4.0,3,2867,3,3,4.0,2.0,0.0,1.0,66.67,0.0,33.33,2.0,0.0,0.0,1.0,0.0,2,2,Normal Review Profile
P500482,The Clean Dream Team Set,Tata Harper,Skincare,75.0,luxury,4.0,3,1395,3,3,4.0,2.0,0.0,1.0,66.67,0.0,33.33,2.0,0.0,0.0,1.0,0.0,3,3,Normal Review Profile
P500763,Lip Sleeping Mask,SEPHORA COLLECTION,Skincare,5.0,budget,3.6667,3,1006,3,3,3.67,2.0,0.0,1.0,66.67,0.0,33.33,2.0,0.0,0.0,0.0,1.0,1,2,Normal Review Profile
P502978,Youth Stacks: Brighter Tomorrow Duo for Dullness,Youth To The People,Skincare,28.0,mid,3.0,3,8189,3,3,3.0,2.0,0.0,1.0,66.67,0.0,33.33,0.0,2.0,0.0,0.0,1.0,2,3,Low Satisfaction Product
P479947,Self Tanning Face & Body Milky Lotion,Clarins,Skincare,42.0,premium,3.6667,3,732,3,3,3.67,2.0,0.0,1.0,66.67,0.0,33.33,2.0,0.0,0.0,0.0,1.0,1,2,Normal Review Profile
P457279,Moisturizer Mini knockout brightening gel,tarte,Skincare,14.0,budget,4.6667,3,4857,3,3,4.67,3.0,0.0,0.0,100.0,0.0,0.0,2.0,1.0,0.0,0.0,0.0,1,3,Low Review Hidden Gem
P468390,Ashwagandha Organic Root Extract,Moon Juice,Skincare,38.0,premium,5.0,3,2514,3,3,5.0,3.0,0.0,0.0,100.0,0.0,0.0,3.0,0.0,0.0,0.0,0.0,2,3,Low Review Hidden Gem
P483693,Essential Comfort Moisture Cream,Sulwhasoo,Skincare,80.0,luxury,5.0,3,2324,3,3,5.0,3.0,0.0,0.0,100.0,0.0,0.0,3.0,0.0,0.0,0.0,0.0,2,3,Low Review Hidden Gem
P432255,Mini Black Tea Firming Overnight Mask,fresh,Skincare,40.0,premium,4.0,3,0,3,3,4.0,3.0,0.0,0.0,100.0,0.0,0.0,0.0,3.0,0.0,0.0,0.0,1,3,Normal Review Profile
P479646,Mini City Skin Age Defense Broad Spectrum SPF 50 PA++++,Murad,Skincare,25.0,budget,4.3333,3,5567,3,3,4.33,2.0,1.0,0.0,66.67,33.33,0.0,2.0,0.0,1.0,0.0,0.0,3,3,Normal Review Profile
P470548,Knockout 10% Acid Complex Serum,tarte,Skincare,39.0,premium,5.0,3,1445,3,3,5.0,3.0,0.0,0.0,100.0,0.0,0.0,3.0,0.0,0.0,0.0,0.0,3,2,Low Review Hidden Gem
P477706,35% Vitamin C Fusion Serum,SOBEL SKIN Rx,Skincare,105.0,luxury,5.0,3,906,3,3,5.0,3.0,0.0,0.0,100.0,0.0,0.0,3.0,0.0,0.0,0.0,0.0,2,2,Low Review Hidden Gem
P503915,Mini Floral Recovery Overnight Mask with Squalane,fresh,Skincare,28.0,mid,5.0,1,3539,3,3,4.67,3.0,0.0,0.0,100.0,0.0,0.0,2.0,1.0,0.0,0.0,0.0,1,1,Low Review Hidden Gem
P480176,Mini Calendula Deep Clean Foaming Face Wash,Kiehl's Since 1851,Skincare,18.0,budget,5.0,3,3514,3,3,5.0,3.0,0.0,0.0,100.0,0.0,0.0,3.0,0.0,0.0,0.0,0.0,2,3,Low Review Hidden Gem
P502195,DelIKate Try Me Kit,Kate Somerville,Skincare,49.0,premium,5.0,3,1959,3,3,5.0,3.0,0.0,0.0,100.0,0.0,0.0,3.0,0.0,0.0,0.0,0.0,1,3,Low Review Hidden Gem
P476686,Equilibrium Restorative Hydrating Cream,Hourglass,Skincare,94.0,luxury,5.0,3,876,3,3,5.0,3.0,0.0,0.0,100.0,0.0,0.0,3.0,0.0,0.0,0.0,0.0,2,3,Low Review Hidden Gem
P502448,Concentrated Ginseng Renewing Eye Cream,Sulwhasoo,Skincare,140.0,luxury,4.3333,3,3126,3,3,4.33,2.0,1.0,0.0,66.67,33.33,0.0,2.0,0.0,1.0,0.0,0.0,2,3,Normal Review Profile
P481971,Hydra Life Intense Sorbet Crème Moisturizer,Dior,Skincare,85.0,luxury,5.0,3,2201,3,3,5.0,3.0,0.0,0.0,100.0,0.0,0.0,3.0,0.0,0.0,0.0,0.0,1,2,Low Review Hidden Gem
P481077,Capture Totale Intensive Essence Lotion,Dior,Skincare,80.0,luxury,4.0,3,2108,3,3,4.0,2.0,1.0,0.0,66.67,33.33,0.0,1.0,1.0,1.0,0.0,0.0,2,3,Normal Review Profile
P500998,Soothe + Hydrate Barrier Building Hydrosol Mist,Flora + Bast,Skincare,44.0,premium,5.0,3,986,3,3,5.0,3.0,0.0,0.0,100.0,0.0,0.0,3.0,0.0,0.0,0.0,0.0,2,3,Low Review Hidden Gem
P448547,Darker Skin Tones Face Cream Rich,Dr. Barbara Sturm,Skincare,240.0,luxury,4.6667,3,873,3,3,4.67,3.0,0.0,0.0,100.0,0.0,0.0,2.0,1.0,0.0,0.0,0.0,2,3,Low Review Hidden Gem
P501566,Super Restorative Anti-Aging Day Moisturizer,Clarins,Skincare,132.0,luxury,4.6667,3,566,3,3,4.67,3.0,0.0,0.0,100.0,0.0,0.0,2.0,1.0,0.0,0.0,0.0,2,3,Low Review Hidden Gem
P480355,The Essence Skincare Boosting Treatment – Lunar New Year Edition,Tatcha,Skincare,110.0,luxury,5.0,2,5440,3,3,5.0,3.0,0.0,0.0,100.0,0.0,0.0,3.0,0.0,0.0,0.0,0.0,3,3,Low Review Hidden Gem
P503000,Feeling Groovy Yellow Jade Eye Massager Set,SEPHORA COLLECTION,Skincare,18.0,budget,5.0,2,2842,3,3,5.0,3.0,0.0,0.0,100.0,0.0,0.0,3.0,0.0,0.0,0.0,0.0,2,2,Low Review Hidden Gem
P504018,The Skin Renewal System,Augustinus Bader,Skincare,185.0,luxury,5.0,2,2331,3,3,5.0,3.0,0.0,0.0,100.0,0.0,0.0,3.0,0.0,0.0,0.0,0.0,2,2,Low Review Hidden Gem
P500464,NuBODY - Body Toning Device,NuFACE,Skincare,399.0,luxury,1.0,2,1312,2,2,1.0,0.0,0.0,2.0,0.0,0.0,100.0,0.0,0.0,0.0,0.0,2.0,2,2,Low Satisfaction Product
P482747,PLAY Mineral Mist SPF 30 with Marigold Extract,Supergoop!,Skincare,34.0,mid,2.5,2,1971,2,2,2.5,1.0,0.0,1.0,50.0,0.0,50.0,0.0,1.0,0.0,0.0,1.0,2,1,Low Satisfaction Product
P502186,Retinol Try Me Kit,Kate Somerville,Skincare,59.0,luxury,3.0,2,628,2,2,3.0,1.0,0.0,1.0,50.0,0.0,50.0,1.0,0.0,0.0,0.0,1.0,2,2,Low Satisfaction Product
P483691,Gradual Tan Classic Daily Youth Boosting Cream,St. Tropez,Skincare,29.0,mid,5.0,1,1740,2,2,3.0,1.0,0.0,1.0,50.0,0.0,50.0,1.0,0.0,0.0,0.0,1.0,1,2,Low Review Hidden Gem
P501264,The Hydrating Treatment Lotion & Crème Set,La Mer,Skincare,200.0,luxury,3.0,2,3433,2,2,3.0,1.0,0.0,1.0,50.0,0.0,50.0,1.0,0.0,0.0,0.0,1.0,2,1,Low Satisfaction Product
P455229,White Lucent Illuminating Micro-Spot Serum,Shiseido,Skincare,185.0,luxury,3.0,2,2501,2,2,3.0,1.0,0.0,1.0,50.0,0.0,50.0,1.0,0.0,0.0,0.0,1.0,2,2,Low Satisfaction Product
P504289,Prep & Treat Lip Care Gift Set,fresh,Skincare,28.0,mid,3.5,2,4428,2,2,3.5,1.0,0.0,1.0,50.0,0.0,50.0,1.0,0.0,0.0,1.0,0.0,2,2,Normal Review Profile
P483089,Eye Want It All Face + Eye Microneedling Set,BeautyBio,Skincare,249.0,luxury,3.5,2,1349,2,2,3.5,1.0,0.0,1.0,50.0,0.0,50.0,1.0,0.0,0.0,1.0,0.0,2,1,Normal Review Profile
P474941,3 Step Intro Kit Type II,CLINIQUE,Skincare,21.0,budget,2.0,2,865,2,2,2.0,0.0,1.0,1.0,0.0,50.0,50.0,0.0,0.0,1.0,0.0,1.0,1,2,Low Satisfaction Product
P502823,Absolue The Serum,Lancôme,Skincare,270.0,luxury,3.5,2,353,2,2,3.5,1.0,0.0,1.0,50.0,0.0,50.0,1.0,0.0,0.0,1.0,0.0,2,1,Normal Review Profile
P475083,Skincare Essentials Kit,Clarins,Skincare,100.0,luxury,3.0,2,2986,2,2,3.0,1.0,0.0,1.0,50.0,0.0,50.0,0.0,1.0,0.0,1.0,0.0,2,2,Low Satisfaction Product
P460622,25 Years of Dr. Brandt Kit,Dr. Brandt Skincare,Skincare,165.0,luxury,1.0,1,274,2,2,3.0,1.0,0.0,1.0,50.0,0.0,50.0,1.0,0.0,0.0,0.0,1.0,2,1,Low Satisfaction Product
P474090,Deluxe Facial Roller Set,SEPHORA COLLECTION,Skincare,40.0,premium,3.5,2,5602,2,2,3.5,1.0,1.0,0.0,50.0,50.0,0.0,0.0,1.0,1.0,0.0,0.0,2,2,Normal Review Profile
P472058,Crystal Facial Roller Set,SEPHORA COLLECTION,Skincare,35.0,mid,4.0,2,3924,2,2,4.0,1.0,1.0,0.0,50.0,50.0,0.0,1.0,0.0,1.0,0.0,0.0,2,2,Normal Review Profile
P504888,Aqua Bomb Protect & Glow Travel Kit,belif,Skincare,27.0,mid,3.5,2,1088,2,2,3.5,1.0,1.0,0.0,50.0,50.0,0.0,0.0,1.0,1.0,0.0,0.0,2,2,Normal Review Profile
P504221,Trinity+ Starter Kit,NuFACE,Skincare,395.0,luxury,5.0,2,1085,2,2,5.0,2.0,0.0,0.0,100.0,0.0,0.0,2.0,0.0,0.0,0.0,0.0,1,2,Low Review Hidden Gem
P500151,Drop of Strength All Day Strengthening Serum,Dr. Brandt Skincare,Skincare,85.0,luxury,4.5,2,665,2,2,4.5,2.0,0.0,0.0,100.0,0.0,0.0,1.0,1.0,0.0,0.0,0.0,2,2,Low Review Hidden Gem
P504464,Mask and Moisturize Duo Skincare Gift Set,Kiehl's Since 1851,Skincare,30.0,mid,5.0,1,1314,2,2,5.0,2.0,0.0,0.0,100.0,0.0,0.0,2.0,0.0,0.0,0.0,0.0,1,2,Low Review Hidden Gem
P505332,Dior Skin Mattifying Papers,Dior,Skincare,35.0,mid,5.0,1,1294,2,2,5.0,2.0,0.0,0.0,100.0,0.0,0.0,2.0,0.0,0.0,0.0,0.0,2,2,Low Review Hidden Gem
P505120,Early Bird Hydrate + Brighten Set,Drunk Elephant,Skincare,54.0,premium,5.0,1,782,2,2,5.0,2.0,0.0,0.0,100.0,0.0,0.0,2.0,0.0,0.0,0.0,0.0,2,2,Low Review Hidden Gem
P502709,Mini Mist Collection,Mario Badescu,Skincare,20.0,budget,4.5,2,2768,2,2,4.5,2.0,0.0,0.0,100.0,0.0,0.0,1.0,1.0,0.0,0.0,0.0,1,1,Low Review Hidden Gem
P481342,Cleansing & Hydrating Bestseller Set Bento Box,DAMDAM,Skincare,42.0,premium,5.0,2,2206,2,2,5.0,2.0,0.0,0.0,100.0,0.0,0.0,2.0,0.0,0.0,0.0,0.0,1,1,Low Review Hidden Gem
P483460,Shower Holder,Hanni,Skincare,12.0,budget,5.0,2,1932,2,2,5.0,2.0,0.0,0.0,100.0,0.0,0.0,2.0,0.0,0.0,0.0,0.0,2,2,Low Review Hidden Gem
P474323,GOOPGENES All-in-One Nourishing Skincare Kit,goop,Skincare,85.0,luxury,4.5,2,1575,2,2,4.5,2.0,0.0,0.0,100.0,0.0,0.0,1.0,1.0,0.0,0.0,0.0,2,2,Low Review Hidden Gem
P504053,Capture Dreamskin 1-Minute Mask,Dior,Skincare,80.0,luxury,5.0,2,993,2,2,5.0,2.0,0.0,0.0,100.0,0.0,0.0,2.0,0.0,0.0,0.0,0.0,1,2,Low Review Hidden Gem
P423168,Future Solution LX Total Protective Emulsion Broad Spectrum SPF 20 Sunscreen,Shiseido,Skincare,270.0,luxury,4.0,2,636,2,2,4.0,1.0,1.0,0.0,50.0,50.0,0.0,1.0,0.0,1.0,0.0,0.0,2,2,Normal Review Profile
P501585,Super Restorative Anti-Aging Night Moisturizer,Clarins,Skincare,140.0,luxury,5.0,2,595,2,2,5.0,2.0,0.0,0.0,100.0,0.0,0.0,2.0,0.0,0.0,0.0,0.0,2,2,Low Review Hidden Gem
P455915,Mini MultiVitamin Power Recovery Mask,Dermalogica,Skincare,16.5,budget,5.0,2,0,2,2,5.0,2.0,0.0,0.0,100.0,0.0,0.0,2.0,0.0,0.0,0.0,0.0,1,2,Low Review Hidden Gem
P502192,Acne Away Kit + Salicylic Acid + Azelaic Acid + Niacinamide,Skinfix,Skincare,35.0,mid,4.0,1,3945,2,2,3.5,1.0,1.0,0.0,50.0,50.0,0.0,0.0,1.0,1.0,0.0,0.0,1,2,Normal Review Profile
P479696,Brighten Trial Kit,Murad,Skincare,52.0,premium,5.0,2,3779,2,2,5.0,2.0,0.0,0.0,100.0,0.0,0.0,2.0,0.0,0.0,0.0,0.0,2,2,Low Review Hidden Gem
P395507,Extra Repair Moisture Cream,Bobbi Brown,Skincare,110.0,luxury,4.5,2,3331,2,2,4.5,2.0,0.0,0.0,100.0,0.0,0.0,1.0,1.0,0.0,0.0,0.0,1,2,Low Review Hidden Gem
P504987,Refreshing Water Sunscreen Stick SPF 50,COOLA,Skincare,30.0,mid,5.0,2,2419,2,2,5.0,2.0,0.0,0.0,100.0,0.0,0.0,2.0,0.0,0.0,0.0,0.0,2,2,Low Review Hidden Gem
P502047,Evercalm Skin Zen Trio,REN Clean Skincare,Skincare,66.0,luxury,4.5,2,1448,2,2,4.5,2.0,0.0,0.0,100.0,0.0,0.0,1.0,1.0,0.0,0.0,0.0,1,2,Low Review Hidden Gem
P500256,Mineral Sunscreen SPF 30,Mario Badescu,Skincare,28.0,mid,5.0,2,983,2,2,5.0,2.0,0.0,0.0,100.0,0.0,0.0,2.0,0.0,0.0,0.0,0.0,1,2,Low Review Hidden Gem
P504850,Premier Cru Fine Lines and Wrinkles Anti-Aging Set,Caudalie,Skincare,139.0,luxury,4.0,1,1926,2,2,3.5,1.0,1.0,0.0,50.0,50.0,0.0,0.0,1.0,1.0,0.0,0.0,2,2,Normal Review Profile
P423167,Future Solution LX Total Protective Cream Broad Spectrum SPF 20 Sunscreen,Shiseido,Skincare,270.0,luxury,5.0,2,1874,2,2,5.0,2.0,0.0,0.0,100.0,0.0,0.0,2.0,0.0,0.0,0.0,0.0,2,2,Low Review Hidden Gem
P504411,Microdermabrasion Smoothing Lip Scrub,Dr. Brandt Skincare,Skincare,30.0,mid,4.0,2,1030,2,2,4.0,1.0,1.0,0.0,50.0,50.0,0.0,1.0,0.0,1.0,0.0,0.0,1,2,Normal Review Profile
P504417,Acne Treatment Gel,SEPHORA COLLECTION,Skincare,20.0,budget,5.0,1,1039,1,1,5.0,1.0,0.0,0.0,100.0,0.0,0.0,1.0,0.0,0.0,0.0,0.0,1,1,Low Review Hidden Gem
P483086,Essential Comfort Balancing Emulsion,Sulwhasoo,Skincare,72.0,luxury,4.0,1,923,1,1,4.0,1.0,0.0,0.0,100.0,0.0,0.0,0.0,1.0,0.0,0.0,0.0,1,1,Normal Review Profile
P470538,SuperPower Immune Support Supplement,Moon Juice,Skincare,38.0,premium,5.0,1,820,1,1,5.0,1.0,0.0,0.0,100.0,0.0,0.0,1.0,0.0,0.0,0.0,0.0,1,1,Low Review Hidden Gem
P478260,Break from the Burnout Skin Wellness Set,Erno Laszlo,Skincare,75.0,luxury,5.0,1,673,1,1,5.0,1.0,0.0,0.0,100.0,0.0,0.0,1.0,0.0,0.0,0.0,0.0,1,1,Low Review Hidden Gem
P469829,Equilibrium Biomimetic Skin Active Serum,Hourglass,Skincare,198.0,luxury,5.0,1,482,1,1,5.0,1.0,0.0,0.0,100.0,0.0,0.0,1.0,0.0,0.0,0.0,0.0,1,1,Low Review Hidden Gem
P480445,Smooth + FAB Travel Size Duo,First Aid Beauty,Skincare,20.0,budget,5.0,1,6327,1,1,5.0,1.0,0.0,0.0,100.0,0.0,0.0,1.0,0.0,0.0,0.0,0.0,1,1,Low Review Hidden Gem
P504424,Clarifying Peel Pads Purify + Exfoliate,SEPHORA COLLECTION,Skincare,17.0,budget,5.0,1,2254,1,1,5.0,1.0,0.0,0.0,100.0,0.0,0.0,1.0,0.0,0.0,0.0,0.0,1,1,Low Review Hidden Gem
P505208,100% Mineral Sunscreen Starter Kit,Supergoop!,Skincare,30.0,mid,5.0,1,1702,1,1,5.0,1.0,0.0,0.0,100.0,0.0,0.0,1.0,0.0,0.0,0.0,0.0,1,1,Low Review Hidden Gem
P480354,Glow Facial Set,Tata Harper,Skincare,98.0,luxury,3.0,1,1476,1,1,3.0,0.0,1.0,0.0,0.0,100.0,0.0,0.0,0.0,1.0,0.0,0.0,1,1,Low Satisfaction Product
P480441,Retinol + Bakuchiol Serum 2.5x,Dr. Lara Devgan Scientific Beauty,Skincare,300.0,luxury,3.0,1,581,1,1,3.0,0.0,1.0,0.0,0.0,100.0,0.0,0.0,0.0,1.0,0.0,0.0,1,1,Low Satisfaction Product
P505174,Soft Clean Moisture Rich Foaming Cleanser,Estée Lauder,Skincare,26.0,mid,5.0,1,435,1,1,5.0,1.0,0.0,0.0,100.0,0.0,0.0,1.0,0.0,0.0,0.0,0.0,1,1,Low Review Hidden Gem
P476571,Turbo Body Lotion Energizing Gel Moisturizer with Eucalyptus & Aloe,Jack Black,Skincare,38.0,premium,5.0,1,326,1,1,5.0,1.0,0.0,0.0,100.0,0.0,0.0,1.0,0.0,0.0,0.0,0.0,1,1,Low Review Hidden Gem
P504322,Gentle Hydra-Gel Face Cleanser,NUDESTIX,Skincare,19.0,budget,5.0,1,177,1,1,5.0,1.0,0.0,0.0,100.0,0.0,0.0,1.0,0.0,0.0,0.0,0.0,1,1,Low Review Hidden Gem
P501153,Major Eye Impact Repair + Brighten Skincare Set,Estée Lauder,Skincare,72.0,luxury,4.0,1,1854,1,1,4.0,1.0,0.0,0.0,100.0,0.0,0.0,0.0,1.0,0.0,0.0,0.0,1,1,Normal Review Profile
P500155,ExfoliKate All Over Glow Kit,Kate Somerville,Skincare,115.0,luxury,5.0,1,1243,1,1,5.0,1.0,0.0,0.0,100.0,0.0,0.0,1.0,0.0,0.0,0.0,0.0,1,1,Low Review Hidden Gem
P469801,Mini Equilibrium Rebalancing Cream Cleanser,Hourglass,Skincare,25.0,budget,5.0,1,1149,1,1,5.0,1.0,0.0,0.0,100.0,0.0,0.0,1.0,0.0,0.0,0.0,0.0,1,1,Low Review Hidden Gem
P481397,Revitalizing Supreme+ Bright Soft Creme Moisturizer,Estée Lauder,Skincare,98.0,luxury,5.0,1,1140,1,1,5.0,1.0,0.0,0.0,100.0,0.0,0.0,1.0,0.0,0.0,0.0,0.0,1,1,Low Review Hidden Gem
P503877,Superkind Refining Cleanser,Tata Harper,Skincare,88.0,luxury,5.0,1,689,1,1,5.0,1.0,0.0,0.0,100.0,0.0,0.0,1.0,0.0,0.0,0.0,0.0,1,1,Low Review Hidden Gem
P504443,Plump Pout Duo,Algenist,Skincare,44.0,premium,3.0,1,522,1,1,3.0,0.0,1.0,0.0,0.0,100.0,0.0,0.0,0.0,1.0,0.0,0.0,1,1,Low Satisfaction Product
P501886,The Glow Around 4-Piece Travel Skincare Essentials Set,Fenty Skin,Skincare,59.0,luxury,5.0,1,7523,1,1,5.0,1.0,0.0,0.0,100.0,0.0,0.0,1.0,0.0,0.0,0.0,0.0,1,1,Low Review Hidden Gem
P501175,White Ginseng Radiance Refining Mask,Sulwhasoo,Skincare,68.0,luxury,5.0,1,1769,1,1,5.0,1.0,0.0,0.0,100.0,0.0,0.0,1.0,0.0,0.0,0.0,0.0,1,1,Low Review Hidden Gem
P504882,Bye Bye Bumps - Best of Body Kit,First Aid Beauty,Skincare,30.0,mid,5.0,1,921,1,1,5.0,1.0,0.0,0.0,100.0,0.0,0.0,1.0,0.0,0.0,0.0,0.0,1,1,Low Review Hidden Gem
P478270,Big Break Soap Set,Erno Laszlo,Skincare,50.0,premium,5.0,1,655,1,1,5.0,1.0,0.0,0.0,100.0,0.0,0.0,1.0,0.0,0.0,0.0,0.0,1,1,Low Review Hidden Gem
P481993,Abeille Royale Intense Repair Youth Oil in Balm,GUERLAIN,Skincare,235.0,luxury,3.0,1,655,1,1,3.0,0.0,1.0,0.0,0.0,100.0,0.0,0.0,0.0,1.0,0.0,0.0,1,1,Low Satisfaction Product
